PDF URL,MOV URL
"https://www.justice.gov/epstein/files/Court Records/Bryant v. Indyke, No. 119-cv-10479 (S.D.N.Y. 2019)/EFTA02732006.pdf","https://www.justice.gov/epstein/files/Court Records/Bryant v. Indyke, No. 119-cv-10479 (S.D.N.Y. 2019)/EFTA02732006.mov"
"https://www.justice.gov/epstein/files/Court Records/Bryant v. Indyke, No. 119-cv-10479 (S.D.N.Y. 2019)/EFTA02732310.pdf","https://www.justice.gov/epstein/files/Court Records/Bryant v. Indyke, No. 119-cv-10479 (S.D.N.Y. 2019)/EFTA02732310.mov"
"https://www.justice.gov/epstein/files/Court Records/Bryant v. Indyke, No. 119-cv-10479 (S.D.N.Y. 2019)/EFTA02732313.pdf","https://www.justice.gov/epstein/files/Court Records/Bryant v. Indyke, No. 119-cv-10479 (S.D.N.Y. 2019)/EFTA02732313.mov"
"https://www.justice.gov/epstein/files/Court Records/C.L. v. Epstein, No. 910-cv-80447 (S.D. Fla. 2010)/EFTA02732341.pdf","https://www.justice.gov/epstein/files/Court Records/C.L. v. Epstein, No. 910-cv-80447 (S.D. Fla. 2010)/EFTA02732341.mov"
"https://www.justice.gov/epstein/files/Court Records/C.L. v. Epstein, No. 910-cv-80447 (S.D. Fla. 2010)/EFTA02732380.pdf","https://www.justice.gov/epstein/files/Court Records/C.L. v. Epstein, No. 910-cv-80447 (S.D. Fla. 2010)/EFTA02732380.mov"
"https://www.justice.gov/epstein/files/Court Records/CA Florida Holdings, LLC, Publisher of the Palm Beach Post v. Aronberg, No. 50-2019-CA-014681-XXXX-MB (Fla. 15th Cir. Ct. 2019)/EFTA02732800.pdf","https://www.justice.gov/epstein/files/Court Records/CA Florida Holdings, LLC, Publisher of the Palm Beach Post v. Aronberg, No. 50-2019-CA-014681-XXXX-MB (Fla. 15th Cir. Ct. 2019)/EFTA02732800.mov"
"https://www.justice.gov/epstein/files/Court Records/CA Florida Holdings, LLC, Publisher of the Palm Beach Post v. Aronberg, No. 50-2019-CA-014681-XXXX-MB (Fla. 15th Cir. Ct. 2019)/EFTA02734498.pdf","https://www.justice.gov/epstein/files/Court Records/CA Florida Holdings, LLC, Publisher of the Palm Beach Post v. Aronberg, No. 50-2019-CA-014681-XXXX-MB (Fla. 15th Cir. Ct. 2019)/EFTA02734498.mov"
"https://www.justice.gov/epstein/files/Court Records/CA Florida Holdings, LLC, Publisher of the Palm Beach Post v. Aronberg, No. 50-2019-CA-014681-XXXX-MB (Fla. 15th Cir. Ct. 2019)/EFTA02734599.pdf","https://www.justice.gov/epstein/files/Court Records/CA Florida Holdings, LLC, Publisher of the Palm Beach Post v. Aronberg, No. 50-2019-CA-014681-XXXX-MB (Fla. 15th Cir. Ct. 2019)/EFTA02734599.mov"
"https://www.justice.gov/epstein/files/Court Records/CA Florida Holdings, LLC, Publisher of the Palm Beach Post v. Aronberg, No. 50-2019-CA-014681-XXXX-MB (Fla. 15th Cir. Ct. 2019)/EFTA02734608.pdf","https://www.justice.gov/epstein/files/Court Records/CA Florida Holdings, LLC, Publisher of the Palm Beach Post v. Aronberg, No. 50-2019-CA-014681-XXXX-MB (Fla. 15th Cir. Ct. 2019)/EFTA02734608.mov"
"https://www.justice.gov/epstein/files/Court Records/CA Florida Holdings, LLC, Publisher of the Palm Beach Post v. Aronberg, No. 50-2019-CA-014681-XXXX-MB (Fla. 15th Cir. Ct. 2019)/EFTA02734642.pdf","https://www.justice.gov/epstein/files/Court Records/CA Florida Holdings, LLC, Publisher of the Palm Beach Post v. Aronberg, No. 50-2019-CA-014681-XXXX-MB (Fla. 15th Cir. Ct. 2019)/EFTA02734642.mov"
"https://www.justice.gov/epstein/files/Court Records/CA Florida Holdings, LLC, Publisher of the Palm Beach Post v. Aronberg, No. 50-2019-CA-014681-XXXX-MB (Fla. 15th Cir. Ct. 2019)/EFTA02735195.pdf","https://www.justice.gov/epstein/files/Court Records/CA Florida Holdings, LLC, Publisher of the Palm Beach Post v. Aronberg, No. 50-2019-CA-014681-XXXX-MB (Fla. 15th Cir. Ct. 2019)/EFTA02735195.mov"
"https://www.justice.gov/epstein/files/Court Records/CA Florida Holdings, LLC, Publisher of the Palm Beach Post v. Aronberg, No. 50-2019-CA-014681-XXXX-MB (Fla. 15th Cir. Ct. 2019)/EFTA02735196.pdf","https://www.justice.gov/epstein/files/Court Records/CA Florida Holdings, LLC, Publisher of the Palm Beach Post v. Aronberg, No. 50-2019-CA-014681-XXXX-MB (Fla. 15th Cir. Ct. 2019)/EFTA02735196.mov"
"https://www.justice.gov/epstein/files/Court Records/CA Florida Holdings, LLC, Publisher of the Palm Beach Post v. Aronberg, No. 50-2019-CA-014681-XXXX-MB (Fla. 15th Cir. Ct. 2019)/EFTA02735316.pdf","https://www.justice.gov/epstein/files/Court Records/CA Florida Holdings, LLC, Publisher of the Palm Beach Post v. Aronberg, No. 50-2019-CA-014681-XXXX-MB (Fla. 15th Cir. Ct. 2019)/EFTA02735316.mov"
"https://www.justice.gov/epstein/files/Court Records/CA Florida Holdings, LLC, Publisher of the Palm Beach Post v. Aronberg, No. 50-2019-CA-014681-XXXX-MB (Fla. 15th Cir. Ct. 2019)/EFTA02736993.pdf","https://www.justice.gov/epstein/files/Court Records/CA Florida Holdings, LLC, Publisher of the Palm Beach Post v. Aronberg, No. 50-2019-CA-014681-XXXX-MB (Fla. 15th Cir. Ct. 2019)/EFTA02736993.mov"
"https://www.justice.gov/epstein/files/Court Records/Davies v. Indyke, No. 119-cv-10788 (S.D.N.Y. 2019)/EFTA02737261.pdf","https://www.justice.gov/epstein/files/Court Records/Davies v. Indyke, No. 119-cv-10788 (S.D.N.Y. 2019)/EFTA02737261.mov"
"https://www.justice.gov/epstein/files/Court Records/Davies v. Indyke, No. 119-cv-10788 (S.D.N.Y. 2019)/EFTA02737314.pdf","https://www.justice.gov/epstein/files/Court Records/Davies v. Indyke, No. 119-cv-10788 (S.D.N.Y. 2019)/EFTA02737314.mov"
"https://www.justice.gov/epstein/files/Court Records/Davies v. Indyke, No. 119-cv-10788 (S.D.N.Y. 2019)/EFTA02737369.pdf","https://www.justice.gov/epstein/files/Court Records/Davies v. Indyke, No. 119-cv-10788 (S.D.N.Y. 2019)/EFTA02737369.mov"
"https://www.justice.gov/epstein/files/Court Records/Doe 1000 v. Indyke, No. 119-cv-10577 (S.D.N.Y. 2019)/EFTA02737563.pdf","https://www.justice.gov/epstein/files/Court Records/Doe 1000 v. Indyke, No. 119-cv-10577 (S.D.N.Y. 2019)/EFTA02737563.mov"
"https://www.justice.gov/epstein/files/Court Records/Doe 1000 v. Indyke, No. 119-cv-10577 (S.D.N.Y. 2019)/EFTA02737770.pdf","https://www.justice.gov/epstein/files/Court Records/Doe 1000 v. Indyke, No. 119-cv-10577 (S.D.N.Y. 2019)/EFTA02737770.mov"
"https://www.justice.gov/epstein/files/Court Records/Doe 1000 v. Indyke, No. 119-cv-10577 (S.D.N.Y. 2019)/EFTA02737890.pdf","https://www.justice.gov/epstein/files/Court Records/Doe 1000 v. Indyke, No. 119-cv-10577 (S.D.N.Y. 2019)/EFTA02737890.mov"
"https://www.justice.gov/epstein/files/Court Records/Doe 1000 v. Indyke, No. 119-cv-10577 (S.D.N.Y. 2019)/EFTA02737897.pdf","https://www.justice.gov/epstein/files/Court Records/Doe 1000 v. Indyke, No. 119-cv-10577 (S.D.N.Y. 2019)/EFTA02737897.mov"
"https://www.justice.gov/epstein/files/Court Records/Doe 17 v. Indyke, No. 119-cv-09610 (S.D.N.Y. 2019)/EFTA02737936.pdf","https://www.justice.gov/epstein/files/Court Records/Doe 17 v. Indyke, No. 119-cv-09610 (S.D.N.Y. 2019)/EFTA02737936.mov"
"https://www.justice.gov/epstein/files/Court Records/Doe 17 v. Indyke, No. 119-cv-09610 (S.D.N.Y. 2019)/EFTA02738006.pdf","https://www.justice.gov/epstein/files/Court Records/Doe 17 v. Indyke, No. 119-cv-09610 (S.D.N.Y. 2019)/EFTA02738006.mov"
"https://www.justice.gov/epstein/files/Court Records/Doe 17 v. Indyke, No. 119-cv-09610 (S.D.N.Y. 2019)/EFTA02738009.pdf","https://www.justice.gov/epstein/files/Court Records/Doe 17 v. Indyke, No. 119-cv-09610 (S.D.N.Y. 2019)/EFTA02738009.mov"
"https://www.justice.gov/epstein/files/Court Records/Doe 17 v. Indyke, No. 119-cv-09610 (S.D.N.Y. 2019)/EFTA02738044.pdf","https://www.justice.gov/epstein/files/Court Records/Doe 17 v. Indyke, No. 119-cv-09610 (S.D.N.Y. 2019)/EFTA02738044.mov"
"https://www.justice.gov/epstein/files/Court Records/Doe 17 v. Indyke, No. 119-cv-09610 (S.D.N.Y. 2019)/EFTA02738058.pdf","https://www.justice.gov/epstein/files/Court Records/Doe 17 v. Indyke, No. 119-cv-09610 (S.D.N.Y. 2019)/EFTA02738058.mov"
"https://www.justice.gov/epstein/files/Court Records/Doe 17 v. Indyke, No. 119-cv-09610 (S.D.N.Y. 2019)/EFTA02738109.pdf","https://www.justice.gov/epstein/files/Court Records/Doe 17 v. Indyke, No. 119-cv-09610 (S.D.N.Y. 2019)/EFTA02738109.mov"
"https://www.justice.gov/epstein/files/Court Records/Doe No. 101 v. Epstein, No. 909-cv-80591 (S.D. Fla. 2009)/EFTA02738213.pdf","https://www.justice.gov/epstein/files/Court Records/Doe No. 101 v. Epstein, No. 909-cv-80591 (S.D. Fla. 2009)/EFTA02738213.mov"
"https://www.justice.gov/epstein/files/Court Records/Doe No. 101 v. Epstein, No. 909-cv-80591 (S.D. Fla. 2009)/EFTA02738653.pdf","https://www.justice.gov/epstein/files/Court Records/Doe No. 101 v. Epstein, No. 909-cv-80591 (S.D. Fla. 2009)/EFTA02738653.mov"
"https://www.justice.gov/epstein/files/Court Records/Doe No. 101 v. Epstein, No. 909-cv-80591 (S.D. Fla. 2009)/EFTA02738709.pdf","https://www.justice.gov/epstein/files/Court Records/Doe No. 101 v. Epstein, No. 909-cv-80591 (S.D. Fla. 2009)/EFTA02738709.mov"
"https://www.justice.gov/epstein/files/Court Records/Doe No. 101 v. Epstein, No. 909-cv-80591 (S.D. Fla. 2009)/EFTA02738715.pdf","https://www.justice.gov/epstein/files/Court Records/Doe No. 101 v. Epstein, No. 909-cv-80591 (S.D. Fla. 2009)/EFTA02738715.mov"
"https://www.justice.gov/epstein/files/Court Records/Doe No. 102 v. Epstein, No. 909-cv-80656 (S.D. Fla. 2009)/EFTA02739048.pdf","https://www.justice.gov/epstein/files/Court Records/Doe No. 102 v. Epstein, No. 909-cv-80656 (S.D. Fla. 2009)/EFTA02739048.mov"
"https://www.justice.gov/epstein/files/Court Records/Doe No. 102 v. Epstein, No. 909-cv-80656 (S.D. Fla. 2009)/EFTA02739101.pdf","https://www.justice.gov/epstein/files/Court Records/Doe No. 102 v. Epstein, No. 909-cv-80656 (S.D. Fla. 2009)/EFTA02739101.mov"
"https://www.justice.gov/epstein/files/Court Records/Doe No. 102 v. Epstein, No. 909-cv-80656 (S.D. Fla. 2009)/EFTA02739107.pdf","https://www.justice.gov/epstein/files/Court Records/Doe No. 102 v. Epstein, No. 909-cv-80656 (S.D. Fla. 2009)/EFTA02739107.mov"
"https://www.justice.gov/epstein/files/Court Records/Doe No. 103 v. Epstein, No. 910-cv-80309 (S.D. Fla 2010)/EFTA02739164.pdf","https://www.justice.gov/epstein/files/Court Records/Doe No. 103 v. Epstein, No. 910-cv-80309 (S.D. Fla 2010)/EFTA02739164.mov"
"https://www.justice.gov/epstein/files/Court Records/Doe No. 103 v. Epstein, No. 910-cv-80309 (S.D. Fla 2010)/EFTA02739166.pdf","https://www.justice.gov/epstein/files/Court Records/Doe No. 103 v. Epstein, No. 910-cv-80309 (S.D. Fla 2010)/EFTA02739166.mov"
"https://www.justice.gov/epstein/files/Court Records/Doe No. 3 v. Epstein, No. 908-cv-80232 (S.D. Fla. 2008)/EFTA02739237.pdf","https://www.justice.gov/epstein/files/Court Records/Doe No. 3 v. Epstein, No. 908-cv-80232 (S.D. Fla. 2008)/EFTA02739237.mov"
"https://www.justice.gov/epstein/files/Court Records/Doe No. 3 v. Epstein, No. 908-cv-80232 (S.D. Fla. 2008)/EFTA02739305.pdf","https://www.justice.gov/epstein/files/Court Records/Doe No. 3 v. Epstein, No. 908-cv-80232 (S.D. Fla. 2008)/EFTA02739305.mov"
"https://www.justice.gov/epstein/files/Court Records/Doe No. 3 v. Epstein, No. 908-cv-80232 (S.D. Fla. 2008)/EFTA02739544.pdf","https://www.justice.gov/epstein/files/Court Records/Doe No. 3 v. Epstein, No. 908-cv-80232 (S.D. Fla. 2008)/EFTA02739544.mov"
"https://www.justice.gov/epstein/files/Court Records/Doe No. 3 v. Epstein, No. 908-cv-80232 (S.D. Fla. 2008)/EFTA02739605.pdf","https://www.justice.gov/epstein/files/Court Records/Doe No. 3 v. Epstein, No. 908-cv-80232 (S.D. Fla. 2008)/EFTA02739605.mov"
"https://www.justice.gov/epstein/files/Court Records/Doe No. 3 v. Epstein, No. 908-cv-80232 (S.D. Fla. 2008)/EFTA02739606.pdf","https://www.justice.gov/epstein/files/Court Records/Doe No. 3 v. Epstein, No. 908-cv-80232 (S.D. Fla. 2008)/EFTA02739606.mov"
"https://www.justice.gov/epstein/files/Court Records/Doe No. 3 v. Epstein, No. 908-cv-80232 (S.D. Fla. 2008)/EFTA02739659.pdf","https://www.justice.gov/epstein/files/Court Records/Doe No. 3 v. Epstein, No. 908-cv-80232 (S.D. Fla. 2008)/EFTA02739659.mov"
"https://www.justice.gov/epstein/files/Court Records/Doe No. 3 v. Epstein, No. 908-cv-80232 (S.D. Fla. 2008)/EFTA02740086.pdf","https://www.justice.gov/epstein/files/Court Records/Doe No. 3 v. Epstein, No. 908-cv-80232 (S.D. Fla. 2008)/EFTA02740086.mov"
"https://www.justice.gov/epstein/files/Court Records/Doe No. 3 v. Epstein, No. 908-cv-80232 (S.D. Fla. 2008)/EFTA02740179.pdf","https://www.justice.gov/epstein/files/Court Records/Doe No. 3 v. Epstein, No. 908-cv-80232 (S.D. Fla. 2008)/EFTA02740179.mov"
"https://www.justice.gov/epstein/files/Court Records/Doe No. 3 v. Epstein, No. 908-cv-80232 (S.D. Fla. 2008)/EFTA02740214.pdf","https://www.justice.gov/epstein/files/Court Records/Doe No. 3 v. Epstein, No. 908-cv-80232 (S.D. Fla. 2008)/EFTA02740214.mov"
"https://www.justice.gov/epstein/files/Court Records/Doe No. 3 v. Epstein, No. 908-cv-80232 (S.D. Fla. 2008)/EFTA02740220.pdf","https://www.justice.gov/epstein/files/Court Records/Doe No. 3 v. Epstein, No. 908-cv-80232 (S.D. Fla. 2008)/EFTA02740220.mov"
"https://www.justice.gov/epstein/files/Court Records/Doe No. 3 v. Epstein, No. 908-cv-80232 (S.D. Fla. 2008)/EFTA02740334.pdf","https://www.justice.gov/epstein/files/Court Records/Doe No. 3 v. Epstein, No. 908-cv-80232 (S.D. Fla. 2008)/EFTA02740334.mov"
"https://www.justice.gov/epstein/files/Court Records/Doe No. 4 v. Epstein, No. 908-cv-80380 (S.D. Fla. 2008)/EFTA02740348.pdf","https://www.justice.gov/epstein/files/Court Records/Doe No. 4 v. Epstein, No. 908-cv-80380 (S.D. Fla. 2008)/EFTA02740348.mov"
"https://www.justice.gov/epstein/files/Court Records/Doe No. 4 v. Epstein, No. 908-cv-80380 (S.D. Fla. 2008)/EFTA02740448.pdf","https://www.justice.gov/epstein/files/Court Records/Doe No. 4 v. Epstein, No. 908-cv-80380 (S.D. Fla. 2008)/EFTA02740448.mov"
"https://www.justice.gov/epstein/files/Court Records/Doe No. 4 v. Epstein, No. 908-cv-80380 (S.D. Fla. 2008)/EFTA02740634.pdf","https://www.justice.gov/epstein/files/Court Records/Doe No. 4 v. Epstein, No. 908-cv-80380 (S.D. Fla. 2008)/EFTA02740634.mov"
"https://www.justice.gov/epstein/files/Court Records/Doe No. 4 v. Epstein, No. 908-cv-80380 (S.D. Fla. 2008)/EFTA02740687.pdf","https://www.justice.gov/epstein/files/Court Records/Doe No. 4 v. Epstein, No. 908-cv-80380 (S.D. Fla. 2008)/EFTA02740687.mov"
"https://www.justice.gov/epstein/files/Court Records/Doe No. 4 v. Epstein, No. 908-cv-80380 (S.D. Fla. 2008)/EFTA02740750.pdf","https://www.justice.gov/epstein/files/Court Records/Doe No. 4 v. Epstein, No. 908-cv-80380 (S.D. Fla. 2008)/EFTA02740750.mov"
"https://www.justice.gov/epstein/files/Court Records/Doe No. 4 v. Epstein, No. 908-cv-80380 (S.D. Fla. 2008)/EFTA02740803.pdf","https://www.justice.gov/epstein/files/Court Records/Doe No. 4 v. Epstein, No. 908-cv-80380 (S.D. Fla. 2008)/EFTA02740803.mov"
"https://www.justice.gov/epstein/files/Court Records/Doe No. 4 v. Epstein, No. 908-cv-80380 (S.D. Fla. 2008)/EFTA02740843.pdf","https://www.justice.gov/epstein/files/Court Records/Doe No. 4 v. Epstein, No. 908-cv-80380 (S.D. Fla. 2008)/EFTA02740843.mov"
"https://www.justice.gov/epstein/files/Court Records/Doe No. 4 v. Epstein, No. 908-cv-80380 (S.D. Fla. 2008)/EFTA02741245.pdf","https://www.justice.gov/epstein/files/Court Records/Doe No. 4 v. Epstein, No. 908-cv-80380 (S.D. Fla. 2008)/EFTA02741245.mov"
"https://www.justice.gov/epstein/files/Court Records/Doe No. 4 v. Epstein, No. 908-cv-80380 (S.D. Fla. 2008)/EFTA02741326.pdf","https://www.justice.gov/epstein/files/Court Records/Doe No. 4 v. Epstein, No. 908-cv-80380 (S.D. Fla. 2008)/EFTA02741326.mov"
"https://www.justice.gov/epstein/files/Court Records/Doe No. 4 v. Epstein, No. 908-cv-80380 (S.D. Fla. 2008)/EFTA02741328.pdf","https://www.justice.gov/epstein/files/Court Records/Doe No. 4 v. Epstein, No. 908-cv-80380 (S.D. Fla. 2008)/EFTA02741328.mov"
"https://www.justice.gov/epstein/files/Court Records/Doe No. 4 v. Epstein, No. 908-cv-80380 (S.D. Fla. 2008)/EFTA02741375.pdf","https://www.justice.gov/epstein/files/Court Records/Doe No. 4 v. Epstein, No. 908-cv-80380 (S.D. Fla. 2008)/EFTA02741375.mov"
"https://www.justice.gov/epstein/files/Court Records/Doe No. 4 v. Epstein, No. 908-cv-80380 (S.D. Fla. 2008)/EFTA02741484.pdf","https://www.justice.gov/epstein/files/Court Records/Doe No. 4 v. Epstein, No. 908-cv-80380 (S.D. Fla. 2008)/EFTA02741484.mov"
"https://www.justice.gov/epstein/files/Court Records/Doe No. 5 v. Epstein, No. 908-cv-80381 (S.D. Fla. 2008)/EFTA02741498.pdf","https://www.justice.gov/epstein/files/Court Records/Doe No. 5 v. Epstein, No. 908-cv-80381 (S.D. Fla. 2008)/EFTA02741498.mov"
"https://www.justice.gov/epstein/files/Court Records/Doe No. 5 v. Epstein, No. 908-cv-80381 (S.D. Fla. 2008)/EFTA02741597.pdf","https://www.justice.gov/epstein/files/Court Records/Doe No. 5 v. Epstein, No. 908-cv-80381 (S.D. Fla. 2008)/EFTA02741597.mov"
"https://www.justice.gov/epstein/files/Court Records/Doe No. 5 v. Epstein, No. 908-cv-80381 (S.D. Fla. 2008)/EFTA02741783.pdf","https://www.justice.gov/epstein/files/Court Records/Doe No. 5 v. Epstein, No. 908-cv-80381 (S.D. Fla. 2008)/EFTA02741783.mov"
"https://www.justice.gov/epstein/files/Court Records/Doe No. 5 v. Epstein, No. 908-cv-80381 (S.D. Fla. 2008)/EFTA02741835.pdf","https://www.justice.gov/epstein/files/Court Records/Doe No. 5 v. Epstein, No. 908-cv-80381 (S.D. Fla. 2008)/EFTA02741835.mov"
"https://www.justice.gov/epstein/files/Court Records/Doe No. 5 v. Epstein, No. 908-cv-80381 (S.D. Fla. 2008)/EFTA02741897.pdf","https://www.justice.gov/epstein/files/Court Records/Doe No. 5 v. Epstein, No. 908-cv-80381 (S.D. Fla. 2008)/EFTA02741897.mov"
"https://www.justice.gov/epstein/files/Court Records/Doe No. 5 v. Epstein, No. 908-cv-80381 (S.D. Fla. 2008)/EFTA02741900.pdf","https://www.justice.gov/epstein/files/Court Records/Doe No. 5 v. Epstein, No. 908-cv-80381 (S.D. Fla. 2008)/EFTA02741900.mov"
"https://www.justice.gov/epstein/files/Court Records/Doe No. 5 v. Epstein, No. 908-cv-80381 (S.D. Fla. 2008)/EFTA02741950.pdf","https://www.justice.gov/epstein/files/Court Records/Doe No. 5 v. Epstein, No. 908-cv-80381 (S.D. Fla. 2008)/EFTA02741950.mov"
"https://www.justice.gov/epstein/files/Court Records/Doe No. 5 v. Epstein, No. 908-cv-80381 (S.D. Fla. 2008)/EFTA02741974.pdf","https://www.justice.gov/epstein/files/Court Records/Doe No. 5 v. Epstein, No. 908-cv-80381 (S.D. Fla. 2008)/EFTA02741974.mov"
"https://www.justice.gov/epstein/files/Court Records/Doe No. 5 v. Epstein, No. 908-cv-80381 (S.D. Fla. 2008)/EFTA02742353.pdf","https://www.justice.gov/epstein/files/Court Records/Doe No. 5 v. Epstein, No. 908-cv-80381 (S.D. Fla. 2008)/EFTA02742353.mov"
"https://www.justice.gov/epstein/files/Court Records/Doe No. 5 v. Epstein, No. 908-cv-80381 (S.D. Fla. 2008)/EFTA02742434.pdf","https://www.justice.gov/epstein/files/Court Records/Doe No. 5 v. Epstein, No. 908-cv-80381 (S.D. Fla. 2008)/EFTA02742434.mov"
"https://www.justice.gov/epstein/files/Court Records/Doe No. 5 v. Epstein, No. 908-cv-80381 (S.D. Fla. 2008)/EFTA02742436.pdf","https://www.justice.gov/epstein/files/Court Records/Doe No. 5 v. Epstein, No. 908-cv-80381 (S.D. Fla. 2008)/EFTA02742436.mov"
"https://www.justice.gov/epstein/files/Court Records/Doe No. 5 v. Epstein, No. 908-cv-80381 (S.D. Fla. 2008)/EFTA02742471.pdf","https://www.justice.gov/epstein/files/Court Records/Doe No. 5 v. Epstein, No. 908-cv-80381 (S.D. Fla. 2008)/EFTA02742471.mov"
"https://www.justice.gov/epstein/files/Court Records/Doe No. 5 v. Epstein, No. 908-cv-80381 (S.D. Fla. 2008)/EFTA02742477.pdf","https://www.justice.gov/epstein/files/Court Records/Doe No. 5 v. Epstein, No. 908-cv-80381 (S.D. Fla. 2008)/EFTA02742477.mov"
"https://www.justice.gov/epstein/files/Court Records/Doe No. 6 v. Epstein, No. 908-cv-80994 (S.D. Fla. 2008)/EFTA02742605.pdf","https://www.justice.gov/epstein/files/Court Records/Doe No. 6 v. Epstein, No. 908-cv-80994 (S.D. Fla. 2008)/EFTA02742605.mov"
"https://www.justice.gov/epstein/files/Court Records/Doe No. 6 v. Epstein, No. 908-cv-80994 (S.D. Fla. 2008)/EFTA02742680.pdf","https://www.justice.gov/epstein/files/Court Records/Doe No. 6 v. Epstein, No. 908-cv-80994 (S.D. Fla. 2008)/EFTA02742680.mov"
"https://www.justice.gov/epstein/files/Court Records/Doe No. 6 v. Epstein, No. 908-cv-80994 (S.D. Fla. 2008)/EFTA02742681.pdf","https://www.justice.gov/epstein/files/Court Records/Doe No. 6 v. Epstein, No. 908-cv-80994 (S.D. Fla. 2008)/EFTA02742681.mov"
"https://www.justice.gov/epstein/files/Court Records/Doe No. 6 v. Epstein, No. 908-cv-80994 (S.D. Fla. 2008)/EFTA02742723.pdf","https://www.justice.gov/epstein/files/Court Records/Doe No. 6 v. Epstein, No. 908-cv-80994 (S.D. Fla. 2008)/EFTA02742723.mov"
"https://www.justice.gov/epstein/files/Court Records/Doe No. 6 v. Epstein, No. 908-cv-80994 (S.D. Fla. 2008)/EFTA02743170.pdf","https://www.justice.gov/epstein/files/Court Records/Doe No. 6 v. Epstein, No. 908-cv-80994 (S.D. Fla. 2008)/EFTA02743170.mov"
"https://www.justice.gov/epstein/files/Court Records/Doe No. 6 v. Epstein, No. 908-cv-80994 (S.D. Fla. 2008)/EFTA02743176.pdf","https://www.justice.gov/epstein/files/Court Records/Doe No. 6 v. Epstein, No. 908-cv-80994 (S.D. Fla. 2008)/EFTA02743176.mov"
"https://www.justice.gov/epstein/files/Court Records/Doe No. 6 v. Epstein, No. 908-cv-80994 (S.D. Fla. 2008)/EFTA02743291.pdf","https://www.justice.gov/epstein/files/Court Records/Doe No. 6 v. Epstein, No. 908-cv-80994 (S.D. Fla. 2008)/EFTA02743291.mov"
"https://www.justice.gov/epstein/files/Court Records/Doe No. 8 v. Epstein, No. 909-cv-80802 (S.D. Fla. 2009)/EFTA02743387.pdf","https://www.justice.gov/epstein/files/Court Records/Doe No. 8 v. Epstein, No. 909-cv-80802 (S.D. Fla. 2009)/EFTA02743387.mov"
"https://www.justice.gov/epstein/files/Court Records/Doe No. 8 v. Epstein, No. 909-cv-80802 (S.D. Fla. 2009)/EFTA02743402.pdf","https://www.justice.gov/epstein/files/Court Records/Doe No. 8 v. Epstein, No. 909-cv-80802 (S.D. Fla. 2009)/EFTA02743402.mov"
"https://www.justice.gov/epstein/files/Court Records/Doe v. Epstein, No. 908-cv-80119 (S.D. Fla. 2008)/EFTA02743533.pdf","https://www.justice.gov/epstein/files/Court Records/Doe v. Epstein, No. 908-cv-80119 (S.D. Fla. 2008)/EFTA02743533.mov"
"https://www.justice.gov/epstein/files/Court Records/Doe v. Epstein, No. 908-cv-80119 (S.D. Fla. 2008)/EFTA02743544.pdf","https://www.justice.gov/epstein/files/Court Records/Doe v. Epstein, No. 908-cv-80119 (S.D. Fla. 2008)/EFTA02743544.mov"
"https://www.justice.gov/epstein/files/Court Records/Doe v. Epstein, No. 908-cv-80119 (S.D. Fla. 2008)/EFTA02743652.pdf","https://www.justice.gov/epstein/files/Court Records/Doe v. Epstein, No. 908-cv-80119 (S.D. Fla. 2008)/EFTA02743652.mov"
"https://www.justice.gov/epstein/files/Court Records/Doe v. Epstein, No. 908-cv-80119 (S.D. Fla. 2008)/EFTA02743800.pdf","https://www.justice.gov/epstein/files/Court Records/Doe v. Epstein, No. 908-cv-80119 (S.D. Fla. 2008)/EFTA02743800.mov"
"https://www.justice.gov/epstein/files/Court Records/Doe v. Epstein, No. 908-cv-80119 (S.D. Fla. 2008)/EFTA02743839.pdf","https://www.justice.gov/epstein/files/Court Records/Doe v. Epstein, No. 908-cv-80119 (S.D. Fla. 2008)/EFTA02743839.mov"
"https://www.justice.gov/epstein/files/Court Records/Doe v. Epstein, No. 908-cv-80119 (S.D. Fla. 2008)/EFTA02743894.pdf","https://www.justice.gov/epstein/files/Court Records/Doe v. Epstein, No. 908-cv-80119 (S.D. Fla. 2008)/EFTA02743894.mov"
"https://www.justice.gov/epstein/files/Court Records/Doe v. Epstein, No. 908-cv-80119 (S.D. Fla. 2008)/EFTA02743958.pdf","https://www.justice.gov/epstein/files/Court Records/Doe v. Epstein, No. 908-cv-80119 (S.D. Fla. 2008)/EFTA02743958.mov"
"https://www.justice.gov/epstein/files/Court Records/Doe v. Epstein, No. 908-cv-80119 (S.D. Fla. 2008)/EFTA02744013.pdf","https://www.justice.gov/epstein/files/Court Records/Doe v. Epstein, No. 908-cv-80119 (S.D. Fla. 2008)/EFTA02744013.mov"
"https://www.justice.gov/epstein/files/Court Records/Doe v. Epstein, No. 908-cv-80119 (S.D. Fla. 2008)/EFTA02744245.pdf","https://www.justice.gov/epstein/files/Court Records/Doe v. Epstein, No. 908-cv-80119 (S.D. Fla. 2008)/EFTA02744245.mov"
"https://www.justice.gov/epstein/files/Court Records/Doe v. Epstein, No. 908-cv-80119 (S.D. Fla. 2008)/EFTA02744364.pdf","https://www.justice.gov/epstein/files/Court Records/Doe v. Epstein, No. 908-cv-80119 (S.D. Fla. 2008)/EFTA02744364.mov"
"https://www.justice.gov/epstein/files/Court Records/Doe v. Epstein, No. 908-cv-80119 (S.D. Fla. 2008)/EFTA02744368.pdf","https://www.justice.gov/epstein/files/Court Records/Doe v. Epstein, No. 908-cv-80119 (S.D. Fla. 2008)/EFTA02744368.mov"
"https://www.justice.gov/epstein/files/Court Records/Doe v. Epstein, No. 908-cv-80119 (S.D. Fla. 2008)/EFTA02744377.pdf","https://www.justice.gov/epstein/files/Court Records/Doe v. Epstein, No. 908-cv-80119 (S.D. Fla. 2008)/EFTA02744377.mov"
"https://www.justice.gov/epstein/files/Court Records/Doe v. Epstein, No. 908-cv-80119 (S.D. Fla. 2008)/EFTA02744708.pdf","https://www.justice.gov/epstein/files/Court Records/Doe v. Epstein, No. 908-cv-80119 (S.D. Fla. 2008)/EFTA02744708.mov"
"https://www.justice.gov/epstein/files/Court Records/Doe v. Epstein, No. 908-cv-80119 (S.D. Fla. 2008)/EFTA02744739.pdf","https://www.justice.gov/epstein/files/Court Records/Doe v. Epstein, No. 908-cv-80119 (S.D. Fla. 2008)/EFTA02744739.mov"
"https://www.justice.gov/epstein/files/Court Records/Doe v. Epstein, No. 908-cv-80119 (S.D. Fla. 2008)/EFTA02745465.pdf","https://www.justice.gov/epstein/files/Court Records/Doe v. Epstein, No. 908-cv-80119 (S.D. Fla. 2008)/EFTA02745465.mov"
"https://www.justice.gov/epstein/files/Court Records/Doe v. Epstein, No. 908-cv-80119 (S.D. Fla. 2008)/EFTA02745467.pdf","https://www.justice.gov/epstein/files/Court Records/Doe v. Epstein, No. 908-cv-80119 (S.D. Fla. 2008)/EFTA02745467.mov"
"https://www.justice.gov/epstein/files/Court Records/Doe v. Epstein, No. 908-cv-80119 (S.D. Fla. 2008)/EFTA02745496.pdf","https://www.justice.gov/epstein/files/Court Records/Doe v. Epstein, No. 908-cv-80119 (S.D. Fla. 2008)/EFTA02745496.mov"
"https://www.justice.gov/epstein/files/Court Records/Doe v. Epstein, No. 908-cv-80119 (S.D. Fla. 2008)/EFTA02745498.pdf","https://www.justice.gov/epstein/files/Court Records/Doe v. Epstein, No. 908-cv-80119 (S.D. Fla. 2008)/EFTA02745498.mov"
"https://www.justice.gov/epstein/files/Court Records/Doe v. Epstein, No. 908-cv-80119 (S.D. Fla. 2008)/EFTA02745508.pdf","https://www.justice.gov/epstein/files/Court Records/Doe v. Epstein, No. 908-cv-80119 (S.D. Fla. 2008)/EFTA02745508.mov"
"https://www.justice.gov/epstein/files/Court Records/Doe v. Epstein, No. 908-cv-80119 (S.D. Fla. 2008)/EFTA02745554.pdf","https://www.justice.gov/epstein/files/Court Records/Doe v. Epstein, No. 908-cv-80119 (S.D. Fla. 2008)/EFTA02745554.mov"
"https://www.justice.gov/epstein/files/Court Records/Doe v. Epstein, No. 908-cv-80119 (S.D. Fla. 2008)/EFTA02745919.pdf","https://www.justice.gov/epstein/files/Court Records/Doe v. Epstein, No. 908-cv-80119 (S.D. Fla. 2008)/EFTA02745919.mov"
"https://www.justice.gov/epstein/files/Court Records/Doe v. Epstein, No. 908-cv-80119 (S.D. Fla. 2008)/EFTA02745927.pdf","https://www.justice.gov/epstein/files/Court Records/Doe v. Epstein, No. 908-cv-80119 (S.D. Fla. 2008)/EFTA02745927.mov"
"https://www.justice.gov/epstein/files/Court Records/Doe v. Epstein, No. 908-cv-80119 (S.D. Fla. 2008)/EFTA02745945.pdf","https://www.justice.gov/epstein/files/Court Records/Doe v. Epstein, No. 908-cv-80119 (S.D. Fla. 2008)/EFTA02745945.mov"
"https://www.justice.gov/epstein/files/Court Records/Doe v. Epstein, No. 908-cv-80119 (S.D. Fla. 2008)/EFTA02745999.pdf","https://www.justice.gov/epstein/files/Court Records/Doe v. Epstein, No. 908-cv-80119 (S.D. Fla. 2008)/EFTA02745999.mov"
"https://www.justice.gov/epstein/files/Court Records/Doe v. Epstein, No. 908-cv-80119 (S.D. Fla. 2008)/EFTA02746104.pdf","https://www.justice.gov/epstein/files/Court Records/Doe v. Epstein, No. 908-cv-80119 (S.D. Fla. 2008)/EFTA02746104.mov"
"https://www.justice.gov/epstein/files/Court Records/Doe v. Epstein, No. 908-cv-80119 (S.D. Fla. 2008)/EFTA02746347.pdf","https://www.justice.gov/epstein/files/Court Records/Doe v. Epstein, No. 908-cv-80119 (S.D. Fla. 2008)/EFTA02746347.mov"
"https://www.justice.gov/epstein/files/Court Records/Doe v. Epstein, No. 908-cv-80119 (S.D. Fla. 2008)/EFTA02746357.pdf","https://www.justice.gov/epstein/files/Court Records/Doe v. Epstein, No. 908-cv-80119 (S.D. Fla. 2008)/EFTA02746357.mov"
"https://www.justice.gov/epstein/files/Court Records/Doe v. Epstein, No. 908-cv-80119 (S.D. Fla. 2008)/EFTA02746702.pdf","https://www.justice.gov/epstein/files/Court Records/Doe v. Epstein, No. 908-cv-80119 (S.D. Fla. 2008)/EFTA02746702.mov"
"https://www.justice.gov/epstein/files/Court Records/Doe v. Epstein, No. 908-cv-80119 (S.D. Fla. 2008)/EFTA02746719.pdf","https://www.justice.gov/epstein/files/Court Records/Doe v. Epstein, No. 908-cv-80119 (S.D. Fla. 2008)/EFTA02746719.mov"
"https://www.justice.gov/epstein/files/Court Records/Doe v. Epstein, No. 908-cv-80119 (S.D. Fla. 2008)/EFTA02746730.pdf","https://www.justice.gov/epstein/files/Court Records/Doe v. Epstein, No. 908-cv-80119 (S.D. Fla. 2008)/EFTA02746730.mov"
"https://www.justice.gov/epstein/files/Court Records/Doe v. Epstein, No. 908-cv-80119 (S.D. Fla. 2008)/EFTA02746740.pdf","https://www.justice.gov/epstein/files/Court Records/Doe v. Epstein, No. 908-cv-80119 (S.D. Fla. 2008)/EFTA02746740.mov"
"https://www.justice.gov/epstein/files/Court Records/Doe v. Epstein, No. 908-cv-80119 (S.D. Fla. 2008)/EFTA02746778.pdf","https://www.justice.gov/epstein/files/Court Records/Doe v. Epstein, No. 908-cv-80119 (S.D. Fla. 2008)/EFTA02746778.mov"
"https://www.justice.gov/epstein/files/Court Records/Doe v. Epstein, No. 908-cv-80119 (S.D. Fla. 2008)/EFTA02746923.pdf","https://www.justice.gov/epstein/files/Court Records/Doe v. Epstein, No. 908-cv-80119 (S.D. Fla. 2008)/EFTA02746923.mov"
"https://www.justice.gov/epstein/files/Court Records/Doe v. Epstein, No. 908-cv-80119 (S.D. Fla. 2008)/EFTA02747003.pdf","https://www.justice.gov/epstein/files/Court Records/Doe v. Epstein, No. 908-cv-80119 (S.D. Fla. 2008)/EFTA02747003.mov"
"https://www.justice.gov/epstein/files/Court Records/Doe v. Epstein, No. 908-cv-80119 (S.D. Fla. 2008)/EFTA02747105.pdf","https://www.justice.gov/epstein/files/Court Records/Doe v. Epstein, No. 908-cv-80119 (S.D. Fla. 2008)/EFTA02747105.mov"
"https://www.justice.gov/epstein/files/Court Records/Doe v. Epstein, No. 908-cv-80119 (S.D. Fla. 2008)/EFTA02747163.pdf","https://www.justice.gov/epstein/files/Court Records/Doe v. Epstein, No. 908-cv-80119 (S.D. Fla. 2008)/EFTA02747163.mov"
"https://www.justice.gov/epstein/files/Court Records/Doe v. Epstein, No. 908-cv-80119 (S.D. Fla. 2008)/EFTA02747275.pdf","https://www.justice.gov/epstein/files/Court Records/Doe v. Epstein, No. 908-cv-80119 (S.D. Fla. 2008)/EFTA02747275.mov"
"https://www.justice.gov/epstein/files/Court Records/Doe v. Epstein, No. 908-cv-80119 (S.D. Fla. 2008)/EFTA02747282.pdf","https://www.justice.gov/epstein/files/Court Records/Doe v. Epstein, No. 908-cv-80119 (S.D. Fla. 2008)/EFTA02747282.mov"
"https://www.justice.gov/epstein/files/Court Records/Doe v. Epstein, No. 908-cv-80119 (S.D. Fla. 2008)/EFTA02747588.pdf","https://www.justice.gov/epstein/files/Court Records/Doe v. Epstein, No. 908-cv-80119 (S.D. Fla. 2008)/EFTA02747588.mov"
"https://www.justice.gov/epstein/files/Court Records/Doe v. Epstein, No. 908-cv-80119 (S.D. Fla. 2008)/EFTA02747637.pdf","https://www.justice.gov/epstein/files/Court Records/Doe v. Epstein, No. 908-cv-80119 (S.D. Fla. 2008)/EFTA02747637.mov"
"https://www.justice.gov/epstein/files/Court Records/Doe v. Epstein, No. 908-cv-80119 (S.D. Fla. 2008)/EFTA02748114.pdf","https://www.justice.gov/epstein/files/Court Records/Doe v. Epstein, No. 908-cv-80119 (S.D. Fla. 2008)/EFTA02748114.mov"
"https://www.justice.gov/epstein/files/Court Records/Doe v. Epstein, No. 908-cv-80119 (S.D. Fla. 2008)/EFTA02748160.pdf","https://www.justice.gov/epstein/files/Court Records/Doe v. Epstein, No. 908-cv-80119 (S.D. Fla. 2008)/EFTA02748160.mov"
"https://www.justice.gov/epstein/files/Court Records/Doe v. Epstein, No. 908-cv-80119 (S.D. Fla. 2008)/EFTA02748202.pdf","https://www.justice.gov/epstein/files/Court Records/Doe v. Epstein, No. 908-cv-80119 (S.D. Fla. 2008)/EFTA02748202.mov"
"https://www.justice.gov/epstein/files/Court Records/Doe v. Epstein, No. 908-cv-80119 (S.D. Fla. 2008)/EFTA02748230.pdf","https://www.justice.gov/epstein/files/Court Records/Doe v. Epstein, No. 908-cv-80119 (S.D. Fla. 2008)/EFTA02748230.mov"
"https://www.justice.gov/epstein/files/Court Records/Doe v. Epstein, No. 908-cv-80119 (S.D. Fla. 2008)/EFTA02748235.pdf","https://www.justice.gov/epstein/files/Court Records/Doe v. Epstein, No. 908-cv-80119 (S.D. Fla. 2008)/EFTA02748235.mov"
"https://www.justice.gov/epstein/files/Court Records/Doe v. Epstein, No. 908-cv-80119 (S.D. Fla. 2008)/EFTA02748492.pdf","https://www.justice.gov/epstein/files/Court Records/Doe v. Epstein, No. 908-cv-80119 (S.D. Fla. 2008)/EFTA02748492.mov"
"https://www.justice.gov/epstein/files/Court Records/Doe v. Epstein, No. 908-cv-80119 (S.D. Fla. 2008)/EFTA02748505.pdf","https://www.justice.gov/epstein/files/Court Records/Doe v. Epstein, No. 908-cv-80119 (S.D. Fla. 2008)/EFTA02748505.mov"
"https://www.justice.gov/epstein/files/Court Records/Doe v. Epstein, No. 908-cv-80119 (S.D. Fla. 2008)/EFTA02748559.pdf","https://www.justice.gov/epstein/files/Court Records/Doe v. Epstein, No. 908-cv-80119 (S.D. Fla. 2008)/EFTA02748559.mov"
"https://www.justice.gov/epstein/files/Court Records/Doe v. Epstein, No. 908-cv-80119 (S.D. Fla. 2008)/EFTA02748613.pdf","https://www.justice.gov/epstein/files/Court Records/Doe v. Epstein, No. 908-cv-80119 (S.D. Fla. 2008)/EFTA02748613.mov"
"https://www.justice.gov/epstein/files/Court Records/Doe v. Epstein, No. 908-cv-80119 (S.D. Fla. 2008)/EFTA02748614.pdf","https://www.justice.gov/epstein/files/Court Records/Doe v. Epstein, No. 908-cv-80119 (S.D. Fla. 2008)/EFTA02748614.mov"
"https://www.justice.gov/epstein/files/Court Records/Doe v. Epstein, No. 908-cv-80119 (S.D. Fla. 2008)/EFTA02748851.pdf","https://www.justice.gov/epstein/files/Court Records/Doe v. Epstein, No. 908-cv-80119 (S.D. Fla. 2008)/EFTA02748851.mov"
"https://www.justice.gov/epstein/files/Court Records/Doe v. Epstein, No. 908-cv-80119 (S.D. Fla. 2008)/EFTA02748879.pdf","https://www.justice.gov/epstein/files/Court Records/Doe v. Epstein, No. 908-cv-80119 (S.D. Fla. 2008)/EFTA02748879.mov"
"https://www.justice.gov/epstein/files/Court Records/Doe v. Epstein, No. 908-cv-80119 (S.D. Fla. 2008)/EFTA02748913.pdf","https://www.justice.gov/epstein/files/Court Records/Doe v. Epstein, No. 908-cv-80119 (S.D. Fla. 2008)/EFTA02748913.mov"
"https://www.justice.gov/epstein/files/Court Records/Doe v. Epstein, No. 908-cv-80119 (S.D. Fla. 2008)/EFTA02749123.pdf","https://www.justice.gov/epstein/files/Court Records/Doe v. Epstein, No. 908-cv-80119 (S.D. Fla. 2008)/EFTA02749123.mov"
"https://www.justice.gov/epstein/files/Court Records/Doe v. Epstein, No. 908-cv-80119 (S.D. Fla. 2008)/EFTA02749323.pdf","https://www.justice.gov/epstein/files/Court Records/Doe v. Epstein, No. 908-cv-80119 (S.D. Fla. 2008)/EFTA02749323.mov"
"https://www.justice.gov/epstein/files/Court Records/Doe v. Epstein, No. 908-cv-80119 (S.D. Fla. 2008)/EFTA02749419.pdf","https://www.justice.gov/epstein/files/Court Records/Doe v. Epstein, No. 908-cv-80119 (S.D. Fla. 2008)/EFTA02749419.mov"
"https://www.justice.gov/epstein/files/Court Records/Doe v. Epstein, No. 908-cv-80119 (S.D. Fla. 2008)/EFTA02749449.pdf","https://www.justice.gov/epstein/files/Court Records/Doe v. Epstein, No. 908-cv-80119 (S.D. Fla. 2008)/EFTA02749449.mov"
"https://www.justice.gov/epstein/files/Court Records/Doe v. Epstein, No. 908-cv-80119 (S.D. Fla. 2008)/EFTA02749546.pdf","https://www.justice.gov/epstein/files/Court Records/Doe v. Epstein, No. 908-cv-80119 (S.D. Fla. 2008)/EFTA02749546.mov"
"https://www.justice.gov/epstein/files/Court Records/Doe v. Epstein, No. 908-cv-80119 (S.D. Fla. 2008)/EFTA02749794.pdf","https://www.justice.gov/epstein/files/Court Records/Doe v. Epstein, No. 908-cv-80119 (S.D. Fla. 2008)/EFTA02749794.mov"
"https://www.justice.gov/epstein/files/Court Records/Doe v. Epstein, No. 909-v-80469 (S.D. Fla. 2009)/EFTA02750342.pdf","https://www.justice.gov/epstein/files/Court Records/Doe v. Epstein, No. 909-v-80469 (S.D. Fla. 2009)/EFTA02750342.mov"
"https://www.justice.gov/epstein/files/Court Records/Doe v. Epstein, No. 909-v-80469 (S.D. Fla. 2009)/EFTA02750346.pdf","https://www.justice.gov/epstein/files/Court Records/Doe v. Epstein, No. 909-v-80469 (S.D. Fla. 2009)/EFTA02750346.mov"
"https://www.justice.gov/epstein/files/Court Records/Doe v. Epstein, No. 909-v-80469 (S.D. Fla. 2009)/EFTA02750376.pdf","https://www.justice.gov/epstein/files/Court Records/Doe v. Epstein, No. 909-v-80469 (S.D. Fla. 2009)/EFTA02750376.mov"
"https://www.justice.gov/epstein/files/Court Records/Doe v. Epstein, No. 909-v-80469 (S.D. Fla. 2009)/EFTA02750597.pdf","https://www.justice.gov/epstein/files/Court Records/Doe v. Epstein, No. 909-v-80469 (S.D. Fla. 2009)/EFTA02750597.mov"
"https://www.justice.gov/epstein/files/Court Records/Doe v. Epstein, No. 909-v-80469 (S.D. Fla. 2009)/EFTA02750686.pdf","https://www.justice.gov/epstein/files/Court Records/Doe v. Epstein, No. 909-v-80469 (S.D. Fla. 2009)/EFTA02750686.mov"
"https://www.justice.gov/epstein/files/Court Records/Doe v. Epstein, No. 909-v-80469 (S.D. Fla. 2009)/EFTA02750688.pdf","https://www.justice.gov/epstein/files/Court Records/Doe v. Epstein, No. 909-v-80469 (S.D. Fla. 2009)/EFTA02750688.mov"
"https://www.justice.gov/epstein/files/Court Records/Doe v. Epstein, No. 909-v-80469 (S.D. Fla. 2009)/EFTA02750759.pdf","https://www.justice.gov/epstein/files/Court Records/Doe v. Epstein, No. 909-v-80469 (S.D. Fla. 2009)/EFTA02750759.mov"
"https://www.justice.gov/epstein/files/Court Records/Doe v. Epstein, No. 909-v-80469 (S.D. Fla. 2009)/EFTA02750765.pdf","https://www.justice.gov/epstein/files/Court Records/Doe v. Epstein, No. 909-v-80469 (S.D. Fla. 2009)/EFTA02750765.mov"
"https://www.justice.gov/epstein/files/Court Records/Doe v. Epstein, No. 909-v-80469 (S.D. Fla. 2009)/EFTA02750777.pdf","https://www.justice.gov/epstein/files/Court Records/Doe v. Epstein, No. 909-v-80469 (S.D. Fla. 2009)/EFTA02750777.mov"
"https://www.justice.gov/epstein/files/Court Records/Doe v. Indyke, No. 119-cv-08673 (S.D.N.Y. 2019)/EFTA02750841.pdf","https://www.justice.gov/epstein/files/Court Records/Doe v. Indyke, No. 119-cv-08673 (S.D.N.Y. 2019)/EFTA02750841.mov"
"https://www.justice.gov/epstein/files/Court Records/Doe v. Indyke, No. 119-cv-08673 (S.D.N.Y. 2019)/EFTA02750874.pdf","https://www.justice.gov/epstein/files/Court Records/Doe v. Indyke, No. 119-cv-08673 (S.D.N.Y. 2019)/EFTA02750874.mov"
"https://www.justice.gov/epstein/files/Court Records/Doe v. Indyke, No. 119-cv-08673 (S.D.N.Y. 2019)/EFTA02751128.pdf","https://www.justice.gov/epstein/files/Court Records/Doe v. Indyke, No. 119-cv-08673 (S.D.N.Y. 2019)/EFTA02751128.mov"
"https://www.justice.gov/epstein/files/Court Records/Doe v. Indyke, No. 119-cv-08673 (S.D.N.Y. 2019)/EFTA02751158.pdf","https://www.justice.gov/epstein/files/Court Records/Doe v. Indyke, No. 119-cv-08673 (S.D.N.Y. 2019)/EFTA02751158.mov"
"https://www.justice.gov/epstein/files/Court Records/Doe v. Indyke, No. 119-cv-08673 (S.D.N.Y. 2019)/EFTA02751243.pdf","https://www.justice.gov/epstein/files/Court Records/Doe v. Indyke, No. 119-cv-08673 (S.D.N.Y. 2019)/EFTA02751243.mov"
"https://www.justice.gov/epstein/files/Court Records/Doe v. Indyke, No. 119-cv-11869 (S.D.N.Y. 2019)/EFTA02751727.pdf","https://www.justice.gov/epstein/files/Court Records/Doe v. Indyke, No. 119-cv-11869 (S.D.N.Y. 2019)/EFTA02751727.mov"
"https://www.justice.gov/epstein/files/Court Records/Doe v. Indyke, No. 119-cv-11869 (S.D.N.Y. 2019)/EFTA02751794.pdf","https://www.justice.gov/epstein/files/Court Records/Doe v. Indyke, No. 119-cv-11869 (S.D.N.Y. 2019)/EFTA02751794.mov"
"https://www.justice.gov/epstein/files/Court Records/Doe v. Indyke, No. 119-cv-11869 (S.D.N.Y. 2019)/EFTA02751796.pdf","https://www.justice.gov/epstein/files/Court Records/Doe v. Indyke, No. 119-cv-11869 (S.D.N.Y. 2019)/EFTA02751796.mov"
"https://www.justice.gov/epstein/files/Court Records/Doe v. Indyke, No. 120-cv-00484 (S.D.N.Y. 2020)/EFTA02751920.pdf","https://www.justice.gov/epstein/files/Court Records/Doe v. Indyke, No. 120-cv-00484 (S.D.N.Y. 2020)/EFTA02751920.mov"
"https://www.justice.gov/epstein/files/Court Records/Doe v. Indyke, No. 120-cv-00484 (S.D.N.Y. 2020)/EFTA02752115.pdf","https://www.justice.gov/epstein/files/Court Records/Doe v. Indyke, No. 120-cv-00484 (S.D.N.Y. 2020)/EFTA02752115.mov"
"https://www.justice.gov/epstein/files/Court Records/Doe v. Indyke, No. 120-cv-00484 (S.D.N.Y. 2020)/EFTA02752186.pdf","https://www.justice.gov/epstein/files/Court Records/Doe v. Indyke, No. 120-cv-00484 (S.D.N.Y. 2020)/EFTA02752186.mov"
"https://www.justice.gov/epstein/files/Court Records/Doe v. Indyke, No. 120-cv-00484 (S.D.N.Y. 2020)/EFTA02752271.pdf","https://www.justice.gov/epstein/files/Court Records/Doe v. Indyke, No. 120-cv-00484 (S.D.N.Y. 2020)/EFTA02752271.mov"
"https://www.justice.gov/epstein/files/Court Records/Doe v. Indyke, No. 120-cv-00484 (S.D.N.Y. 2020)/EFTA02752273.pdf","https://www.justice.gov/epstein/files/Court Records/Doe v. Indyke, No. 120-cv-00484 (S.D.N.Y. 2020)/EFTA02752273.mov"
"https://www.justice.gov/epstein/files/Court Records/Doe v. Indyke, No. 120-cv-00484 (S.D.N.Y. 2020)/EFTA02752322.pdf","https://www.justice.gov/epstein/files/Court Records/Doe v. Indyke, No. 120-cv-00484 (S.D.N.Y. 2020)/EFTA02752322.mov"
"https://www.justice.gov/epstein/files/Court Records/Doe v. Indyke, No. 120-cv-00484 (S.D.N.Y. 2020)/EFTA02752335.pdf","https://www.justice.gov/epstein/files/Court Records/Doe v. Indyke, No. 120-cv-00484 (S.D.N.Y. 2020)/EFTA02752335.mov"
"https://www.justice.gov/epstein/files/Court Records/Doe v. Indyke, No. 120-cv-02365 (S.D.N.Y. 2020)/EFTA02752594.pdf","https://www.justice.gov/epstein/files/Court Records/Doe v. Indyke, No. 120-cv-02365 (S.D.N.Y. 2020)/EFTA02752594.mov"
"https://www.justice.gov/epstein/files/Court Records/Doe v. Indyke, No. 120-cv-02365 (S.D.N.Y. 2020)/EFTA02752609.pdf","https://www.justice.gov/epstein/files/Court Records/Doe v. Indyke, No. 120-cv-02365 (S.D.N.Y. 2020)/EFTA02752609.mov"
"https://www.justice.gov/epstein/files/Court Records/Doe v. Indyke, No. 120-cv-02365 (S.D.N.Y. 2020)/EFTA02752626.pdf","https://www.justice.gov/epstein/files/Court Records/Doe v. Indyke, No. 120-cv-02365 (S.D.N.Y. 2020)/EFTA02752626.mov"
"https://www.justice.gov/epstein/files/Court Records/Doe v. United States, No. 908-cv-80736 (S.D. Fla. 2008)/EFTA02752700.pdf","https://www.justice.gov/epstein/files/Court Records/Doe v. United States, No. 908-cv-80736 (S.D. Fla. 2008)/EFTA02752700.mov"
"https://www.justice.gov/epstein/files/Court Records/Doe v. United States, No. 908-cv-80736 (S.D. Fla. 2008)/EFTA02752797.pdf","https://www.justice.gov/epstein/files/Court Records/Doe v. United States, No. 908-cv-80736 (S.D. Fla. 2008)/EFTA02752797.mov"
"https://www.justice.gov/epstein/files/Court Records/Doe v. United States, No. 908-cv-80736 (S.D. Fla. 2008)/EFTA02752905.pdf","https://www.justice.gov/epstein/files/Court Records/Doe v. United States, No. 908-cv-80736 (S.D. Fla. 2008)/EFTA02752905.mov"
"https://www.justice.gov/epstein/files/Court Records/Doe v. United States, No. 908-cv-80736 (S.D. Fla. 2008)/EFTA02752939.pdf","https://www.justice.gov/epstein/files/Court Records/Doe v. United States, No. 908-cv-80736 (S.D. Fla. 2008)/EFTA02752939.mov"
"https://www.justice.gov/epstein/files/Court Records/Doe v. United States, No. 908-cv-80736 (S.D. Fla. 2008)/EFTA02752942.pdf","https://www.justice.gov/epstein/files/Court Records/Doe v. United States, No. 908-cv-80736 (S.D. Fla. 2008)/EFTA02752942.mov"
"https://www.justice.gov/epstein/files/Court Records/Doe v. United States, No. 908-cv-80736 (S.D. Fla. 2008)/EFTA02752966.pdf","https://www.justice.gov/epstein/files/Court Records/Doe v. United States, No. 908-cv-80736 (S.D. Fla. 2008)/EFTA02752966.mov"
"https://www.justice.gov/epstein/files/Court Records/Doe v. United States, No. 908-cv-80736 (S.D. Fla. 2008)/EFTA02753388.pdf","https://www.justice.gov/epstein/files/Court Records/Doe v. United States, No. 908-cv-80736 (S.D. Fla. 2008)/EFTA02753388.mov"
"https://www.justice.gov/epstein/files/Court Records/Doe v. United States, No. 908-cv-80736 (S.D. Fla. 2008)/EFTA02753401.pdf","https://www.justice.gov/epstein/files/Court Records/Doe v. United States, No. 908-cv-80736 (S.D. Fla. 2008)/EFTA02753401.mov"
"https://www.justice.gov/epstein/files/Court Records/Doe v. United States, No. 908-cv-80736 (S.D. Fla. 2008)/EFTA02753484.pdf","https://www.justice.gov/epstein/files/Court Records/Doe v. United States, No. 908-cv-80736 (S.D. Fla. 2008)/EFTA02753484.mov"
"https://www.justice.gov/epstein/files/Court Records/Doe v. United States, No. 908-cv-80736 (S.D. Fla. 2008)/EFTA02753827.pdf","https://www.justice.gov/epstein/files/Court Records/Doe v. United States, No. 908-cv-80736 (S.D. Fla. 2008)/EFTA02753827.mov"
"https://www.justice.gov/epstein/files/Court Records/Doe v. United States, No. 908-cv-80736 (S.D. Fla. 2008)/EFTA02754052.pdf","https://www.justice.gov/epstein/files/Court Records/Doe v. United States, No. 908-cv-80736 (S.D. Fla. 2008)/EFTA02754052.mov"
"https://www.justice.gov/epstein/files/Court Records/Doe v. United States, No. 908-cv-80736 (S.D. Fla. 2008)/EFTA02754612.pdf","https://www.justice.gov/epstein/files/Court Records/Doe v. United States, No. 908-cv-80736 (S.D. Fla. 2008)/EFTA02754612.mov"
"https://www.justice.gov/epstein/files/Court Records/Doe v. United States, No. 908-cv-80736 (S.D. Fla. 2008)/EFTA02754640.pdf","https://www.justice.gov/epstein/files/Court Records/Doe v. United States, No. 908-cv-80736 (S.D. Fla. 2008)/EFTA02754640.mov"
"https://www.justice.gov/epstein/files/Court Records/Doe v. United States, No. 908-cv-80736 (S.D. Fla. 2008)/EFTA02754664.pdf","https://www.justice.gov/epstein/files/Court Records/Doe v. United States, No. 908-cv-80736 (S.D. Fla. 2008)/EFTA02754664.mov"
"https://www.justice.gov/epstein/files/Court Records/Doe v. United States, No. 908-cv-80736 (S.D. Fla. 2008)/EFTA02754742.pdf","https://www.justice.gov/epstein/files/Court Records/Doe v. United States, No. 908-cv-80736 (S.D. Fla. 2008)/EFTA02754742.mov"
"https://www.justice.gov/epstein/files/Court Records/Doe v. United States, No. 908-cv-80736 (S.D. Fla. 2008)/EFTA02754748.pdf","https://www.justice.gov/epstein/files/Court Records/Doe v. United States, No. 908-cv-80736 (S.D. Fla. 2008)/EFTA02754748.mov"
"https://www.justice.gov/epstein/files/Court Records/Doe v. United States, No. 908-cv-80736 (S.D. Fla. 2008)/EFTA02755197.pdf","https://www.justice.gov/epstein/files/Court Records/Doe v. United States, No. 908-cv-80736 (S.D. Fla. 2008)/EFTA02755197.mov"
"https://www.justice.gov/epstein/files/Court Records/Doe v. United States, No. 908-cv-80736 (S.D. Fla. 2008)/EFTA02755378.pdf","https://www.justice.gov/epstein/files/Court Records/Doe v. United States, No. 908-cv-80736 (S.D. Fla. 2008)/EFTA02755378.mov"
"https://www.justice.gov/epstein/files/Court Records/Doe v. United States, No. 908-cv-80736 (S.D. Fla. 2008)/EFTA02755396.pdf","https://www.justice.gov/epstein/files/Court Records/Doe v. United States, No. 908-cv-80736 (S.D. Fla. 2008)/EFTA02755396.mov"
"https://www.justice.gov/epstein/files/Court Records/Doe v. United States, No. 908-cv-80736 (S.D. Fla. 2008)/EFTA02755398.pdf","https://www.justice.gov/epstein/files/Court Records/Doe v. United States, No. 908-cv-80736 (S.D. Fla. 2008)/EFTA02755398.mov"
"https://www.justice.gov/epstein/files/Court Records/Doe v. United States, No. 908-cv-80736 (S.D. Fla. 2008)/EFTA02755493.pdf","https://www.justice.gov/epstein/files/Court Records/Doe v. United States, No. 908-cv-80736 (S.D. Fla. 2008)/EFTA02755493.mov"
"https://www.justice.gov/epstein/files/Court Records/Doe v. United States, No. 908-cv-80736 (S.D. Fla. 2008)/EFTA02756112.pdf","https://www.justice.gov/epstein/files/Court Records/Doe v. United States, No. 908-cv-80736 (S.D. Fla. 2008)/EFTA02756112.mov"
"https://www.justice.gov/epstein/files/Court Records/Doe v. United States, No. 908-cv-80736 (S.D. Fla. 2008)/EFTA02756120.pdf","https://www.justice.gov/epstein/files/Court Records/Doe v. United States, No. 908-cv-80736 (S.D. Fla. 2008)/EFTA02756120.mov"
"https://www.justice.gov/epstein/files/Court Records/Doe v. United States, No. 908-cv-80736 (S.D. Fla. 2008)/EFTA02756129.pdf","https://www.justice.gov/epstein/files/Court Records/Doe v. United States, No. 908-cv-80736 (S.D. Fla. 2008)/EFTA02756129.mov"
"https://www.justice.gov/epstein/files/Court Records/Doe v. United States, No. 908-cv-80736 (S.D. Fla. 2008)/EFTA02756141.pdf","https://www.justice.gov/epstein/files/Court Records/Doe v. United States, No. 908-cv-80736 (S.D. Fla. 2008)/EFTA02756141.mov"
"https://www.justice.gov/epstein/files/Court Records/Doe v. United States, No. 908-cv-80736 (S.D. Fla. 2008)/EFTA02756178.pdf","https://www.justice.gov/epstein/files/Court Records/Doe v. United States, No. 908-cv-80736 (S.D. Fla. 2008)/EFTA02756178.mov"
"https://www.justice.gov/epstein/files/Court Records/Doe v. United States, No. 908-cv-80736 (S.D. Fla. 2008)/EFTA02756198.pdf","https://www.justice.gov/epstein/files/Court Records/Doe v. United States, No. 908-cv-80736 (S.D. Fla. 2008)/EFTA02756198.mov"
"https://www.justice.gov/epstein/files/Court Records/Doe v. United States, No. 908-cv-80736 (S.D. Fla. 2008)/EFTA02756216.pdf","https://www.justice.gov/epstein/files/Court Records/Doe v. United States, No. 908-cv-80736 (S.D. Fla. 2008)/EFTA02756216.mov"
"https://www.justice.gov/epstein/files/Court Records/Doe v. United States, No. 908-cv-80736 (S.D. Fla. 2008)/EFTA02756411.pdf","https://www.justice.gov/epstein/files/Court Records/Doe v. United States, No. 908-cv-80736 (S.D. Fla. 2008)/EFTA02756411.mov"
"https://www.justice.gov/epstein/files/Court Records/Doe v. United States, No. 908-cv-80736 (S.D. Fla. 2008)/EFTA02756414.pdf","https://www.justice.gov/epstein/files/Court Records/Doe v. United States, No. 908-cv-80736 (S.D. Fla. 2008)/EFTA02756414.mov"
"https://www.justice.gov/epstein/files/Court Records/Doe v. United States, No. 908-cv-80736 (S.D. Fla. 2008)/EFTA02756442.pdf","https://www.justice.gov/epstein/files/Court Records/Doe v. United States, No. 908-cv-80736 (S.D. Fla. 2008)/EFTA02756442.mov"
"https://www.justice.gov/epstein/files/Court Records/Doe v. United States, No. 908-cv-80736 (S.D. Fla. 2008)/EFTA02756447.pdf","https://www.justice.gov/epstein/files/Court Records/Doe v. United States, No. 908-cv-80736 (S.D. Fla. 2008)/EFTA02756447.mov"
"https://www.justice.gov/epstein/files/Court Records/Doe v. United States, No. 908-cv-80736 (S.D. Fla. 2008)/EFTA02756487.pdf","https://www.justice.gov/epstein/files/Court Records/Doe v. United States, No. 908-cv-80736 (S.D. Fla. 2008)/EFTA02756487.mov"
"https://www.justice.gov/epstein/files/Court Records/Doe v. United States, No. 908-cv-80736 (S.D. Fla. 2008)/EFTA02756504.pdf","https://www.justice.gov/epstein/files/Court Records/Doe v. United States, No. 908-cv-80736 (S.D. Fla. 2008)/EFTA02756504.mov"
"https://www.justice.gov/epstein/files/Court Records/Doe v. United States, No. 908-cv-80736 (S.D. Fla. 2008)/EFTA02756511.pdf","https://www.justice.gov/epstein/files/Court Records/Doe v. United States, No. 908-cv-80736 (S.D. Fla. 2008)/EFTA02756511.mov"
"https://www.justice.gov/epstein/files/Court Records/Doe v. United States, No. 908-cv-80736 (S.D. Fla. 2008)/EFTA02756576.pdf","https://www.justice.gov/epstein/files/Court Records/Doe v. United States, No. 908-cv-80736 (S.D. Fla. 2008)/EFTA02756576.mov"
"https://www.justice.gov/epstein/files/Court Records/Doe v. United States, No. 908-cv-80736 (S.D. Fla. 2008)/EFTA02756680.pdf","https://www.justice.gov/epstein/files/Court Records/Doe v. United States, No. 908-cv-80736 (S.D. Fla. 2008)/EFTA02756680.mov"
"https://www.justice.gov/epstein/files/Court Records/Doe v. United States, No. 908-cv-80736 (S.D. Fla. 2008)/EFTA02756687.pdf","https://www.justice.gov/epstein/files/Court Records/Doe v. United States, No. 908-cv-80736 (S.D. Fla. 2008)/EFTA02756687.mov"
"https://www.justice.gov/epstein/files/Court Records/Doe v. United States, No. 908-cv-80736 (S.D. Fla. 2008)/EFTA02756693.pdf","https://www.justice.gov/epstein/files/Court Records/Doe v. United States, No. 908-cv-80736 (S.D. Fla. 2008)/EFTA02756693.mov"
"https://www.justice.gov/epstein/files/Court Records/Doe v. United States, No. 908-cv-80736 (S.D. Fla. 2008)/EFTA02756725.pdf","https://www.justice.gov/epstein/files/Court Records/Doe v. United States, No. 908-cv-80736 (S.D. Fla. 2008)/EFTA02756725.mov"
"https://www.justice.gov/epstein/files/Court Records/Doe v. United States, No. 908-cv-80736 (S.D. Fla. 2008)/EFTA02756727.pdf","https://www.justice.gov/epstein/files/Court Records/Doe v. United States, No. 908-cv-80736 (S.D. Fla. 2008)/EFTA02756727.mov"
"https://www.justice.gov/epstein/files/Court Records/Doe v. United States, No. 908-cv-80736 (S.D. Fla. 2008)/EFTA02756779.pdf","https://www.justice.gov/epstein/files/Court Records/Doe v. United States, No. 908-cv-80736 (S.D. Fla. 2008)/EFTA02756779.mov"
"https://www.justice.gov/epstein/files/Court Records/Doe v. United States, No. 908-cv-80736 (S.D. Fla. 2008)/EFTA02756833.pdf","https://www.justice.gov/epstein/files/Court Records/Doe v. United States, No. 908-cv-80736 (S.D. Fla. 2008)/EFTA02756833.mov"
"https://www.justice.gov/epstein/files/Court Records/Doe v. United States, No. 908-cv-80736 (S.D. Fla. 2008)/EFTA02756835.pdf","https://www.justice.gov/epstein/files/Court Records/Doe v. United States, No. 908-cv-80736 (S.D. Fla. 2008)/EFTA02756835.mov"
"https://www.justice.gov/epstein/files/Court Records/Doe v. United States, No. 908-cv-80736 (S.D. Fla. 2008)/EFTA02756842.pdf","https://www.justice.gov/epstein/files/Court Records/Doe v. United States, No. 908-cv-80736 (S.D. Fla. 2008)/EFTA02756842.mov"
"https://www.justice.gov/epstein/files/Court Records/Doe v. United States, No. 908-cv-80736 (S.D. Fla. 2008)/EFTA02756845.pdf","https://www.justice.gov/epstein/files/Court Records/Doe v. United States, No. 908-cv-80736 (S.D. Fla. 2008)/EFTA02756845.mov"
"https://www.justice.gov/epstein/files/Court Records/Doe v. United States, No. 908-cv-80736 (S.D. Fla. 2008)/EFTA02756902.pdf","https://www.justice.gov/epstein/files/Court Records/Doe v. United States, No. 908-cv-80736 (S.D. Fla. 2008)/EFTA02756902.mov"
"https://www.justice.gov/epstein/files/Court Records/Doe v. United States, No. 908-cv-80736 (S.D. Fla. 2008)/EFTA02756912.pdf","https://www.justice.gov/epstein/files/Court Records/Doe v. United States, No. 908-cv-80736 (S.D. Fla. 2008)/EFTA02756912.mov"
"https://www.justice.gov/epstein/files/Court Records/Doe v. United States, No. 908-cv-80736 (S.D. Fla. 2008)/EFTA02756964.pdf","https://www.justice.gov/epstein/files/Court Records/Doe v. United States, No. 908-cv-80736 (S.D. Fla. 2008)/EFTA02756964.mov"
"https://www.justice.gov/epstein/files/Court Records/Doe v. United States, No. 908-cv-80736 (S.D. Fla. 2008)/EFTA02757011.pdf","https://www.justice.gov/epstein/files/Court Records/Doe v. United States, No. 908-cv-80736 (S.D. Fla. 2008)/EFTA02757011.mov"
"https://www.justice.gov/epstein/files/Court Records/Doe v. United States, No. 908-cv-80736 (S.D. Fla. 2008)/EFTA02757015.pdf","https://www.justice.gov/epstein/files/Court Records/Doe v. United States, No. 908-cv-80736 (S.D. Fla. 2008)/EFTA02757015.mov"
"https://www.justice.gov/epstein/files/Court Records/Doe v. United States, No. 908-cv-80736 (S.D. Fla. 2008)/EFTA02757021.pdf","https://www.justice.gov/epstein/files/Court Records/Doe v. United States, No. 908-cv-80736 (S.D. Fla. 2008)/EFTA02757021.mov"
"https://www.justice.gov/epstein/files/Court Records/Doe v. United States, No. 908-cv-80736 (S.D. Fla. 2008)/EFTA02757025.pdf","https://www.justice.gov/epstein/files/Court Records/Doe v. United States, No. 908-cv-80736 (S.D. Fla. 2008)/EFTA02757025.mov"
"https://www.justice.gov/epstein/files/Court Records/Doe v. United States, No. 908-cv-80736 (S.D. Fla. 2008)/EFTA02757035.pdf","https://www.justice.gov/epstein/files/Court Records/Doe v. United States, No. 908-cv-80736 (S.D. Fla. 2008)/EFTA02757035.mov"
"https://www.justice.gov/epstein/files/Court Records/Doe v. United States, No. 908-cv-80736 (S.D. Fla. 2008)/EFTA02757321.pdf","https://www.justice.gov/epstein/files/Court Records/Doe v. United States, No. 908-cv-80736 (S.D. Fla. 2008)/EFTA02757321.mov"
"https://www.justice.gov/epstein/files/Court Records/Doe v. United States, No. 908-cv-80736 (S.D. Fla. 2008)/EFTA02757444.pdf","https://www.justice.gov/epstein/files/Court Records/Doe v. United States, No. 908-cv-80736 (S.D. Fla. 2008)/EFTA02757444.mov"
"https://www.justice.gov/epstein/files/Court Records/Doe v. United States, No. 908-cv-80736 (S.D. Fla. 2008)/EFTA02757717.pdf","https://www.justice.gov/epstein/files/Court Records/Doe v. United States, No. 908-cv-80736 (S.D. Fla. 2008)/EFTA02757717.mov"
"https://www.justice.gov/epstein/files/Court Records/Doe v. United States, No. 908-cv-80736 (S.D. Fla. 2008)/EFTA02758033.pdf","https://www.justice.gov/epstein/files/Court Records/Doe v. United States, No. 908-cv-80736 (S.D. Fla. 2008)/EFTA02758033.mov"
"https://www.justice.gov/epstein/files/Court Records/Doe v. United States, No. 908-cv-80736 (S.D. Fla. 2008)/EFTA02758132.pdf","https://www.justice.gov/epstein/files/Court Records/Doe v. United States, No. 908-cv-80736 (S.D. Fla. 2008)/EFTA02758132.mov"
"https://www.justice.gov/epstein/files/Court Records/Doe v. United States, No. 908-cv-80736 (S.D. Fla. 2008)/EFTA02758229.pdf","https://www.justice.gov/epstein/files/Court Records/Doe v. United States, No. 908-cv-80736 (S.D. Fla. 2008)/EFTA02758229.mov"
"https://www.justice.gov/epstein/files/Court Records/Doe v. United States, No. 908-cv-80736 (S.D. Fla. 2008)/EFTA02758485.pdf","https://www.justice.gov/epstein/files/Court Records/Doe v. United States, No. 908-cv-80736 (S.D. Fla. 2008)/EFTA02758485.mov"
"https://www.justice.gov/epstein/files/Court Records/Edwards v. Maxwell, No. 117-mc-00025 (S.D.N.Y. 2016)/EFTA02758663.pdf","https://www.justice.gov/epstein/files/Court Records/Edwards v. Maxwell, No. 117-mc-00025 (S.D.N.Y. 2016)/EFTA02758663.mov"
"https://www.justice.gov/epstein/files/Court Records/Edwards v. Maxwell, No. 117-mc-00025 (S.D.N.Y. 2016)/EFTA02758734.pdf","https://www.justice.gov/epstein/files/Court Records/Edwards v. Maxwell, No. 117-mc-00025 (S.D.N.Y. 2016)/EFTA02758734.mov"
"https://www.justice.gov/epstein/files/Court Records/Edwards v. Maxwell, No. 117-mc-00025 (S.D.N.Y. 2016)/EFTA02758762.pdf","https://www.justice.gov/epstein/files/Court Records/Edwards v. Maxwell, No. 117-mc-00025 (S.D.N.Y. 2016)/EFTA02758762.mov"
"https://www.justice.gov/epstein/files/Court Records/Edwards v. Maxwell, No. 117-mc-00025 (S.D.N.Y. 2016)/EFTA02758885.pdf","https://www.justice.gov/epstein/files/Court Records/Edwards v. Maxwell, No. 117-mc-00025 (S.D.N.Y. 2016)/EFTA02758885.mov"
"https://www.justice.gov/epstein/files/Court Records/Edwards v. Maxwell, No. 117-mc-00025 (S.D.N.Y. 2016)/EFTA02758888.pdf","https://www.justice.gov/epstein/files/Court Records/Edwards v. Maxwell, No. 117-mc-00025 (S.D.N.Y. 2016)/EFTA02758888.mov"
"https://www.justice.gov/epstein/files/Court Records/Edwards v. Maxwell, No. 117-mc-00025 (S.D.N.Y. 2016)/EFTA02758892.pdf","https://www.justice.gov/epstein/files/Court Records/Edwards v. Maxwell, No. 117-mc-00025 (S.D.N.Y. 2016)/EFTA02758892.mov"
"https://www.justice.gov/epstein/files/Court Records/Edwards v. Maxwell, No. 117-mc-00025 (S.D.N.Y. 2016)/EFTA02758960.pdf","https://www.justice.gov/epstein/files/Court Records/Edwards v. Maxwell, No. 117-mc-00025 (S.D.N.Y. 2016)/EFTA02758960.mov"
"https://www.justice.gov/epstein/files/Court Records/Edwards v. Maxwell, No. 117-mc-00025 (S.D.N.Y. 2016)/EFTA02759096.pdf","https://www.justice.gov/epstein/files/Court Records/Edwards v. Maxwell, No. 117-mc-00025 (S.D.N.Y. 2016)/EFTA02759096.mov"
"https://www.justice.gov/epstein/files/Court Records/Epstein v. Rothstein, No. 50-2009-CA-040800-XXXX-MB (Fla. 15th Cir. Ct. 2009)/EFTA02759558.pdf","https://www.justice.gov/epstein/files/Court Records/Epstein v. Rothstein, No. 50-2009-CA-040800-XXXX-MB (Fla. 15th Cir. Ct. 2009)/EFTA02759558.mov"
"https://www.justice.gov/epstein/files/Court Records/Epstein v. Rothstein, No. 50-2009-CA-040800-XXXX-MB (Fla. 15th Cir. Ct. 2009)/EFTA02759979.pdf","https://www.justice.gov/epstein/files/Court Records/Epstein v. Rothstein, No. 50-2009-CA-040800-XXXX-MB (Fla. 15th Cir. Ct. 2009)/EFTA02759979.mov"
"https://www.justice.gov/epstein/files/Court Records/Epstein v. Rothstein, No. 50-2009-CA-040800-XXXX-MB (Fla. 15th Cir. Ct. 2009)/EFTA02760018.pdf","https://www.justice.gov/epstein/files/Court Records/Epstein v. Rothstein, No. 50-2009-CA-040800-XXXX-MB (Fla. 15th Cir. Ct. 2009)/EFTA02760018.mov"
"https://www.justice.gov/epstein/files/Court Records/Epstein v. Rothstein, No. 50-2009-CA-040800-XXXX-MB (Fla. 15th Cir. Ct. 2009)/EFTA02760104.pdf","https://www.justice.gov/epstein/files/Court Records/Epstein v. Rothstein, No. 50-2009-CA-040800-XXXX-MB (Fla. 15th Cir. Ct. 2009)/EFTA02760104.mov"
"https://www.justice.gov/epstein/files/Court Records/Epstein v. Rothstein, No. 50-2009-CA-040800-XXXX-MB (Fla. 15th Cir. Ct. 2009)/EFTA02760420.pdf","https://www.justice.gov/epstein/files/Court Records/Epstein v. Rothstein, No. 50-2009-CA-040800-XXXX-MB (Fla. 15th Cir. Ct. 2009)/EFTA02760420.mov"
"https://www.justice.gov/epstein/files/Court Records/Epstein v. Rothstein, No. 50-2009-CA-040800-XXXX-MB (Fla. 15th Cir. Ct. 2009)/EFTA02760890.pdf","https://www.justice.gov/epstein/files/Court Records/Epstein v. Rothstein, No. 50-2009-CA-040800-XXXX-MB (Fla. 15th Cir. Ct. 2009)/EFTA02760890.mov"
"https://www.justice.gov/epstein/files/Court Records/Epstein v. Rothstein, No. 50-2009-CA-040800-XXXX-MB (Fla. 15th Cir. Ct. 2009)/EFTA02763784.pdf","https://www.justice.gov/epstein/files/Court Records/Epstein v. Rothstein, No. 50-2009-CA-040800-XXXX-MB (Fla. 15th Cir. Ct. 2009)/EFTA02763784.mov"
"https://www.justice.gov/epstein/files/Court Records/Epstein v. Rothstein, No. 50-2009-CA-040800-XXXX-MB (Fla. 15th Cir. Ct. 2009)/EFTA02764032.pdf","https://www.justice.gov/epstein/files/Court Records/Epstein v. Rothstein, No. 50-2009-CA-040800-XXXX-MB (Fla. 15th Cir. Ct. 2009)/EFTA02764032.mov"
"https://www.justice.gov/epstein/files/Court Records/Epstein v. Rothstein, No. 50-2009-CA-040800-XXXX-MB (Fla. 15th Cir. Ct. 2009)/EFTA02764994.pdf","https://www.justice.gov/epstein/files/Court Records/Epstein v. Rothstein, No. 50-2009-CA-040800-XXXX-MB (Fla. 15th Cir. Ct. 2009)/EFTA02764994.mov"
"https://www.justice.gov/epstein/files/Court Records/Epstein v. Rothstein, No. 50-2009-CA-040800-XXXX-MB (Fla. 15th Cir. Ct. 2009)/EFTA02765486.pdf","https://www.justice.gov/epstein/files/Court Records/Epstein v. Rothstein, No. 50-2009-CA-040800-XXXX-MB (Fla. 15th Cir. Ct. 2009)/EFTA02765486.mov"
"https://www.justice.gov/epstein/files/Court Records/Epstein v. Rothstein, No. 50-2009-CA-040800-XXXX-MB (Fla. 15th Cir. Ct. 2009)/EFTA02765861.pdf","https://www.justice.gov/epstein/files/Court Records/Epstein v. Rothstein, No. 50-2009-CA-040800-XXXX-MB (Fla. 15th Cir. Ct. 2009)/EFTA02765861.mov"
"https://www.justice.gov/epstein/files/Court Records/Epstein v. Rothstein, No. 50-2009-CA-040800-XXXX-MB (Fla. 15th Cir. Ct. 2009)/EFTA02765863.pdf","https://www.justice.gov/epstein/files/Court Records/Epstein v. Rothstein, No. 50-2009-CA-040800-XXXX-MB (Fla. 15th Cir. Ct. 2009)/EFTA02765863.mov"
"https://www.justice.gov/epstein/files/Court Records/Epstein v. Rothstein, No. 50-2009-CA-040800-XXXX-MB (Fla. 15th Cir. Ct. 2009)/EFTA02765944.pdf","https://www.justice.gov/epstein/files/Court Records/Epstein v. Rothstein, No. 50-2009-CA-040800-XXXX-MB (Fla. 15th Cir. Ct. 2009)/EFTA02765944.mov"
"https://www.justice.gov/epstein/files/Court Records/Epstein v. Rothstein, No. 50-2009-CA-040800-XXXX-MB (Fla. 15th Cir. Ct. 2009)/EFTA02767638.pdf","https://www.justice.gov/epstein/files/Court Records/Epstein v. Rothstein, No. 50-2009-CA-040800-XXXX-MB (Fla. 15th Cir. Ct. 2009)/EFTA02767638.mov"
"https://www.justice.gov/epstein/files/Court Records/Epstein v. Rothstein, No. 50-2009-CA-040800-XXXX-MB (Fla. 15th Cir. Ct. 2009)/EFTA02768990.pdf","https://www.justice.gov/epstein/files/Court Records/Epstein v. Rothstein, No. 50-2009-CA-040800-XXXX-MB (Fla. 15th Cir. Ct. 2009)/EFTA02768990.mov"
"https://www.justice.gov/epstein/files/Court Records/Epstein v. Rothstein, No. 50-2009-CA-040800-XXXX-MB (Fla. 15th Cir. Ct. 2009)/EFTA02769138.pdf","https://www.justice.gov/epstein/files/Court Records/Epstein v. Rothstein, No. 50-2009-CA-040800-XXXX-MB (Fla. 15th Cir. Ct. 2009)/EFTA02769138.mov"
"https://www.justice.gov/epstein/files/Court Records/Epstein v. Rothstein, No. 50-2009-CA-040800-XXXX-MB (Fla. 15th Cir. Ct. 2009)/EFTA02769148.pdf","https://www.justice.gov/epstein/files/Court Records/Epstein v. Rothstein, No. 50-2009-CA-040800-XXXX-MB (Fla. 15th Cir. Ct. 2009)/EFTA02769148.mov"
"https://www.justice.gov/epstein/files/Court Records/Epstein v. Rothstein, No. 50-2009-CA-040800-XXXX-MB (Fla. 15th Cir. Ct. 2009)/EFTA02769152.pdf","https://www.justice.gov/epstein/files/Court Records/Epstein v. Rothstein, No. 50-2009-CA-040800-XXXX-MB (Fla. 15th Cir. Ct. 2009)/EFTA02769152.mov"
"https://www.justice.gov/epstein/files/Court Records/Epstein v. Rothstein, No. 50-2009-CA-040800-XXXX-MB (Fla. 15th Cir. Ct. 2009)/EFTA02769187.pdf","https://www.justice.gov/epstein/files/Court Records/Epstein v. Rothstein, No. 50-2009-CA-040800-XXXX-MB (Fla. 15th Cir. Ct. 2009)/EFTA02769187.mov"
"https://www.justice.gov/epstein/files/Court Records/Epstein v. Rothstein, No. 50-2009-CA-040800-XXXX-MB (Fla. 15th Cir. Ct. 2009)/EFTA02769217.pdf","https://www.justice.gov/epstein/files/Court Records/Epstein v. Rothstein, No. 50-2009-CA-040800-XXXX-MB (Fla. 15th Cir. Ct. 2009)/EFTA02769217.mov"
"https://www.justice.gov/epstein/files/Court Records/Epstein v. Rothstein, No. 50-2009-CA-040800-XXXX-MB (Fla. 15th Cir. Ct. 2009)/EFTA02769271.pdf","https://www.justice.gov/epstein/files/Court Records/Epstein v. Rothstein, No. 50-2009-CA-040800-XXXX-MB (Fla. 15th Cir. Ct. 2009)/EFTA02769271.mov"
"https://www.justice.gov/epstein/files/Court Records/Epstein v. Rothstein, No. 50-2009-CA-040800-XXXX-MB (Fla. 15th Cir. Ct. 2009)/EFTA02769302.pdf","https://www.justice.gov/epstein/files/Court Records/Epstein v. Rothstein, No. 50-2009-CA-040800-XXXX-MB (Fla. 15th Cir. Ct. 2009)/EFTA02769302.mov"
"https://www.justice.gov/epstein/files/Court Records/Epstein v. Rothstein, No. 50-2009-CA-040800-XXXX-MB (Fla. 15th Cir. Ct. 2009)/EFTA02769308.pdf","https://www.justice.gov/epstein/files/Court Records/Epstein v. Rothstein, No. 50-2009-CA-040800-XXXX-MB (Fla. 15th Cir. Ct. 2009)/EFTA02769308.mov"
"https://www.justice.gov/epstein/files/Court Records/Epstein v. Rothstein, No. 50-2009-CA-040800-XXXX-MB (Fla. 15th Cir. Ct. 2009)/EFTA02769337.pdf","https://www.justice.gov/epstein/files/Court Records/Epstein v. Rothstein, No. 50-2009-CA-040800-XXXX-MB (Fla. 15th Cir. Ct. 2009)/EFTA02769337.mov"
"https://www.justice.gov/epstein/files/Court Records/Epstein v. Rothstein, No. 50-2009-CA-040800-XXXX-MB (Fla. 15th Cir. Ct. 2009)/EFTA02769499.pdf","https://www.justice.gov/epstein/files/Court Records/Epstein v. Rothstein, No. 50-2009-CA-040800-XXXX-MB (Fla. 15th Cir. Ct. 2009)/EFTA02769499.mov"
"https://www.justice.gov/epstein/files/Court Records/Epstein v. Rothstein, No. 50-2009-CA-040800-XXXX-MB (Fla. 15th Cir. Ct. 2009)/EFTA02769517.pdf","https://www.justice.gov/epstein/files/Court Records/Epstein v. Rothstein, No. 50-2009-CA-040800-XXXX-MB (Fla. 15th Cir. Ct. 2009)/EFTA02769517.mov"
"https://www.justice.gov/epstein/files/Court Records/Epstein v. Rothstein, No. 50-2009-CA-040800-XXXX-MB (Fla. 15th Cir. Ct. 2009)/EFTA02769610.pdf","https://www.justice.gov/epstein/files/Court Records/Epstein v. Rothstein, No. 50-2009-CA-040800-XXXX-MB (Fla. 15th Cir. Ct. 2009)/EFTA02769610.mov"
"https://www.justice.gov/epstein/files/Court Records/Epstein v. Rothstein, No. 50-2009-CA-040800-XXXX-MB (Fla. 15th Cir. Ct. 2009)/EFTA02769874.pdf","https://www.justice.gov/epstein/files/Court Records/Epstein v. Rothstein, No. 50-2009-CA-040800-XXXX-MB (Fla. 15th Cir. Ct. 2009)/EFTA02769874.mov"
"https://www.justice.gov/epstein/files/Court Records/Epstein v. Rothstein, No. 50-2009-CA-040800-XXXX-MB (Fla. 15th Cir. Ct. 2009)/EFTA02769897.pdf","https://www.justice.gov/epstein/files/Court Records/Epstein v. Rothstein, No. 50-2009-CA-040800-XXXX-MB (Fla. 15th Cir. Ct. 2009)/EFTA02769897.mov"
"https://www.justice.gov/epstein/files/Court Records/Epstein v. Rothstein, No. 50-2009-CA-040800-XXXX-MB (Fla. 15th Cir. Ct. 2009)/EFTA02769926.pdf","https://www.justice.gov/epstein/files/Court Records/Epstein v. Rothstein, No. 50-2009-CA-040800-XXXX-MB (Fla. 15th Cir. Ct. 2009)/EFTA02769926.mov"
"https://www.justice.gov/epstein/files/Court Records/Epstein v. Rothstein, No. 50-2009-CA-040800-XXXX-MB (Fla. 15th Cir. Ct. 2009)/EFTA02770067.pdf","https://www.justice.gov/epstein/files/Court Records/Epstein v. Rothstein, No. 50-2009-CA-040800-XXXX-MB (Fla. 15th Cir. Ct. 2009)/EFTA02770067.mov"
"https://www.justice.gov/epstein/files/Court Records/Epstein v. Rothstein, No. 50-2009-CA-040800-XXXX-MB (Fla. 15th Cir. Ct. 2009)/EFTA02770165.pdf","https://www.justice.gov/epstein/files/Court Records/Epstein v. Rothstein, No. 50-2009-CA-040800-XXXX-MB (Fla. 15th Cir. Ct. 2009)/EFTA02770165.mov"
"https://www.justice.gov/epstein/files/Court Records/Epstein v. Rothstein, No. 50-2009-CA-040800-XXXX-MB (Fla. 15th Cir. Ct. 2009)/EFTA02770362.pdf","https://www.justice.gov/epstein/files/Court Records/Epstein v. Rothstein, No. 50-2009-CA-040800-XXXX-MB (Fla. 15th Cir. Ct. 2009)/EFTA02770362.mov"
"https://www.justice.gov/epstein/files/Court Records/Epstein v. Rothstein, No. 50-2009-CA-040800-XXXX-MB (Fla. 15th Cir. Ct. 2009)/EFTA02770446.pdf","https://www.justice.gov/epstein/files/Court Records/Epstein v. Rothstein, No. 50-2009-CA-040800-XXXX-MB (Fla. 15th Cir. Ct. 2009)/EFTA02770446.mov"
"https://www.justice.gov/epstein/files/Court Records/Epstein v. Rothstein, No. 50-2009-CA-040800-XXXX-MB (Fla. 15th Cir. Ct. 2009)/EFTA02770968.pdf","https://www.justice.gov/epstein/files/Court Records/Epstein v. Rothstein, No. 50-2009-CA-040800-XXXX-MB (Fla. 15th Cir. Ct. 2009)/EFTA02770968.mov"
"https://www.justice.gov/epstein/files/Court Records/Epstein v. Rothstein, No. 50-2009-CA-040800-XXXX-MB (Fla. 15th Cir. Ct. 2009)/EFTA02770980.pdf","https://www.justice.gov/epstein/files/Court Records/Epstein v. Rothstein, No. 50-2009-CA-040800-XXXX-MB (Fla. 15th Cir. Ct. 2009)/EFTA02770980.mov"
"https://www.justice.gov/epstein/files/Court Records/Epstein v. Rothstein, No. 50-2009-CA-040800-XXXX-MB (Fla. 15th Cir. Ct. 2009)/EFTA02771176.pdf","https://www.justice.gov/epstein/files/Court Records/Epstein v. Rothstein, No. 50-2009-CA-040800-XXXX-MB (Fla. 15th Cir. Ct. 2009)/EFTA02771176.mov"
"https://www.justice.gov/epstein/files/Court Records/Epstein v. Rothstein, No. 50-2009-CA-040800-XXXX-MB (Fla. 15th Cir. Ct. 2009)/EFTA02771235.pdf","https://www.justice.gov/epstein/files/Court Records/Epstein v. Rothstein, No. 50-2009-CA-040800-XXXX-MB (Fla. 15th Cir. Ct. 2009)/EFTA02771235.mov"
"https://www.justice.gov/epstein/files/Court Records/Epstein v. Rothstein, No. 50-2009-CA-040800-XXXX-MB (Fla. 15th Cir. Ct. 2009)/EFTA02771675.pdf","https://www.justice.gov/epstein/files/Court Records/Epstein v. Rothstein, No. 50-2009-CA-040800-XXXX-MB (Fla. 15th Cir. Ct. 2009)/EFTA02771675.mov"
"https://www.justice.gov/epstein/files/Court Records/Epstein v. Rothstein, No. 50-2009-CA-040800-XXXX-MB (Fla. 15th Cir. Ct. 2009)/EFTA02771677.pdf","https://www.justice.gov/epstein/files/Court Records/Epstein v. Rothstein, No. 50-2009-CA-040800-XXXX-MB (Fla. 15th Cir. Ct. 2009)/EFTA02771677.mov"
"https://www.justice.gov/epstein/files/Court Records/Epstein v. Rothstein, No. 50-2009-CA-040800-XXXX-MB (Fla. 15th Cir. Ct. 2009)/EFTA02771686.pdf","https://www.justice.gov/epstein/files/Court Records/Epstein v. Rothstein, No. 50-2009-CA-040800-XXXX-MB (Fla. 15th Cir. Ct. 2009)/EFTA02771686.mov"
"https://www.justice.gov/epstein/files/Court Records/Epstein v. Rothstein, No. 50-2009-CA-040800-XXXX-MB (Fla. 15th Cir. Ct. 2009)/EFTA02771780.pdf","https://www.justice.gov/epstein/files/Court Records/Epstein v. Rothstein, No. 50-2009-CA-040800-XXXX-MB (Fla. 15th Cir. Ct. 2009)/EFTA02771780.mov"
"https://www.justice.gov/epstein/files/Court Records/Epstein v. Rothstein, No. 50-2009-CA-040800-XXXX-MB (Fla. 15th Cir. Ct. 2009)/EFTA02773253.pdf","https://www.justice.gov/epstein/files/Court Records/Epstein v. Rothstein, No. 50-2009-CA-040800-XXXX-MB (Fla. 15th Cir. Ct. 2009)/EFTA02773253.mov"
"https://www.justice.gov/epstein/files/Court Records/Epstein v. Rothstein, No. 50-2009-CA-040800-XXXX-MB (Fla. 15th Cir. Ct. 2009)/EFTA02775139.pdf","https://www.justice.gov/epstein/files/Court Records/Epstein v. Rothstein, No. 50-2009-CA-040800-XXXX-MB (Fla. 15th Cir. Ct. 2009)/EFTA02775139.mov"
"https://www.justice.gov/epstein/files/Court Records/Epstein v. Rothstein, No. 50-2009-CA-040800-XXXX-MB (Fla. 15th Cir. Ct. 2009)/EFTA02775237.pdf","https://www.justice.gov/epstein/files/Court Records/Epstein v. Rothstein, No. 50-2009-CA-040800-XXXX-MB (Fla. 15th Cir. Ct. 2009)/EFTA02775237.mov"
"https://www.justice.gov/epstein/files/Court Records/Epstein v. Rothstein, No. 50-2009-CA-040800-XXXX-MB (Fla. 15th Cir. Ct. 2009)/EFTA02775441.pdf","https://www.justice.gov/epstein/files/Court Records/Epstein v. Rothstein, No. 50-2009-CA-040800-XXXX-MB (Fla. 15th Cir. Ct. 2009)/EFTA02775441.mov"
"https://www.justice.gov/epstein/files/Court Records/Epstein v. Rothstein, No. 50-2009-CA-040800-XXXX-MB (Fla. 15th Cir. Ct. 2009)/EFTA02776011.pdf","https://www.justice.gov/epstein/files/Court Records/Epstein v. Rothstein, No. 50-2009-CA-040800-XXXX-MB (Fla. 15th Cir. Ct. 2009)/EFTA02776011.mov"
"https://www.justice.gov/epstein/files/Court Records/Epstein v. Rothstein, No. 50-2009-CA-040800-XXXX-MB (Fla. 15th Cir. Ct. 2009)/EFTA02776069.pdf","https://www.justice.gov/epstein/files/Court Records/Epstein v. Rothstein, No. 50-2009-CA-040800-XXXX-MB (Fla. 15th Cir. Ct. 2009)/EFTA02776069.mov"
"https://www.justice.gov/epstein/files/Court Records/Epstein v. Rothstein, No. 50-2009-CA-040800-XXXX-MB (Fla. 15th Cir. Ct. 2009)/EFTA02776360.pdf","https://www.justice.gov/epstein/files/Court Records/Epstein v. Rothstein, No. 50-2009-CA-040800-XXXX-MB (Fla. 15th Cir. Ct. 2009)/EFTA02776360.mov"
"https://www.justice.gov/epstein/files/Court Records/Epstein v. Rothstein, No. 50-2009-CA-040800-XXXX-MB (Fla. 15th Cir. Ct. 2009)/EFTA02776436.pdf","https://www.justice.gov/epstein/files/Court Records/Epstein v. Rothstein, No. 50-2009-CA-040800-XXXX-MB (Fla. 15th Cir. Ct. 2009)/EFTA02776436.mov"
"https://www.justice.gov/epstein/files/Court Records/Epstein v. Rothstein, No. 50-2009-CA-040800-XXXX-MB (Fla. 15th Cir. Ct. 2009)/EFTA02776467.pdf","https://www.justice.gov/epstein/files/Court Records/Epstein v. Rothstein, No. 50-2009-CA-040800-XXXX-MB (Fla. 15th Cir. Ct. 2009)/EFTA02776467.mov"
"https://www.justice.gov/epstein/files/Court Records/Epstein v. Rothstein, No. 50-2009-CA-040800-XXXX-MB (Fla. 15th Cir. Ct. 2009)/EFTA02776541.pdf","https://www.justice.gov/epstein/files/Court Records/Epstein v. Rothstein, No. 50-2009-CA-040800-XXXX-MB (Fla. 15th Cir. Ct. 2009)/EFTA02776541.mov"
"https://www.justice.gov/epstein/files/Court Records/Epstein v., No. SC15-2286 (Fla. 2015)/EFTA02759197.pdf","https://www.justice.gov/epstein/files/Court Records/Epstein v., No. SC15-2286 (Fla. 2015)/EFTA02759197.mov"
"https://www.justice.gov/epstein/files/Court Records/Epstein v., No. SC15-2286 (Fla. 2015)/EFTA02759198.pdf","https://www.justice.gov/epstein/files/Court Records/Epstein v., No. SC15-2286 (Fla. 2015)/EFTA02759198.mov"
"https://www.justice.gov/epstein/files/Court Records/Farmer v. Indyke, No. 119-cv-10474 (S.D.N.Y. 2019)/EFTA02777565.pdf","https://www.justice.gov/epstein/files/Court Records/Farmer v. Indyke, No. 119-cv-10474 (S.D.N.Y. 2019)/EFTA02777565.mov"
"https://www.justice.gov/epstein/files/Court Records/Farmer v. Indyke, No. 119-cv-10474 (S.D.N.Y. 2019)/EFTA02777599.pdf","https://www.justice.gov/epstein/files/Court Records/Farmer v. Indyke, No. 119-cv-10474 (S.D.N.Y. 2019)/EFTA02777599.mov"
"https://www.justice.gov/epstein/files/Court Records/Farmer v. Indyke, No. 119-cv-10474 (S.D.N.Y. 2019)/EFTA02777609.pdf","https://www.justice.gov/epstein/files/Court Records/Farmer v. Indyke, No. 119-cv-10474 (S.D.N.Y. 2019)/EFTA02777609.mov"
"https://www.justice.gov/epstein/files/Court Records/Farmer v. Indyke, No. 119-cv-10475 (S.D.N.Y. 2019)/EFTA02777675.pdf","https://www.justice.gov/epstein/files/Court Records/Farmer v. Indyke, No. 119-cv-10475 (S.D.N.Y. 2019)/EFTA02777675.mov"
"https://www.justice.gov/epstein/files/Court Records/Farmer v. Indyke, No. 119-cv-10475 (S.D.N.Y. 2019)/EFTA02777751.pdf","https://www.justice.gov/epstein/files/Court Records/Farmer v. Indyke, No. 119-cv-10475 (S.D.N.Y. 2019)/EFTA02777751.mov"
"https://www.justice.gov/epstein/files/Court Records/Farmer v. Indyke, No. 119-cv-10475 (S.D.N.Y. 2019)/EFTA02777753.pdf","https://www.justice.gov/epstein/files/Court Records/Farmer v. Indyke, No. 119-cv-10475 (S.D.N.Y. 2019)/EFTA02777753.mov"
"https://www.justice.gov/epstein/files/Court Records/Farmer v. Indyke, No. 119-cv-10475 (S.D.N.Y. 2019)/EFTA02777990.pdf","https://www.justice.gov/epstein/files/Court Records/Farmer v. Indyke, No. 119-cv-10475 (S.D.N.Y. 2019)/EFTA02777990.mov"
"https://www.justice.gov/epstein/files/Court Records/Farmer v. Indyke, No. 119-cv-10475 (S.D.N.Y. 2019)/EFTA02778375.pdf","https://www.justice.gov/epstein/files/Court Records/Farmer v. Indyke, No. 119-cv-10475 (S.D.N.Y. 2019)/EFTA02778375.mov"
"https://www.justice.gov/epstein/files/Court Records/Farmer v. Indyke, No. 119-cv-10475 (S.D.N.Y. 2019)/EFTA02778420.pdf","https://www.justice.gov/epstein/files/Court Records/Farmer v. Indyke, No. 119-cv-10475 (S.D.N.Y. 2019)/EFTA02778420.mov"
"https://www.justice.gov/epstein/files/Court Records/Farmer v. Indyke, No. 119-cv-10475 (S.D.N.Y. 2019)/EFTA02778450.pdf","https://www.justice.gov/epstein/files/Court Records/Farmer v. Indyke, No. 119-cv-10475 (S.D.N.Y. 2019)/EFTA02778450.mov"
"https://www.justice.gov/epstein/files/Court Records/Giuffre v. Maxwell, No. 115-cv-07433 (S.D.N.Y. 2015)/EFTA02778478.pdf","https://www.justice.gov/epstein/files/Court Records/Giuffre v. Maxwell, No. 115-cv-07433 (S.D.N.Y. 2015)/EFTA02778478.mov"
"https://www.justice.gov/epstein/files/Court Records/Giuffre v. Maxwell, No. 115-cv-07433 (S.D.N.Y. 2015)/EFTA02778488.pdf","https://www.justice.gov/epstein/files/Court Records/Giuffre v. Maxwell, No. 115-cv-07433 (S.D.N.Y. 2015)/EFTA02778488.mov"
"https://www.justice.gov/epstein/files/Court Records/Giuffre v. Maxwell, No. 115-cv-07433 (S.D.N.Y. 2015)/EFTA02778521.pdf","https://www.justice.gov/epstein/files/Court Records/Giuffre v. Maxwell, No. 115-cv-07433 (S.D.N.Y. 2015)/EFTA02778521.mov"
"https://www.justice.gov/epstein/files/Court Records/Giuffre v. Maxwell, No. 115-cv-07433 (S.D.N.Y. 2015)/EFTA02778865.pdf","https://www.justice.gov/epstein/files/Court Records/Giuffre v. Maxwell, No. 115-cv-07433 (S.D.N.Y. 2015)/EFTA02778865.mov"
"https://www.justice.gov/epstein/files/Court Records/Giuffre v. Maxwell, No. 115-cv-07433 (S.D.N.Y. 2015)/EFTA02779116.pdf","https://www.justice.gov/epstein/files/Court Records/Giuffre v. Maxwell, No. 115-cv-07433 (S.D.N.Y. 2015)/EFTA02779116.mov"
"https://www.justice.gov/epstein/files/Court Records/Giuffre v. Maxwell, No. 115-cv-07433 (S.D.N.Y. 2015)/EFTA02779136.pdf","https://www.justice.gov/epstein/files/Court Records/Giuffre v. Maxwell, No. 115-cv-07433 (S.D.N.Y. 2015)/EFTA02779136.mov"
"https://www.justice.gov/epstein/files/Court Records/Giuffre v. Maxwell, No. 115-cv-07433 (S.D.N.Y. 2015)/EFTA02779489.pdf","https://www.justice.gov/epstein/files/Court Records/Giuffre v. Maxwell, No. 115-cv-07433 (S.D.N.Y. 2015)/EFTA02779489.mov"
"https://www.justice.gov/epstein/files/Court Records/Giuffre v. Maxwell, No. 115-cv-07433 (S.D.N.Y. 2015)/EFTA02779642.pdf","https://www.justice.gov/epstein/files/Court Records/Giuffre v. Maxwell, No. 115-cv-07433 (S.D.N.Y. 2015)/EFTA02779642.mov"
"https://www.justice.gov/epstein/files/Court Records/Giuffre v. Maxwell, No. 115-cv-07433 (S.D.N.Y. 2015)/EFTA02779644.pdf","https://www.justice.gov/epstein/files/Court Records/Giuffre v. Maxwell, No. 115-cv-07433 (S.D.N.Y. 2015)/EFTA02779644.mov"
"https://www.justice.gov/epstein/files/Court Records/Giuffre v. Maxwell, No. 115-cv-07433 (S.D.N.Y. 2015)/EFTA02779648.pdf","https://www.justice.gov/epstein/files/Court Records/Giuffre v. Maxwell, No. 115-cv-07433 (S.D.N.Y. 2015)/EFTA02779648.mov"
"https://www.justice.gov/epstein/files/Court Records/Giuffre v. Maxwell, No. 115-cv-07433 (S.D.N.Y. 2015)/EFTA02780106.pdf","https://www.justice.gov/epstein/files/Court Records/Giuffre v. Maxwell, No. 115-cv-07433 (S.D.N.Y. 2015)/EFTA02780106.mov"
"https://www.justice.gov/epstein/files/Court Records/Giuffre v. Maxwell, No. 115-cv-07433 (S.D.N.Y. 2015)/EFTA02780116.pdf","https://www.justice.gov/epstein/files/Court Records/Giuffre v. Maxwell, No. 115-cv-07433 (S.D.N.Y. 2015)/EFTA02780116.mov"
"https://www.justice.gov/epstein/files/Court Records/Giuffre v. Maxwell, No. 115-cv-07433 (S.D.N.Y. 2015)/EFTA02780380.pdf","https://www.justice.gov/epstein/files/Court Records/Giuffre v. Maxwell, No. 115-cv-07433 (S.D.N.Y. 2015)/EFTA02780380.mov"
"https://www.justice.gov/epstein/files/Court Records/Giuffre v. Maxwell, No. 115-cv-07433 (S.D.N.Y. 2015)/EFTA02780739.pdf","https://www.justice.gov/epstein/files/Court Records/Giuffre v. Maxwell, No. 115-cv-07433 (S.D.N.Y. 2015)/EFTA02780739.mov"
"https://www.justice.gov/epstein/files/Court Records/Giuffre v. Maxwell, No. 115-cv-07433 (S.D.N.Y. 2015)/EFTA02780742.pdf","https://www.justice.gov/epstein/files/Court Records/Giuffre v. Maxwell, No. 115-cv-07433 (S.D.N.Y. 2015)/EFTA02780742.mov"
"https://www.justice.gov/epstein/files/Court Records/Giuffre v. Maxwell, No. 115-cv-07433 (S.D.N.Y. 2015)/EFTA02780756.pdf","https://www.justice.gov/epstein/files/Court Records/Giuffre v. Maxwell, No. 115-cv-07433 (S.D.N.Y. 2015)/EFTA02780756.mov"
"https://www.justice.gov/epstein/files/Court Records/Giuffre v. Maxwell, No. 115-cv-07433 (S.D.N.Y. 2015)/EFTA02780878.pdf","https://www.justice.gov/epstein/files/Court Records/Giuffre v. Maxwell, No. 115-cv-07433 (S.D.N.Y. 2015)/EFTA02780878.mov"
"https://www.justice.gov/epstein/files/Court Records/Giuffre v. Maxwell, No. 115-cv-07433 (S.D.N.Y. 2015)/EFTA02781180.pdf","https://www.justice.gov/epstein/files/Court Records/Giuffre v. Maxwell, No. 115-cv-07433 (S.D.N.Y. 2015)/EFTA02781180.mov"
"https://www.justice.gov/epstein/files/Court Records/Giuffre v. Maxwell, No. 115-cv-07433 (S.D.N.Y. 2015)/EFTA02781384.pdf","https://www.justice.gov/epstein/files/Court Records/Giuffre v. Maxwell, No. 115-cv-07433 (S.D.N.Y. 2015)/EFTA02781384.mov"
"https://www.justice.gov/epstein/files/Court Records/Giuffre v. Maxwell, No. 115-cv-07433 (S.D.N.Y. 2015)/EFTA02781431.pdf","https://www.justice.gov/epstein/files/Court Records/Giuffre v. Maxwell, No. 115-cv-07433 (S.D.N.Y. 2015)/EFTA02781431.mov"
"https://www.justice.gov/epstein/files/Court Records/Giuffre v. Maxwell, No. 115-cv-07433 (S.D.N.Y. 2015)/EFTA02781604.pdf","https://www.justice.gov/epstein/files/Court Records/Giuffre v. Maxwell, No. 115-cv-07433 (S.D.N.Y. 2015)/EFTA02781604.mov"
"https://www.justice.gov/epstein/files/Court Records/Giuffre v. Maxwell, No. 115-cv-07433 (S.D.N.Y. 2015)/EFTA02781768.pdf","https://www.justice.gov/epstein/files/Court Records/Giuffre v. Maxwell, No. 115-cv-07433 (S.D.N.Y. 2015)/EFTA02781768.mov"
"https://www.justice.gov/epstein/files/Court Records/Giuffre v. Maxwell, No. 115-cv-07433 (S.D.N.Y. 2015)/EFTA02781999.pdf","https://www.justice.gov/epstein/files/Court Records/Giuffre v. Maxwell, No. 115-cv-07433 (S.D.N.Y. 2015)/EFTA02781999.mov"
"https://www.justice.gov/epstein/files/Court Records/Giuffre v. Maxwell, No. 115-cv-07433 (S.D.N.Y. 2015)/EFTA02782038.pdf","https://www.justice.gov/epstein/files/Court Records/Giuffre v. Maxwell, No. 115-cv-07433 (S.D.N.Y. 2015)/EFTA02782038.mov"
"https://www.justice.gov/epstein/files/Court Records/Giuffre v. Maxwell, No. 115-cv-07433 (S.D.N.Y. 2015)/EFTA02782054.pdf","https://www.justice.gov/epstein/files/Court Records/Giuffre v. Maxwell, No. 115-cv-07433 (S.D.N.Y. 2015)/EFTA02782054.mov"
"https://www.justice.gov/epstein/files/Court Records/Giuffre v. Maxwell, No. 115-cv-07433 (S.D.N.Y. 2015)/EFTA02782056.pdf","https://www.justice.gov/epstein/files/Court Records/Giuffre v. Maxwell, No. 115-cv-07433 (S.D.N.Y. 2015)/EFTA02782056.mov"
"https://www.justice.gov/epstein/files/Court Records/Giuffre v. Maxwell, No. 115-cv-07433 (S.D.N.Y. 2015)/EFTA02782266.pdf","https://www.justice.gov/epstein/files/Court Records/Giuffre v. Maxwell, No. 115-cv-07433 (S.D.N.Y. 2015)/EFTA02782266.mov"
"https://www.justice.gov/epstein/files/Court Records/Giuffre v. Maxwell, No. 115-cv-07433 (S.D.N.Y. 2015)/EFTA02782323.pdf","https://www.justice.gov/epstein/files/Court Records/Giuffre v. Maxwell, No. 115-cv-07433 (S.D.N.Y. 2015)/EFTA02782323.mov"
"https://www.justice.gov/epstein/files/Court Records/Giuffre v. Maxwell, No. 115-cv-07433 (S.D.N.Y. 2015)/EFTA02782393.pdf","https://www.justice.gov/epstein/files/Court Records/Giuffre v. Maxwell, No. 115-cv-07433 (S.D.N.Y. 2015)/EFTA02782393.mov"
"https://www.justice.gov/epstein/files/Court Records/Giuffre v. Maxwell, No. 115-cv-07433 (S.D.N.Y. 2015)/EFTA02782451.pdf","https://www.justice.gov/epstein/files/Court Records/Giuffre v. Maxwell, No. 115-cv-07433 (S.D.N.Y. 2015)/EFTA02782451.mov"
"https://www.justice.gov/epstein/files/Court Records/Giuffre v. Maxwell, No. 115-cv-07433 (S.D.N.Y. 2015)/EFTA02782516.pdf","https://www.justice.gov/epstein/files/Court Records/Giuffre v. Maxwell, No. 115-cv-07433 (S.D.N.Y. 2015)/EFTA02782516.mov"
"https://www.justice.gov/epstein/files/Court Records/Giuffre v. Maxwell, No. 115-cv-07433 (S.D.N.Y. 2015)/EFTA02782834.pdf","https://www.justice.gov/epstein/files/Court Records/Giuffre v. Maxwell, No. 115-cv-07433 (S.D.N.Y. 2015)/EFTA02782834.mov"
"https://www.justice.gov/epstein/files/Court Records/Giuffre v. Maxwell, No. 115-cv-07433 (S.D.N.Y. 2015)/EFTA02782924.pdf","https://www.justice.gov/epstein/files/Court Records/Giuffre v. Maxwell, No. 115-cv-07433 (S.D.N.Y. 2015)/EFTA02782924.mov"
"https://www.justice.gov/epstein/files/Court Records/Giuffre v. Maxwell, No. 115-cv-07433 (S.D.N.Y. 2015)/EFTA02783084.pdf","https://www.justice.gov/epstein/files/Court Records/Giuffre v. Maxwell, No. 115-cv-07433 (S.D.N.Y. 2015)/EFTA02783084.mov"
"https://www.justice.gov/epstein/files/Court Records/Giuffre v. Maxwell, No. 115-cv-07433 (S.D.N.Y. 2015)/EFTA02783090.pdf","https://www.justice.gov/epstein/files/Court Records/Giuffre v. Maxwell, No. 115-cv-07433 (S.D.N.Y. 2015)/EFTA02783090.mov"
"https://www.justice.gov/epstein/files/Court Records/Giuffre v. Maxwell, No. 115-cv-07433 (S.D.N.Y. 2015)/EFTA02783214.pdf","https://www.justice.gov/epstein/files/Court Records/Giuffre v. Maxwell, No. 115-cv-07433 (S.D.N.Y. 2015)/EFTA02783214.mov"
"https://www.justice.gov/epstein/files/Court Records/Giuffre v. Maxwell, No. 115-cv-07433 (S.D.N.Y. 2015)/EFTA02783249.pdf","https://www.justice.gov/epstein/files/Court Records/Giuffre v. Maxwell, No. 115-cv-07433 (S.D.N.Y. 2015)/EFTA02783249.mov"
"https://www.justice.gov/epstein/files/Court Records/Giuffre v. Maxwell, No. 115-cv-07433 (S.D.N.Y. 2015)/EFTA02784062.pdf","https://www.justice.gov/epstein/files/Court Records/Giuffre v. Maxwell, No. 115-cv-07433 (S.D.N.Y. 2015)/EFTA02784062.mov"
"https://www.justice.gov/epstein/files/Court Records/Giuffre v. Maxwell, No. 115-cv-07433 (S.D.N.Y. 2015)/EFTA02784332.pdf","https://www.justice.gov/epstein/files/Court Records/Giuffre v. Maxwell, No. 115-cv-07433 (S.D.N.Y. 2015)/EFTA02784332.mov"
"https://www.justice.gov/epstein/files/Court Records/Giuffre v. Maxwell, No. 115-cv-07433 (S.D.N.Y. 2015)/EFTA02784361.pdf","https://www.justice.gov/epstein/files/Court Records/Giuffre v. Maxwell, No. 115-cv-07433 (S.D.N.Y. 2015)/EFTA02784361.mov"
"https://www.justice.gov/epstein/files/Court Records/Giuffre v. Maxwell, No. 115-cv-07433 (S.D.N.Y. 2015)/EFTA02784431.pdf","https://www.justice.gov/epstein/files/Court Records/Giuffre v. Maxwell, No. 115-cv-07433 (S.D.N.Y. 2015)/EFTA02784431.mov"
"https://www.justice.gov/epstein/files/Court Records/Giuffre v. Maxwell, No. 115-cv-07433 (S.D.N.Y. 2015)/EFTA02784655.pdf","https://www.justice.gov/epstein/files/Court Records/Giuffre v. Maxwell, No. 115-cv-07433 (S.D.N.Y. 2015)/EFTA02784655.mov"
"https://www.justice.gov/epstein/files/Court Records/Giuffre v. Maxwell, No. 115-cv-07433 (S.D.N.Y. 2015)/EFTA02784771.pdf","https://www.justice.gov/epstein/files/Court Records/Giuffre v. Maxwell, No. 115-cv-07433 (S.D.N.Y. 2015)/EFTA02784771.mov"
"https://www.justice.gov/epstein/files/Court Records/Giuffre v. Maxwell, No. 115-cv-07433 (S.D.N.Y. 2015)/EFTA02785007.pdf","https://www.justice.gov/epstein/files/Court Records/Giuffre v. Maxwell, No. 115-cv-07433 (S.D.N.Y. 2015)/EFTA02785007.mov"
"https://www.justice.gov/epstein/files/Court Records/Giuffre v. Maxwell, No. 115-cv-07433 (S.D.N.Y. 2015)/EFTA02785036.pdf","https://www.justice.gov/epstein/files/Court Records/Giuffre v. Maxwell, No. 115-cv-07433 (S.D.N.Y. 2015)/EFTA02785036.mov"
"https://www.justice.gov/epstein/files/Court Records/Giuffre v. Maxwell, No. 115-cv-07433 (S.D.N.Y. 2015)/EFTA02785040.pdf","https://www.justice.gov/epstein/files/Court Records/Giuffre v. Maxwell, No. 115-cv-07433 (S.D.N.Y. 2015)/EFTA02785040.mov"
"https://www.justice.gov/epstein/files/Court Records/Giuffre v. Maxwell, No. 115-cv-07433 (S.D.N.Y. 2015)/EFTA02785102.pdf","https://www.justice.gov/epstein/files/Court Records/Giuffre v. Maxwell, No. 115-cv-07433 (S.D.N.Y. 2015)/EFTA02785102.mov"
"https://www.justice.gov/epstein/files/Court Records/Giuffre v. Maxwell, No. 115-cv-07433 (S.D.N.Y. 2015)/EFTA02785126.pdf","https://www.justice.gov/epstein/files/Court Records/Giuffre v. Maxwell, No. 115-cv-07433 (S.D.N.Y. 2015)/EFTA02785126.mov"
"https://www.justice.gov/epstein/files/Court Records/Giuffre v. Maxwell, No. 115-cv-07433 (S.D.N.Y. 2015)/EFTA02785728.pdf","https://www.justice.gov/epstein/files/Court Records/Giuffre v. Maxwell, No. 115-cv-07433 (S.D.N.Y. 2015)/EFTA02785728.mov"
"https://www.justice.gov/epstein/files/Court Records/Giuffre v. Maxwell, No. 115-cv-07433 (S.D.N.Y. 2015)/EFTA02785740.pdf","https://www.justice.gov/epstein/files/Court Records/Giuffre v. Maxwell, No. 115-cv-07433 (S.D.N.Y. 2015)/EFTA02785740.mov"
"https://www.justice.gov/epstein/files/Court Records/Giuffre v. Maxwell, No. 115-cv-07433 (S.D.N.Y. 2015)/EFTA02785969.pdf","https://www.justice.gov/epstein/files/Court Records/Giuffre v. Maxwell, No. 115-cv-07433 (S.D.N.Y. 2015)/EFTA02785969.mov"
"https://www.justice.gov/epstein/files/Court Records/Giuffre v. Maxwell, No. 115-cv-07433 (S.D.N.Y. 2015)/EFTA02786655.pdf","https://www.justice.gov/epstein/files/Court Records/Giuffre v. Maxwell, No. 115-cv-07433 (S.D.N.Y. 2015)/EFTA02786655.mov"
"https://www.justice.gov/epstein/files/Court Records/Giuffre v. Maxwell, No. 115-cv-07433 (S.D.N.Y. 2015)/EFTA02786742.pdf","https://www.justice.gov/epstein/files/Court Records/Giuffre v. Maxwell, No. 115-cv-07433 (S.D.N.Y. 2015)/EFTA02786742.mov"
"https://www.justice.gov/epstein/files/Court Records/Giuffre v. Maxwell, No. 115-cv-07433 (S.D.N.Y. 2015)/EFTA02786766.pdf","https://www.justice.gov/epstein/files/Court Records/Giuffre v. Maxwell, No. 115-cv-07433 (S.D.N.Y. 2015)/EFTA02786766.mov"
"https://www.justice.gov/epstein/files/Court Records/Giuffre v. Maxwell, No. 115-cv-07433 (S.D.N.Y. 2015)/EFTA02786769.pdf","https://www.justice.gov/epstein/files/Court Records/Giuffre v. Maxwell, No. 115-cv-07433 (S.D.N.Y. 2015)/EFTA02786769.mov"
"https://www.justice.gov/epstein/files/Court Records/Giuffre v. Maxwell, No. 115-cv-07433 (S.D.N.Y. 2015)/EFTA02786904.pdf","https://www.justice.gov/epstein/files/Court Records/Giuffre v. Maxwell, No. 115-cv-07433 (S.D.N.Y. 2015)/EFTA02786904.mov"
"https://www.justice.gov/epstein/files/Court Records/Giuffre v. Maxwell, No. 115-cv-07433 (S.D.N.Y. 2015)/EFTA02787007.pdf","https://www.justice.gov/epstein/files/Court Records/Giuffre v. Maxwell, No. 115-cv-07433 (S.D.N.Y. 2015)/EFTA02787007.mov"
"https://www.justice.gov/epstein/files/Court Records/Giuffre v. Maxwell, No. 115-cv-07433 (S.D.N.Y. 2015)/EFTA02787086.pdf","https://www.justice.gov/epstein/files/Court Records/Giuffre v. Maxwell, No. 115-cv-07433 (S.D.N.Y. 2015)/EFTA02787086.mov"
"https://www.justice.gov/epstein/files/Court Records/Giuffre v. Maxwell, No. 115-cv-07433 (S.D.N.Y. 2015)/EFTA02787118.pdf","https://www.justice.gov/epstein/files/Court Records/Giuffre v. Maxwell, No. 115-cv-07433 (S.D.N.Y. 2015)/EFTA02787118.mov"
"https://www.justice.gov/epstein/files/Court Records/Giuffre v. Maxwell, No. 115-cv-07433 (S.D.N.Y. 2015)/EFTA02787174.pdf","https://www.justice.gov/epstein/files/Court Records/Giuffre v. Maxwell, No. 115-cv-07433 (S.D.N.Y. 2015)/EFTA02787174.mov"
"https://www.justice.gov/epstein/files/Court Records/Giuffre v. Maxwell, No. 115-cv-07433 (S.D.N.Y. 2015)/EFTA02787249.pdf","https://www.justice.gov/epstein/files/Court Records/Giuffre v. Maxwell, No. 115-cv-07433 (S.D.N.Y. 2015)/EFTA02787249.mov"
"https://www.justice.gov/epstein/files/Court Records/Giuffre v. Maxwell, No. 115-cv-07433 (S.D.N.Y. 2015)/EFTA02787254.pdf","https://www.justice.gov/epstein/files/Court Records/Giuffre v. Maxwell, No. 115-cv-07433 (S.D.N.Y. 2015)/EFTA02787254.mov"
"https://www.justice.gov/epstein/files/Court Records/Giuffre v. Maxwell, No. 115-cv-07433 (S.D.N.Y. 2015)/EFTA02787270.pdf","https://www.justice.gov/epstein/files/Court Records/Giuffre v. Maxwell, No. 115-cv-07433 (S.D.N.Y. 2015)/EFTA02787270.mov"
"https://www.justice.gov/epstein/files/Court Records/Giuffre v. Maxwell, No. 115-cv-07433 (S.D.N.Y. 2015)/EFTA02787296.pdf","https://www.justice.gov/epstein/files/Court Records/Giuffre v. Maxwell, No. 115-cv-07433 (S.D.N.Y. 2015)/EFTA02787296.mov"
"https://www.justice.gov/epstein/files/Court Records/Giuffre v. Maxwell, No. 115-cv-07433 (S.D.N.Y. 2015)/EFTA02787332.pdf","https://www.justice.gov/epstein/files/Court Records/Giuffre v. Maxwell, No. 115-cv-07433 (S.D.N.Y. 2015)/EFTA02787332.mov"
"https://www.justice.gov/epstein/files/Court Records/Giuffre v. Maxwell, No. 115-cv-07433 (S.D.N.Y. 2015)/EFTA02787398.pdf","https://www.justice.gov/epstein/files/Court Records/Giuffre v. Maxwell, No. 115-cv-07433 (S.D.N.Y. 2015)/EFTA02787398.mov"
"https://www.justice.gov/epstein/files/Court Records/Giuffre v. Maxwell, No. 115-cv-07433 (S.D.N.Y. 2015)/EFTA02787423.pdf","https://www.justice.gov/epstein/files/Court Records/Giuffre v. Maxwell, No. 115-cv-07433 (S.D.N.Y. 2015)/EFTA02787423.mov"
"https://www.justice.gov/epstein/files/Court Records/Giuffre v. Maxwell, No. 115-cv-07433 (S.D.N.Y. 2015)/EFTA02787518.pdf","https://www.justice.gov/epstein/files/Court Records/Giuffre v. Maxwell, No. 115-cv-07433 (S.D.N.Y. 2015)/EFTA02787518.mov"
"https://www.justice.gov/epstein/files/Court Records/Giuffre v. Maxwell, No. 115-cv-07433 (S.D.N.Y. 2015)/EFTA02787582.pdf","https://www.justice.gov/epstein/files/Court Records/Giuffre v. Maxwell, No. 115-cv-07433 (S.D.N.Y. 2015)/EFTA02787582.mov"
"https://www.justice.gov/epstein/files/Court Records/Giuffre v. Maxwell, No. 115-cv-07433 (S.D.N.Y. 2015)/EFTA02787601.pdf","https://www.justice.gov/epstein/files/Court Records/Giuffre v. Maxwell, No. 115-cv-07433 (S.D.N.Y. 2015)/EFTA02787601.mov"
"https://www.justice.gov/epstein/files/Court Records/Giuffre v. Maxwell, No. 115-cv-07433 (S.D.N.Y. 2015)/EFTA02788461.pdf","https://www.justice.gov/epstein/files/Court Records/Giuffre v. Maxwell, No. 115-cv-07433 (S.D.N.Y. 2015)/EFTA02788461.mov"
"https://www.justice.gov/epstein/files/Court Records/Giuffre v. Maxwell, No. 115-cv-07433 (S.D.N.Y. 2015)/EFTA02788465.pdf","https://www.justice.gov/epstein/files/Court Records/Giuffre v. Maxwell, No. 115-cv-07433 (S.D.N.Y. 2015)/EFTA02788465.mov"
"https://www.justice.gov/epstein/files/Court Records/Giuffre v. Maxwell, No. 115-cv-07433 (S.D.N.Y. 2015)/EFTA02788470.pdf","https://www.justice.gov/epstein/files/Court Records/Giuffre v. Maxwell, No. 115-cv-07433 (S.D.N.Y. 2015)/EFTA02788470.mov"
"https://www.justice.gov/epstein/files/Court Records/Giuffre v. Maxwell, No. 115-cv-07433 (S.D.N.Y. 2015)/EFTA02788483.pdf","https://www.justice.gov/epstein/files/Court Records/Giuffre v. Maxwell, No. 115-cv-07433 (S.D.N.Y. 2015)/EFTA02788483.mov"
"https://www.justice.gov/epstein/files/Court Records/Giuffre v. Maxwell, No. 115-cv-07433 (S.D.N.Y. 2015)/EFTA02789217.pdf","https://www.justice.gov/epstein/files/Court Records/Giuffre v. Maxwell, No. 115-cv-07433 (S.D.N.Y. 2015)/EFTA02789217.mov"
"https://www.justice.gov/epstein/files/Court Records/Giuffre v. Maxwell, No. 115-cv-07433 (S.D.N.Y. 2015)/EFTA02789228.pdf","https://www.justice.gov/epstein/files/Court Records/Giuffre v. Maxwell, No. 115-cv-07433 (S.D.N.Y. 2015)/EFTA02789228.mov"
"https://www.justice.gov/epstein/files/Court Records/Giuffre v. Maxwell, No. 115-cv-07433 (S.D.N.Y. 2015)/EFTA02789231.pdf","https://www.justice.gov/epstein/files/Court Records/Giuffre v. Maxwell, No. 115-cv-07433 (S.D.N.Y. 2015)/EFTA02789231.mov"
"https://www.justice.gov/epstein/files/Court Records/Giuffre v. Maxwell, No. 115-cv-07433 (S.D.N.Y. 2015)/EFTA02789424.pdf","https://www.justice.gov/epstein/files/Court Records/Giuffre v. Maxwell, No. 115-cv-07433 (S.D.N.Y. 2015)/EFTA02789424.mov"
"https://www.justice.gov/epstein/files/Court Records/Giuffre v. Maxwell, No. 115-cv-07433 (S.D.N.Y. 2015)/EFTA02789547.pdf","https://www.justice.gov/epstein/files/Court Records/Giuffre v. Maxwell, No. 115-cv-07433 (S.D.N.Y. 2015)/EFTA02789547.mov"
"https://www.justice.gov/epstein/files/Court Records/Giuffre v. Maxwell, No. 115-cv-07433 (S.D.N.Y. 2015)/EFTA02789569.pdf","https://www.justice.gov/epstein/files/Court Records/Giuffre v. Maxwell, No. 115-cv-07433 (S.D.N.Y. 2015)/EFTA02789569.mov"
"https://www.justice.gov/epstein/files/Court Records/Giuffre v. Maxwell, No. 115-cv-07433 (S.D.N.Y. 2015)/EFTA02789596.pdf","https://www.justice.gov/epstein/files/Court Records/Giuffre v. Maxwell, No. 115-cv-07433 (S.D.N.Y. 2015)/EFTA02789596.mov"
"https://www.justice.gov/epstein/files/Court Records/Giuffre v. Maxwell, No. 115-cv-07433 (S.D.N.Y. 2015)/EFTA02791947.pdf","https://www.justice.gov/epstein/files/Court Records/Giuffre v. Maxwell, No. 115-cv-07433 (S.D.N.Y. 2015)/EFTA02791947.mov"
"https://www.justice.gov/epstein/files/Court Records/Giuffre v. Maxwell, No. 115-cv-07433 (S.D.N.Y. 2015)/EFTA02792327.pdf","https://www.justice.gov/epstein/files/Court Records/Giuffre v. Maxwell, No. 115-cv-07433 (S.D.N.Y. 2015)/EFTA02792327.mov"
"https://www.justice.gov/epstein/files/Court Records/Giuffre v. Maxwell, No. 115-cv-07433 (S.D.N.Y. 2015)/EFTA02792536.pdf","https://www.justice.gov/epstein/files/Court Records/Giuffre v. Maxwell, No. 115-cv-07433 (S.D.N.Y. 2015)/EFTA02792536.mov"
"https://www.justice.gov/epstein/files/Court Records/Giuffre v. Maxwell, No. 115-cv-07433 (S.D.N.Y. 2015)/EFTA02792642.pdf","https://www.justice.gov/epstein/files/Court Records/Giuffre v. Maxwell, No. 115-cv-07433 (S.D.N.Y. 2015)/EFTA02792642.mov"
"https://www.justice.gov/epstein/files/Court Records/Giuffre v. Maxwell, No. 115-cv-07433 (S.D.N.Y. 2015)/EFTA02792841.pdf","https://www.justice.gov/epstein/files/Court Records/Giuffre v. Maxwell, No. 115-cv-07433 (S.D.N.Y. 2015)/EFTA02792841.mov"
"https://www.justice.gov/epstein/files/Court Records/Giuffre v. Maxwell, No. 115-cv-07433 (S.D.N.Y. 2015)/EFTA02792951.pdf","https://www.justice.gov/epstein/files/Court Records/Giuffre v. Maxwell, No. 115-cv-07433 (S.D.N.Y. 2015)/EFTA02792951.mov"
"https://www.justice.gov/epstein/files/Court Records/Giuffre v. Maxwell, No. 115-cv-07433 (S.D.N.Y. 2015)/EFTA02793045.pdf","https://www.justice.gov/epstein/files/Court Records/Giuffre v. Maxwell, No. 115-cv-07433 (S.D.N.Y. 2015)/EFTA02793045.mov"
"https://www.justice.gov/epstein/files/Court Records/Giuffre v. Maxwell, No. 115-cv-07433 (S.D.N.Y. 2015)/EFTA02793193.pdf","https://www.justice.gov/epstein/files/Court Records/Giuffre v. Maxwell, No. 115-cv-07433 (S.D.N.Y. 2015)/EFTA02793193.mov"
"https://www.justice.gov/epstein/files/Court Records/Giuffre v. Maxwell, No. 115-cv-07433 (S.D.N.Y. 2015)/EFTA02793298.pdf","https://www.justice.gov/epstein/files/Court Records/Giuffre v. Maxwell, No. 115-cv-07433 (S.D.N.Y. 2015)/EFTA02793298.mov"
"https://www.justice.gov/epstein/files/Court Records/Giuffre v. Maxwell, No. 115-cv-07433 (S.D.N.Y. 2015)/EFTA02793400.pdf","https://www.justice.gov/epstein/files/Court Records/Giuffre v. Maxwell, No. 115-cv-07433 (S.D.N.Y. 2015)/EFTA02793400.mov"
"https://www.justice.gov/epstein/files/Court Records/Giuffre v. Maxwell, No. 115-cv-07433 (S.D.N.Y. 2015)/EFTA02793475.pdf","https://www.justice.gov/epstein/files/Court Records/Giuffre v. Maxwell, No. 115-cv-07433 (S.D.N.Y. 2015)/EFTA02793475.mov"
"https://www.justice.gov/epstein/files/Court Records/Giuffre v. Maxwell, No. 115-cv-07433 (S.D.N.Y. 2015)/EFTA02793484.pdf","https://www.justice.gov/epstein/files/Court Records/Giuffre v. Maxwell, No. 115-cv-07433 (S.D.N.Y. 2015)/EFTA02793484.mov"
"https://www.justice.gov/epstein/files/Court Records/Giuffre v. Maxwell, No. 115-cv-07433 (S.D.N.Y. 2015)/EFTA02793546.pdf","https://www.justice.gov/epstein/files/Court Records/Giuffre v. Maxwell, No. 115-cv-07433 (S.D.N.Y. 2015)/EFTA02793546.mov"
"https://www.justice.gov/epstein/files/Court Records/Giuffre v. Maxwell, No. 115-cv-07433 (S.D.N.Y. 2015)/EFTA02793891.pdf","https://www.justice.gov/epstein/files/Court Records/Giuffre v. Maxwell, No. 115-cv-07433 (S.D.N.Y. 2015)/EFTA02793891.mov"
"https://www.justice.gov/epstein/files/Court Records/Giuffre v. Maxwell, No. 115-cv-07433 (S.D.N.Y. 2015)/EFTA02793953.pdf","https://www.justice.gov/epstein/files/Court Records/Giuffre v. Maxwell, No. 115-cv-07433 (S.D.N.Y. 2015)/EFTA02793953.mov"
"https://www.justice.gov/epstein/files/Court Records/Giuffre v. Maxwell, No. 115-cv-07433 (S.D.N.Y. 2015)/EFTA02793959.pdf","https://www.justice.gov/epstein/files/Court Records/Giuffre v. Maxwell, No. 115-cv-07433 (S.D.N.Y. 2015)/EFTA02793959.mov"
"https://www.justice.gov/epstein/files/Court Records/Giuffre v. Maxwell, No. 115-cv-07433 (S.D.N.Y. 2015)/EFTA02794212.pdf","https://www.justice.gov/epstein/files/Court Records/Giuffre v. Maxwell, No. 115-cv-07433 (S.D.N.Y. 2015)/EFTA02794212.mov"
"https://www.justice.gov/epstein/files/Court Records/Giuffre v. Maxwell, No. 115-cv-07433 (S.D.N.Y. 2015)/EFTA02794498.pdf","https://www.justice.gov/epstein/files/Court Records/Giuffre v. Maxwell, No. 115-cv-07433 (S.D.N.Y. 2015)/EFTA02794498.mov"
"https://www.justice.gov/epstein/files/Court Records/Giuffre v. Maxwell, No. 115-cv-07433 (S.D.N.Y. 2015)/EFTA02794656.pdf","https://www.justice.gov/epstein/files/Court Records/Giuffre v. Maxwell, No. 115-cv-07433 (S.D.N.Y. 2015)/EFTA02794656.mov"
"https://www.justice.gov/epstein/files/Court Records/Giuffre v. Maxwell, No. 115-cv-07433 (S.D.N.Y. 2015)/EFTA02794741.pdf","https://www.justice.gov/epstein/files/Court Records/Giuffre v. Maxwell, No. 115-cv-07433 (S.D.N.Y. 2015)/EFTA02794741.mov"
"https://www.justice.gov/epstein/files/Court Records/Giuffre v. Maxwell, No. 115-cv-07433 (S.D.N.Y. 2015)/EFTA02794832.pdf","https://www.justice.gov/epstein/files/Court Records/Giuffre v. Maxwell, No. 115-cv-07433 (S.D.N.Y. 2015)/EFTA02794832.mov"
"https://www.justice.gov/epstein/files/Court Records/Giuffre v. Maxwell, No. 115-cv-07433 (S.D.N.Y. 2015)/EFTA02795002.pdf","https://www.justice.gov/epstein/files/Court Records/Giuffre v. Maxwell, No. 115-cv-07433 (S.D.N.Y. 2015)/EFTA02795002.mov"
"https://www.justice.gov/epstein/files/Court Records/Giuffre v. Maxwell, No. 115-cv-07433 (S.D.N.Y. 2015)/EFTA02795012.pdf","https://www.justice.gov/epstein/files/Court Records/Giuffre v. Maxwell, No. 115-cv-07433 (S.D.N.Y. 2015)/EFTA02795012.mov"
"https://www.justice.gov/epstein/files/Court Records/Giuffre v. Maxwell, No. 115-cv-07433 (S.D.N.Y. 2015)/EFTA02796662.pdf","https://www.justice.gov/epstein/files/Court Records/Giuffre v. Maxwell, No. 115-cv-07433 (S.D.N.Y. 2015)/EFTA02796662.mov"
"https://www.justice.gov/epstein/files/Court Records/Giuffre v. Maxwell, No. 115-cv-07433 (S.D.N.Y. 2015)/EFTA02796765.pdf","https://www.justice.gov/epstein/files/Court Records/Giuffre v. Maxwell, No. 115-cv-07433 (S.D.N.Y. 2015)/EFTA02796765.mov"
"https://www.justice.gov/epstein/files/Court Records/Giuffre v. Maxwell, No. 115-cv-07433 (S.D.N.Y. 2015)/EFTA02796803.pdf","https://www.justice.gov/epstein/files/Court Records/Giuffre v. Maxwell, No. 115-cv-07433 (S.D.N.Y. 2015)/EFTA02796803.mov"
"https://www.justice.gov/epstein/files/Court Records/Giuffre v. Maxwell, No. 115-cv-07433 (S.D.N.Y. 2015)/EFTA02796824.pdf","https://www.justice.gov/epstein/files/Court Records/Giuffre v. Maxwell, No. 115-cv-07433 (S.D.N.Y. 2015)/EFTA02796824.mov"
"https://www.justice.gov/epstein/files/Court Records/Giuffre v. Maxwell, No. 115-cv-07433 (S.D.N.Y. 2015)/EFTA02797047.pdf","https://www.justice.gov/epstein/files/Court Records/Giuffre v. Maxwell, No. 115-cv-07433 (S.D.N.Y. 2015)/EFTA02797047.mov"
"https://www.justice.gov/epstein/files/Court Records/Giuffre v. Maxwell, No. 115-cv-07433 (S.D.N.Y. 2015)/EFTA02797117.pdf","https://www.justice.gov/epstein/files/Court Records/Giuffre v. Maxwell, No. 115-cv-07433 (S.D.N.Y. 2015)/EFTA02797117.mov"
"https://www.justice.gov/epstein/files/Court Records/Giuffre v. Maxwell, No. 115-cv-07433 (S.D.N.Y. 2015)/EFTA02797121.pdf","https://www.justice.gov/epstein/files/Court Records/Giuffre v. Maxwell, No. 115-cv-07433 (S.D.N.Y. 2015)/EFTA02797121.mov"
"https://www.justice.gov/epstein/files/Court Records/Giuffre v. Maxwell, No. 115-cv-07433 (S.D.N.Y. 2015)/EFTA02797130.pdf","https://www.justice.gov/epstein/files/Court Records/Giuffre v. Maxwell, No. 115-cv-07433 (S.D.N.Y. 2015)/EFTA02797130.mov"
"https://www.justice.gov/epstein/files/Court Records/Giuffre v. Maxwell, No. 115-cv-07433 (S.D.N.Y. 2015)/EFTA02797213.pdf","https://www.justice.gov/epstein/files/Court Records/Giuffre v. Maxwell, No. 115-cv-07433 (S.D.N.Y. 2015)/EFTA02797213.mov"
"https://www.justice.gov/epstein/files/Court Records/Giuffre v. Maxwell, No. 115-cv-07433 (S.D.N.Y. 2015)/EFTA02797279.pdf","https://www.justice.gov/epstein/files/Court Records/Giuffre v. Maxwell, No. 115-cv-07433 (S.D.N.Y. 2015)/EFTA02797279.mov"
"https://www.justice.gov/epstein/files/Court Records/Giuffre v. Maxwell, No. 115-cv-07433 (S.D.N.Y. 2015)/EFTA02797637.pdf","https://www.justice.gov/epstein/files/Court Records/Giuffre v. Maxwell, No. 115-cv-07433 (S.D.N.Y. 2015)/EFTA02797637.mov"
"https://www.justice.gov/epstein/files/Court Records/Giuffre v. Maxwell, No. 115-cv-07433 (S.D.N.Y. 2015)/EFTA02797755.pdf","https://www.justice.gov/epstein/files/Court Records/Giuffre v. Maxwell, No. 115-cv-07433 (S.D.N.Y. 2015)/EFTA02797755.mov"
"https://www.justice.gov/epstein/files/Court Records/Giuffre v. Maxwell, No. 115-cv-07433 (S.D.N.Y. 2015)/EFTA02797967.pdf","https://www.justice.gov/epstein/files/Court Records/Giuffre v. Maxwell, No. 115-cv-07433 (S.D.N.Y. 2015)/EFTA02797967.mov"
"https://www.justice.gov/epstein/files/Court Records/Giuffre v. Maxwell, No. 115-cv-07433 (S.D.N.Y. 2015)/EFTA02798126.pdf","https://www.justice.gov/epstein/files/Court Records/Giuffre v. Maxwell, No. 115-cv-07433 (S.D.N.Y. 2015)/EFTA02798126.mov"
"https://www.justice.gov/epstein/files/Court Records/Giuffre v. Maxwell, No. 115-cv-07433 (S.D.N.Y. 2015)/EFTA02798138.pdf","https://www.justice.gov/epstein/files/Court Records/Giuffre v. Maxwell, No. 115-cv-07433 (S.D.N.Y. 2015)/EFTA02798138.mov"
"https://www.justice.gov/epstein/files/Court Records/Giuffre v. Maxwell, No. 115-cv-07433 (S.D.N.Y. 2015)/EFTA02798159.pdf","https://www.justice.gov/epstein/files/Court Records/Giuffre v. Maxwell, No. 115-cv-07433 (S.D.N.Y. 2015)/EFTA02798159.mov"
"https://www.justice.gov/epstein/files/Court Records/Giuffre v. Maxwell, No. 115-cv-07433 (S.D.N.Y. 2015)/EFTA02798203.pdf","https://www.justice.gov/epstein/files/Court Records/Giuffre v. Maxwell, No. 115-cv-07433 (S.D.N.Y. 2015)/EFTA02798203.mov"
"https://www.justice.gov/epstein/files/Court Records/Giuffre v. Maxwell, No. 115-cv-07433 (S.D.N.Y. 2015)/EFTA02798227.pdf","https://www.justice.gov/epstein/files/Court Records/Giuffre v. Maxwell, No. 115-cv-07433 (S.D.N.Y. 2015)/EFTA02798227.mov"
"https://www.justice.gov/epstein/files/Court Records/Giuffre v. Maxwell, No. 115-cv-07433 (S.D.N.Y. 2015)/EFTA02798255.pdf","https://www.justice.gov/epstein/files/Court Records/Giuffre v. Maxwell, No. 115-cv-07433 (S.D.N.Y. 2015)/EFTA02798255.mov"
"https://www.justice.gov/epstein/files/Court Records/Giuffre v. Maxwell, No. 115-cv-07433 (S.D.N.Y. 2015)/EFTA02798267.pdf","https://www.justice.gov/epstein/files/Court Records/Giuffre v. Maxwell, No. 115-cv-07433 (S.D.N.Y. 2015)/EFTA02798267.mov"
"https://www.justice.gov/epstein/files/Court Records/Giuffre v. Maxwell, No. 115-cv-07433 (S.D.N.Y. 2015)/EFTA02798334.pdf","https://www.justice.gov/epstein/files/Court Records/Giuffre v. Maxwell, No. 115-cv-07433 (S.D.N.Y. 2015)/EFTA02798334.mov"
"https://www.justice.gov/epstein/files/Court Records/Giuffre v. Maxwell, No. 115-cv-07433 (S.D.N.Y. 2015)/EFTA02798399.pdf","https://www.justice.gov/epstein/files/Court Records/Giuffre v. Maxwell, No. 115-cv-07433 (S.D.N.Y. 2015)/EFTA02798399.mov"
"https://www.justice.gov/epstein/files/Court Records/Giuffre v. Maxwell, No. 115-cv-07433 (S.D.N.Y. 2015)/EFTA02798405.pdf","https://www.justice.gov/epstein/files/Court Records/Giuffre v. Maxwell, No. 115-cv-07433 (S.D.N.Y. 2015)/EFTA02798405.mov"
"https://www.justice.gov/epstein/files/Court Records/Giuffre v. Maxwell, No. 115-cv-07433 (S.D.N.Y. 2015)/EFTA02798564.pdf","https://www.justice.gov/epstein/files/Court Records/Giuffre v. Maxwell, No. 115-cv-07433 (S.D.N.Y. 2015)/EFTA02798564.mov"
"https://www.justice.gov/epstein/files/Court Records/Giuffre v. Maxwell, No. 115-cv-07433 (S.D.N.Y. 2015)/EFTA02798660.pdf","https://www.justice.gov/epstein/files/Court Records/Giuffre v. Maxwell, No. 115-cv-07433 (S.D.N.Y. 2015)/EFTA02798660.mov"
"https://www.justice.gov/epstein/files/Court Records/Giuffre v. Maxwell, No. 115-cv-07433 (S.D.N.Y. 2015)/EFTA02798663.pdf","https://www.justice.gov/epstein/files/Court Records/Giuffre v. Maxwell, No. 115-cv-07433 (S.D.N.Y. 2015)/EFTA02798663.mov"
"https://www.justice.gov/epstein/files/Court Records/Giuffre v. Maxwell, No. 115-cv-07433 (S.D.N.Y. 2015)/EFTA02798739.pdf","https://www.justice.gov/epstein/files/Court Records/Giuffre v. Maxwell, No. 115-cv-07433 (S.D.N.Y. 2015)/EFTA02798739.mov"
"https://www.justice.gov/epstein/files/Court Records/Giuffre v. Maxwell, No. 115-cv-07433 (S.D.N.Y. 2015)/EFTA02798863.pdf","https://www.justice.gov/epstein/files/Court Records/Giuffre v. Maxwell, No. 115-cv-07433 (S.D.N.Y. 2015)/EFTA02798863.mov"
"https://www.justice.gov/epstein/files/Court Records/Giuffre v. Maxwell, No. 115-cv-07433 (S.D.N.Y. 2015)/EFTA02798952.pdf","https://www.justice.gov/epstein/files/Court Records/Giuffre v. Maxwell, No. 115-cv-07433 (S.D.N.Y. 2015)/EFTA02798952.mov"
"https://www.justice.gov/epstein/files/Court Records/Giuffre v. Maxwell, No. 115-cv-07433 (S.D.N.Y. 2015)/EFTA02798958.pdf","https://www.justice.gov/epstein/files/Court Records/Giuffre v. Maxwell, No. 115-cv-07433 (S.D.N.Y. 2015)/EFTA02798958.mov"
"https://www.justice.gov/epstein/files/Court Records/Giuffre v. Maxwell, No. 115-cv-07433 (S.D.N.Y. 2015)/EFTA02798989.pdf","https://www.justice.gov/epstein/files/Court Records/Giuffre v. Maxwell, No. 115-cv-07433 (S.D.N.Y. 2015)/EFTA02798989.mov"
"https://www.justice.gov/epstein/files/Court Records/Giuffre v. Maxwell, No. 115-cv-07433 (S.D.N.Y. 2015)/EFTA02798991.pdf","https://www.justice.gov/epstein/files/Court Records/Giuffre v. Maxwell, No. 115-cv-07433 (S.D.N.Y. 2015)/EFTA02798991.mov"
"https://www.justice.gov/epstein/files/Court Records/Giuffre v. Maxwell, No. 115-cv-07433 (S.D.N.Y. 2015)/EFTA02799129.pdf","https://www.justice.gov/epstein/files/Court Records/Giuffre v. Maxwell, No. 115-cv-07433 (S.D.N.Y. 2015)/EFTA02799129.mov"
"https://www.justice.gov/epstein/files/Court Records/Giuffre v. Maxwell, No. 115-cv-07433 (S.D.N.Y. 2015)/EFTA02799130.pdf","https://www.justice.gov/epstein/files/Court Records/Giuffre v. Maxwell, No. 115-cv-07433 (S.D.N.Y. 2015)/EFTA02799130.mov"
"https://www.justice.gov/epstein/files/Court Records/Giuffre v. Maxwell, No. 115-cv-07433 (S.D.N.Y. 2015)/EFTA02799252.pdf","https://www.justice.gov/epstein/files/Court Records/Giuffre v. Maxwell, No. 115-cv-07433 (S.D.N.Y. 2015)/EFTA02799252.mov"
"https://www.justice.gov/epstein/files/Court Records/Giuffre v. Maxwell, No. 115-cv-07433 (S.D.N.Y. 2015)/EFTA02799272.pdf","https://www.justice.gov/epstein/files/Court Records/Giuffre v. Maxwell, No. 115-cv-07433 (S.D.N.Y. 2015)/EFTA02799272.mov"
"https://www.justice.gov/epstein/files/Court Records/Giuffre v. Maxwell, No. 115-cv-07433 (S.D.N.Y. 2015)/EFTA02799279.pdf","https://www.justice.gov/epstein/files/Court Records/Giuffre v. Maxwell, No. 115-cv-07433 (S.D.N.Y. 2015)/EFTA02799279.mov"
"https://www.justice.gov/epstein/files/Court Records/Giuffre v. Maxwell, No. 115-cv-07433 (S.D.N.Y. 2015)/EFTA02799359.pdf","https://www.justice.gov/epstein/files/Court Records/Giuffre v. Maxwell, No. 115-cv-07433 (S.D.N.Y. 2015)/EFTA02799359.mov"
"https://www.justice.gov/epstein/files/Court Records/Giuffre v. Maxwell, No. 115-cv-07433 (S.D.N.Y. 2015)/EFTA02799372.pdf","https://www.justice.gov/epstein/files/Court Records/Giuffre v. Maxwell, No. 115-cv-07433 (S.D.N.Y. 2015)/EFTA02799372.mov"
"https://www.justice.gov/epstein/files/Court Records/Giuffre v. Maxwell, No. 115-cv-07433 (S.D.N.Y. 2015)/EFTA02799383.pdf","https://www.justice.gov/epstein/files/Court Records/Giuffre v. Maxwell, No. 115-cv-07433 (S.D.N.Y. 2015)/EFTA02799383.mov"
"https://www.justice.gov/epstein/files/Court Records/Giuffre v. Maxwell, No. 115-cv-07433 (S.D.N.Y. 2015)/EFTA02799384.pdf","https://www.justice.gov/epstein/files/Court Records/Giuffre v. Maxwell, No. 115-cv-07433 (S.D.N.Y. 2015)/EFTA02799384.mov"
"https://www.justice.gov/epstein/files/Court Records/Giuffre v. Maxwell, No. 115-cv-07433 (S.D.N.Y. 2015)/EFTA02799389.pdf","https://www.justice.gov/epstein/files/Court Records/Giuffre v. Maxwell, No. 115-cv-07433 (S.D.N.Y. 2015)/EFTA02799389.mov"
"https://www.justice.gov/epstein/files/Court Records/Giuffre v. Maxwell, No. 115-cv-07433 (S.D.N.Y. 2015)/EFTA02799406.pdf","https://www.justice.gov/epstein/files/Court Records/Giuffre v. Maxwell, No. 115-cv-07433 (S.D.N.Y. 2015)/EFTA02799406.mov"
"https://www.justice.gov/epstein/files/Court Records/Giuffre v. Maxwell, No. 115-cv-07433 (S.D.N.Y. 2015)/EFTA02799465.pdf","https://www.justice.gov/epstein/files/Court Records/Giuffre v. Maxwell, No. 115-cv-07433 (S.D.N.Y. 2015)/EFTA02799465.mov"
"https://www.justice.gov/epstein/files/Court Records/Giuffre v. Maxwell, No. 115-cv-07433 (S.D.N.Y. 2015)/EFTA02799496.pdf","https://www.justice.gov/epstein/files/Court Records/Giuffre v. Maxwell, No. 115-cv-07433 (S.D.N.Y. 2015)/EFTA02799496.mov"
"https://www.justice.gov/epstein/files/Court Records/Giuffre v. Maxwell, No. 115-cv-07433 (S.D.N.Y. 2015)/EFTA02799580.pdf","https://www.justice.gov/epstein/files/Court Records/Giuffre v. Maxwell, No. 115-cv-07433 (S.D.N.Y. 2015)/EFTA02799580.mov"
"https://www.justice.gov/epstein/files/Court Records/Giuffre v. Maxwell, No. 115-cv-07433 (S.D.N.Y. 2015)/EFTA02799636.pdf","https://www.justice.gov/epstein/files/Court Records/Giuffre v. Maxwell, No. 115-cv-07433 (S.D.N.Y. 2015)/EFTA02799636.mov"
"https://www.justice.gov/epstein/files/Court Records/Giuffre v. Maxwell, No. 115-cv-07433 (S.D.N.Y. 2015)/EFTA02799658.pdf","https://www.justice.gov/epstein/files/Court Records/Giuffre v. Maxwell, No. 115-cv-07433 (S.D.N.Y. 2015)/EFTA02799658.mov"
"https://www.justice.gov/epstein/files/Court Records/Giuffre v. Maxwell, No. 115-cv-07433 (S.D.N.Y. 2015)/EFTA02799661.pdf","https://www.justice.gov/epstein/files/Court Records/Giuffre v. Maxwell, No. 115-cv-07433 (S.D.N.Y. 2015)/EFTA02799661.mov"
"https://www.justice.gov/epstein/files/Court Records/Giuffre v. Maxwell, No. 115-cv-07433 (S.D.N.Y. 2015)/EFTA02799662.pdf","https://www.justice.gov/epstein/files/Court Records/Giuffre v. Maxwell, No. 115-cv-07433 (S.D.N.Y. 2015)/EFTA02799662.mov"
"https://www.justice.gov/epstein/files/Court Records/Giuffre v. Maxwell, No. 115-cv-07433 (S.D.N.Y. 2015)/EFTA02799663.pdf","https://www.justice.gov/epstein/files/Court Records/Giuffre v. Maxwell, No. 115-cv-07433 (S.D.N.Y. 2015)/EFTA02799663.mov"
"https://www.justice.gov/epstein/files/Court Records/Giuffre v. Maxwell, No. 115-cv-07433 (S.D.N.Y. 2015)/EFTA02799670.pdf","https://www.justice.gov/epstein/files/Court Records/Giuffre v. Maxwell, No. 115-cv-07433 (S.D.N.Y. 2015)/EFTA02799670.mov"
"https://www.justice.gov/epstein/files/Court Records/Giuffre v. Maxwell, No. 115-cv-07433 (S.D.N.Y. 2015)/EFTA02799740.pdf","https://www.justice.gov/epstein/files/Court Records/Giuffre v. Maxwell, No. 115-cv-07433 (S.D.N.Y. 2015)/EFTA02799740.mov"
"https://www.justice.gov/epstein/files/Court Records/Giuffre v. Maxwell, No. 115-cv-07433 (S.D.N.Y. 2015)/EFTA02799764.pdf","https://www.justice.gov/epstein/files/Court Records/Giuffre v. Maxwell, No. 115-cv-07433 (S.D.N.Y. 2015)/EFTA02799764.mov"
"https://www.justice.gov/epstein/files/Court Records/Giuffre v. Maxwell, No. 115-cv-07433 (S.D.N.Y. 2015)/EFTA02799807.pdf","https://www.justice.gov/epstein/files/Court Records/Giuffre v. Maxwell, No. 115-cv-07433 (S.D.N.Y. 2015)/EFTA02799807.mov"
"https://www.justice.gov/epstein/files/Court Records/Giuffre v. Maxwell, No. 115-cv-07433 (S.D.N.Y. 2015)/EFTA02799860.pdf","https://www.justice.gov/epstein/files/Court Records/Giuffre v. Maxwell, No. 115-cv-07433 (S.D.N.Y. 2015)/EFTA02799860.mov"
"https://www.justice.gov/epstein/files/Court Records/Giuffre v. Maxwell, No. 115-cv-07433 (S.D.N.Y. 2015)/EFTA02799969.pdf","https://www.justice.gov/epstein/files/Court Records/Giuffre v. Maxwell, No. 115-cv-07433 (S.D.N.Y. 2015)/EFTA02799969.mov"
"https://www.justice.gov/epstein/files/Court Records/Giuffre v. Maxwell, No. 115-cv-07433 (S.D.N.Y. 2015)/EFTA02799981.pdf","https://www.justice.gov/epstein/files/Court Records/Giuffre v. Maxwell, No. 115-cv-07433 (S.D.N.Y. 2015)/EFTA02799981.mov"
"https://www.justice.gov/epstein/files/Court Records/Giuffre v. Maxwell, No. 115-cv-07433 (S.D.N.Y. 2015)/EFTA02800001.pdf","https://www.justice.gov/epstein/files/Court Records/Giuffre v. Maxwell, No. 115-cv-07433 (S.D.N.Y. 2015)/EFTA02800001.mov"
"https://www.justice.gov/epstein/files/Court Records/Giuffre v. Maxwell, No. 115-cv-07433 (S.D.N.Y. 2015)/EFTA02800052.pdf","https://www.justice.gov/epstein/files/Court Records/Giuffre v. Maxwell, No. 115-cv-07433 (S.D.N.Y. 2015)/EFTA02800052.mov"
"https://www.justice.gov/epstein/files/Court Records/Giuffre v. Maxwell, No. 115-cv-07433 (S.D.N.Y. 2015)/EFTA02800225.pdf","https://www.justice.gov/epstein/files/Court Records/Giuffre v. Maxwell, No. 115-cv-07433 (S.D.N.Y. 2015)/EFTA02800225.mov"
"https://www.justice.gov/epstein/files/Court Records/Giuffre v. Maxwell, No. 115-cv-07433 (S.D.N.Y. 2015)/EFTA02800239.pdf","https://www.justice.gov/epstein/files/Court Records/Giuffre v. Maxwell, No. 115-cv-07433 (S.D.N.Y. 2015)/EFTA02800239.mov"
"https://www.justice.gov/epstein/files/Court Records/Giuffre v. Maxwell, No. 115-cv-07433 (S.D.N.Y. 2015)/EFTA02800542.pdf","https://www.justice.gov/epstein/files/Court Records/Giuffre v. Maxwell, No. 115-cv-07433 (S.D.N.Y. 2015)/EFTA02800542.mov"
"https://www.justice.gov/epstein/files/Court Records/Giuffre v. Maxwell, No. 115-cv-07433 (S.D.N.Y. 2015)/EFTA02800545.pdf","https://www.justice.gov/epstein/files/Court Records/Giuffre v. Maxwell, No. 115-cv-07433 (S.D.N.Y. 2015)/EFTA02800545.mov"
"https://www.justice.gov/epstein/files/Court Records/Giuffre v. Maxwell, No. 115-cv-07433 (S.D.N.Y. 2015)/EFTA02800550.pdf","https://www.justice.gov/epstein/files/Court Records/Giuffre v. Maxwell, No. 115-cv-07433 (S.D.N.Y. 2015)/EFTA02800550.mov"
"https://www.justice.gov/epstein/files/Court Records/Giuffre v. Maxwell, No. 115-cv-07433 (S.D.N.Y. 2015)/EFTA02800581.pdf","https://www.justice.gov/epstein/files/Court Records/Giuffre v. Maxwell, No. 115-cv-07433 (S.D.N.Y. 2015)/EFTA02800581.mov"
"https://www.justice.gov/epstein/files/Court Records/Giuffre v. Maxwell, No. 115-cv-07433 (S.D.N.Y. 2015)/EFTA02800604.pdf","https://www.justice.gov/epstein/files/Court Records/Giuffre v. Maxwell, No. 115-cv-07433 (S.D.N.Y. 2015)/EFTA02800604.mov"
"https://www.justice.gov/epstein/files/Court Records/Giuffre v. Maxwell, No. 115-cv-07433 (S.D.N.Y. 2015)/EFTA02800621.pdf","https://www.justice.gov/epstein/files/Court Records/Giuffre v. Maxwell, No. 115-cv-07433 (S.D.N.Y. 2015)/EFTA02800621.mov"
"https://www.justice.gov/epstein/files/Court Records/Giuffre v. Maxwell, No. 115-cv-07433 (S.D.N.Y. 2015)/EFTA02800680.pdf","https://www.justice.gov/epstein/files/Court Records/Giuffre v. Maxwell, No. 115-cv-07433 (S.D.N.Y. 2015)/EFTA02800680.mov"
"https://www.justice.gov/epstein/files/Court Records/Giuffre v. Maxwell, No. 115-cv-07433 (S.D.N.Y. 2015)/EFTA02800735.pdf","https://www.justice.gov/epstein/files/Court Records/Giuffre v. Maxwell, No. 115-cv-07433 (S.D.N.Y. 2015)/EFTA02800735.mov"
"https://www.justice.gov/epstein/files/Court Records/Giuffre v. Maxwell, No. 115-cv-07433 (S.D.N.Y. 2015)/EFTA02800761.pdf","https://www.justice.gov/epstein/files/Court Records/Giuffre v. Maxwell, No. 115-cv-07433 (S.D.N.Y. 2015)/EFTA02800761.mov"
"https://www.justice.gov/epstein/files/Court Records/Giuffre v. Maxwell, No. 115-cv-07433 (S.D.N.Y. 2015)/EFTA02800893.pdf","https://www.justice.gov/epstein/files/Court Records/Giuffre v. Maxwell, No. 115-cv-07433 (S.D.N.Y. 2015)/EFTA02800893.mov"
"https://www.justice.gov/epstein/files/Court Records/Giuffre v. Maxwell, No. 115-cv-07433 (S.D.N.Y. 2015)/EFTA02801094.pdf","https://www.justice.gov/epstein/files/Court Records/Giuffre v. Maxwell, No. 115-cv-07433 (S.D.N.Y. 2015)/EFTA02801094.mov"
"https://www.justice.gov/epstein/files/Court Records/Giuffre v. Maxwell, No. 115-cv-07433 (S.D.N.Y. 2015)/EFTA02801356.pdf","https://www.justice.gov/epstein/files/Court Records/Giuffre v. Maxwell, No. 115-cv-07433 (S.D.N.Y. 2015)/EFTA02801356.mov"
"https://www.justice.gov/epstein/files/Court Records/Giuffre v. Maxwell, No. 115-cv-07433 (S.D.N.Y. 2015)/EFTA02801411.pdf","https://www.justice.gov/epstein/files/Court Records/Giuffre v. Maxwell, No. 115-cv-07433 (S.D.N.Y. 2015)/EFTA02801411.mov"
"https://www.justice.gov/epstein/files/Court Records/Giuffre v. Maxwell, No. 115-cv-07433 (S.D.N.Y. 2015)/EFTA02801412.pdf","https://www.justice.gov/epstein/files/Court Records/Giuffre v. Maxwell, No. 115-cv-07433 (S.D.N.Y. 2015)/EFTA02801412.mov"
"https://www.justice.gov/epstein/files/Court Records/Giuffre v. Maxwell, No. 115-cv-07433 (S.D.N.Y. 2015)/EFTA02801447.pdf","https://www.justice.gov/epstein/files/Court Records/Giuffre v. Maxwell, No. 115-cv-07433 (S.D.N.Y. 2015)/EFTA02801447.mov"
"https://www.justice.gov/epstein/files/Court Records/Giuffre v. Maxwell, No. 115-cv-07433 (S.D.N.Y. 2015)/EFTA02801452.pdf","https://www.justice.gov/epstein/files/Court Records/Giuffre v. Maxwell, No. 115-cv-07433 (S.D.N.Y. 2015)/EFTA02801452.mov"
"https://www.justice.gov/epstein/files/Court Records/Giuffre v. Maxwell, No. 115-cv-07433 (S.D.N.Y. 2015)/EFTA02801453.pdf","https://www.justice.gov/epstein/files/Court Records/Giuffre v. Maxwell, No. 115-cv-07433 (S.D.N.Y. 2015)/EFTA02801453.mov"
"https://www.justice.gov/epstein/files/Court Records/Giuffre v. Maxwell, No. 115-cv-07433 (S.D.N.Y. 2015)/EFTA02801463.pdf","https://www.justice.gov/epstein/files/Court Records/Giuffre v. Maxwell, No. 115-cv-07433 (S.D.N.Y. 2015)/EFTA02801463.mov"
"https://www.justice.gov/epstein/files/Court Records/Giuffre v. Maxwell, No. 115-cv-07433 (S.D.N.Y. 2015)/EFTA02801491.pdf","https://www.justice.gov/epstein/files/Court Records/Giuffre v. Maxwell, No. 115-cv-07433 (S.D.N.Y. 2015)/EFTA02801491.mov"
"https://www.justice.gov/epstein/files/Court Records/Giuffre v. Maxwell, No. 115-cv-07433 (S.D.N.Y. 2015)/EFTA02801587.pdf","https://www.justice.gov/epstein/files/Court Records/Giuffre v. Maxwell, No. 115-cv-07433 (S.D.N.Y. 2015)/EFTA02801587.mov"
"https://www.justice.gov/epstein/files/Court Records/Giuffre v. Maxwell, No. 115-cv-07433 (S.D.N.Y. 2015)/EFTA02801643.pdf","https://www.justice.gov/epstein/files/Court Records/Giuffre v. Maxwell, No. 115-cv-07433 (S.D.N.Y. 2015)/EFTA02801643.mov"
"https://www.justice.gov/epstein/files/Court Records/Giuffre v. Maxwell, No. 115-cv-07433 (S.D.N.Y. 2015)/EFTA02801705.pdf","https://www.justice.gov/epstein/files/Court Records/Giuffre v. Maxwell, No. 115-cv-07433 (S.D.N.Y. 2015)/EFTA02801705.mov"
"https://www.justice.gov/epstein/files/Court Records/Giuffre v. Maxwell, No. 115-cv-07433 (S.D.N.Y. 2015)/EFTA02801847.pdf","https://www.justice.gov/epstein/files/Court Records/Giuffre v. Maxwell, No. 115-cv-07433 (S.D.N.Y. 2015)/EFTA02801847.mov"
"https://www.justice.gov/epstein/files/Court Records/Giuffre v. Maxwell, No. 115-cv-07433 (S.D.N.Y. 2015)/EFTA02801851.pdf","https://www.justice.gov/epstein/files/Court Records/Giuffre v. Maxwell, No. 115-cv-07433 (S.D.N.Y. 2015)/EFTA02801851.mov"
"https://www.justice.gov/epstein/files/Court Records/Giuffre v. Maxwell, No. 115-cv-07433 (S.D.N.Y. 2015)/EFTA02801854.pdf","https://www.justice.gov/epstein/files/Court Records/Giuffre v. Maxwell, No. 115-cv-07433 (S.D.N.Y. 2015)/EFTA02801854.mov"
"https://www.justice.gov/epstein/files/Court Records/Giuffre v. Maxwell, No. 115-cv-07433 (S.D.N.Y. 2015)/EFTA02801885.pdf","https://www.justice.gov/epstein/files/Court Records/Giuffre v. Maxwell, No. 115-cv-07433 (S.D.N.Y. 2015)/EFTA02801885.mov"
"https://www.justice.gov/epstein/files/Court Records/Giuffre v. Maxwell, No. 115-cv-07433 (S.D.N.Y. 2015)/EFTA02801911.pdf","https://www.justice.gov/epstein/files/Court Records/Giuffre v. Maxwell, No. 115-cv-07433 (S.D.N.Y. 2015)/EFTA02801911.mov"
"https://www.justice.gov/epstein/files/Court Records/Giuffre v. Maxwell, No. 115-cv-07433 (S.D.N.Y. 2015)/EFTA02801975.pdf","https://www.justice.gov/epstein/files/Court Records/Giuffre v. Maxwell, No. 115-cv-07433 (S.D.N.Y. 2015)/EFTA02801975.mov"
"https://www.justice.gov/epstein/files/Court Records/Giuffre v. Maxwell, No. 115-cv-07433 (S.D.N.Y. 2015)/EFTA02802025.pdf","https://www.justice.gov/epstein/files/Court Records/Giuffre v. Maxwell, No. 115-cv-07433 (S.D.N.Y. 2015)/EFTA02802025.mov"
"https://www.justice.gov/epstein/files/Court Records/Giuffre v. Maxwell, No. 115-cv-07433 (S.D.N.Y. 2015)/EFTA02802085.pdf","https://www.justice.gov/epstein/files/Court Records/Giuffre v. Maxwell, No. 115-cv-07433 (S.D.N.Y. 2015)/EFTA02802085.mov"
"https://www.justice.gov/epstein/files/Court Records/Giuffre v. Maxwell, No. 115-cv-07433 (S.D.N.Y. 2015)/EFTA02802092.pdf","https://www.justice.gov/epstein/files/Court Records/Giuffre v. Maxwell, No. 115-cv-07433 (S.D.N.Y. 2015)/EFTA02802092.mov"
"https://www.justice.gov/epstein/files/Court Records/Giuffre v. Maxwell, No. 115-cv-07433 (S.D.N.Y. 2015)/EFTA02802133.pdf","https://www.justice.gov/epstein/files/Court Records/Giuffre v. Maxwell, No. 115-cv-07433 (S.D.N.Y. 2015)/EFTA02802133.mov"
"https://www.justice.gov/epstein/files/Court Records/Giuffre v. Maxwell, No. 115-cv-07433 (S.D.N.Y. 2015)/EFTA02802155.pdf","https://www.justice.gov/epstein/files/Court Records/Giuffre v. Maxwell, No. 115-cv-07433 (S.D.N.Y. 2015)/EFTA02802155.mov"
"https://www.justice.gov/epstein/files/Court Records/Giuffre v. Maxwell, No. 115-cv-07433 (S.D.N.Y. 2015)/EFTA02802248.pdf","https://www.justice.gov/epstein/files/Court Records/Giuffre v. Maxwell, No. 115-cv-07433 (S.D.N.Y. 2015)/EFTA02802248.mov"
"https://www.justice.gov/epstein/files/Court Records/Giuffre v. Maxwell, No. 115-cv-07433 (S.D.N.Y. 2015)/EFTA02802331.pdf","https://www.justice.gov/epstein/files/Court Records/Giuffre v. Maxwell, No. 115-cv-07433 (S.D.N.Y. 2015)/EFTA02802331.mov"
"https://www.justice.gov/epstein/files/Court Records/Giuffre v. Maxwell, No. 115-cv-07433 (S.D.N.Y. 2015)/EFTA02802332.pdf","https://www.justice.gov/epstein/files/Court Records/Giuffre v. Maxwell, No. 115-cv-07433 (S.D.N.Y. 2015)/EFTA02802332.mov"
"https://www.justice.gov/epstein/files/Court Records/Giuffre v. Maxwell, No. 115-cv-07433 (S.D.N.Y. 2015)/EFTA02802361.pdf","https://www.justice.gov/epstein/files/Court Records/Giuffre v. Maxwell, No. 115-cv-07433 (S.D.N.Y. 2015)/EFTA02802361.mov"
"https://www.justice.gov/epstein/files/Court Records/Giuffre v. Maxwell, No. 115-cv-07433 (S.D.N.Y. 2015)/EFTA02802392.pdf","https://www.justice.gov/epstein/files/Court Records/Giuffre v. Maxwell, No. 115-cv-07433 (S.D.N.Y. 2015)/EFTA02802392.mov"
"https://www.justice.gov/epstein/files/Court Records/Giuffre v. Maxwell, No. 115-cv-07433 (S.D.N.Y. 2015)/EFTA02802393.pdf","https://www.justice.gov/epstein/files/Court Records/Giuffre v. Maxwell, No. 115-cv-07433 (S.D.N.Y. 2015)/EFTA02802393.mov"
"https://www.justice.gov/epstein/files/Court Records/Giuffre v. Maxwell, No. 115-cv-07433 (S.D.N.Y. 2015)/EFTA02802407.pdf","https://www.justice.gov/epstein/files/Court Records/Giuffre v. Maxwell, No. 115-cv-07433 (S.D.N.Y. 2015)/EFTA02802407.mov"
"https://www.justice.gov/epstein/files/Court Records/Giuffre v. Maxwell, No. 115-cv-07433 (S.D.N.Y. 2015)/EFTA02802451.pdf","https://www.justice.gov/epstein/files/Court Records/Giuffre v. Maxwell, No. 115-cv-07433 (S.D.N.Y. 2015)/EFTA02802451.mov"
"https://www.justice.gov/epstein/files/Court Records/Giuffre v. Maxwell, No. 115-cv-07433 (S.D.N.Y. 2015)/EFTA02802458.pdf","https://www.justice.gov/epstein/files/Court Records/Giuffre v. Maxwell, No. 115-cv-07433 (S.D.N.Y. 2015)/EFTA02802458.mov"
"https://www.justice.gov/epstein/files/Court Records/Giuffre v. Maxwell, No. 115-cv-07433 (S.D.N.Y. 2015)/EFTA02802617.pdf","https://www.justice.gov/epstein/files/Court Records/Giuffre v. Maxwell, No. 115-cv-07433 (S.D.N.Y. 2015)/EFTA02802617.mov"
"https://www.justice.gov/epstein/files/Court Records/Giuffre v. Maxwell, No. 115-cv-07433 (S.D.N.Y. 2015)/EFTA02802766.pdf","https://www.justice.gov/epstein/files/Court Records/Giuffre v. Maxwell, No. 115-cv-07433 (S.D.N.Y. 2015)/EFTA02802766.mov"
"https://www.justice.gov/epstein/files/Court Records/Giuffre v. Maxwell, No. 115-cv-07433 (S.D.N.Y. 2015)/EFTA02802779.pdf","https://www.justice.gov/epstein/files/Court Records/Giuffre v. Maxwell, No. 115-cv-07433 (S.D.N.Y. 2015)/EFTA02802779.mov"
"https://www.justice.gov/epstein/files/Court Records/Giuffre v. Maxwell, No. 115-cv-07433 (S.D.N.Y. 2015)/EFTA02802787.pdf","https://www.justice.gov/epstein/files/Court Records/Giuffre v. Maxwell, No. 115-cv-07433 (S.D.N.Y. 2015)/EFTA02802787.mov"
"https://www.justice.gov/epstein/files/Court Records/Giuffre v. Maxwell, No. 115-cv-07433 (S.D.N.Y. 2015)/EFTA02802793.pdf","https://www.justice.gov/epstein/files/Court Records/Giuffre v. Maxwell, No. 115-cv-07433 (S.D.N.Y. 2015)/EFTA02802793.mov"
"https://www.justice.gov/epstein/files/Court Records/Giuffre v. Maxwell, No. 115-cv-07433 (S.D.N.Y. 2015)/EFTA02802838.pdf","https://www.justice.gov/epstein/files/Court Records/Giuffre v. Maxwell, No. 115-cv-07433 (S.D.N.Y. 2015)/EFTA02802838.mov"
"https://www.justice.gov/epstein/files/Court Records/Giuffre v. Maxwell, No. 115-cv-07433 (S.D.N.Y. 2015)/EFTA02802844.pdf","https://www.justice.gov/epstein/files/Court Records/Giuffre v. Maxwell, No. 115-cv-07433 (S.D.N.Y. 2015)/EFTA02802844.mov"
"https://www.justice.gov/epstein/files/Court Records/Giuffre v. Maxwell, No. 115-cv-07433 (S.D.N.Y. 2015)/EFTA02802862.pdf","https://www.justice.gov/epstein/files/Court Records/Giuffre v. Maxwell, No. 115-cv-07433 (S.D.N.Y. 2015)/EFTA02802862.mov"
"https://www.justice.gov/epstein/files/Court Records/Giuffre v. Maxwell, No. 115-cv-07433 (S.D.N.Y. 2015)/EFTA02802901.pdf","https://www.justice.gov/epstein/files/Court Records/Giuffre v. Maxwell, No. 115-cv-07433 (S.D.N.Y. 2015)/EFTA02802901.mov"
"https://www.justice.gov/epstein/files/Court Records/Giuffre v. Maxwell, No. 115-cv-07433 (S.D.N.Y. 2015)/EFTA02802963.pdf","https://www.justice.gov/epstein/files/Court Records/Giuffre v. Maxwell, No. 115-cv-07433 (S.D.N.Y. 2015)/EFTA02802963.mov"
"https://www.justice.gov/epstein/files/Court Records/Giuffre v. Maxwell, No. 115-cv-07433 (S.D.N.Y. 2015)/EFTA02802991.pdf","https://www.justice.gov/epstein/files/Court Records/Giuffre v. Maxwell, No. 115-cv-07433 (S.D.N.Y. 2015)/EFTA02802991.mov"
"https://www.justice.gov/epstein/files/Court Records/Giuffre v. Maxwell, No. 115-cv-07433 (S.D.N.Y. 2015)/EFTA02803031.pdf","https://www.justice.gov/epstein/files/Court Records/Giuffre v. Maxwell, No. 115-cv-07433 (S.D.N.Y. 2015)/EFTA02803031.mov"
"https://www.justice.gov/epstein/files/Court Records/Giuffre v. Maxwell, No. 115-cv-07433 (S.D.N.Y. 2015)/EFTA02803073.pdf","https://www.justice.gov/epstein/files/Court Records/Giuffre v. Maxwell, No. 115-cv-07433 (S.D.N.Y. 2015)/EFTA02803073.mov"
"https://www.justice.gov/epstein/files/Court Records/Giuffre v. Maxwell, No. 115-cv-07433 (S.D.N.Y. 2015)/EFTA02803093.pdf","https://www.justice.gov/epstein/files/Court Records/Giuffre v. Maxwell, No. 115-cv-07433 (S.D.N.Y. 2015)/EFTA02803093.mov"
"https://www.justice.gov/epstein/files/Court Records/Giuffre v. Maxwell, No. 115-cv-07433 (S.D.N.Y. 2015)/EFTA02803313.pdf","https://www.justice.gov/epstein/files/Court Records/Giuffre v. Maxwell, No. 115-cv-07433 (S.D.N.Y. 2015)/EFTA02803313.mov"
"https://www.justice.gov/epstein/files/Court Records/Giuffre v. Maxwell, No. 115-cv-07433 (S.D.N.Y. 2015)/EFTA02803314.pdf","https://www.justice.gov/epstein/files/Court Records/Giuffre v. Maxwell, No. 115-cv-07433 (S.D.N.Y. 2015)/EFTA02803314.mov"
"https://www.justice.gov/epstein/files/Court Records/Giuffre v. Maxwell, No. 115-cv-07433 (S.D.N.Y. 2015)/EFTA02803585.pdf","https://www.justice.gov/epstein/files/Court Records/Giuffre v. Maxwell, No. 115-cv-07433 (S.D.N.Y. 2015)/EFTA02803585.mov"
"https://www.justice.gov/epstein/files/Court Records/Giuffre v. Maxwell, No. 115-cv-07433 (S.D.N.Y. 2015)/EFTA02803603.pdf","https://www.justice.gov/epstein/files/Court Records/Giuffre v. Maxwell, No. 115-cv-07433 (S.D.N.Y. 2015)/EFTA02803603.mov"
"https://www.justice.gov/epstein/files/Court Records/Giuffre v. Maxwell, No. 115-cv-07433 (S.D.N.Y. 2015)/EFTA02803676.pdf","https://www.justice.gov/epstein/files/Court Records/Giuffre v. Maxwell, No. 115-cv-07433 (S.D.N.Y. 2015)/EFTA02803676.mov"
"https://www.justice.gov/epstein/files/Court Records/Giuffre v. Maxwell, No. 115-cv-07433 (S.D.N.Y. 2015)/EFTA02803777.pdf","https://www.justice.gov/epstein/files/Court Records/Giuffre v. Maxwell, No. 115-cv-07433 (S.D.N.Y. 2015)/EFTA02803777.mov"
"https://www.justice.gov/epstein/files/Court Records/Giuffre v. Maxwell, No. 115-cv-07433 (S.D.N.Y. 2015)/EFTA02803780.pdf","https://www.justice.gov/epstein/files/Court Records/Giuffre v. Maxwell, No. 115-cv-07433 (S.D.N.Y. 2015)/EFTA02803780.mov"
"https://www.justice.gov/epstein/files/Court Records/Giuffre v. Maxwell, No. 115-cv-07433 (S.D.N.Y. 2015)/EFTA02803864.pdf","https://www.justice.gov/epstein/files/Court Records/Giuffre v. Maxwell, No. 115-cv-07433 (S.D.N.Y. 2015)/EFTA02803864.mov"
"https://www.justice.gov/epstein/files/Court Records/Giuffre v. Maxwell, No. 115-cv-07433 (S.D.N.Y. 2015)/EFTA02803883.pdf","https://www.justice.gov/epstein/files/Court Records/Giuffre v. Maxwell, No. 115-cv-07433 (S.D.N.Y. 2015)/EFTA02803883.mov"
"https://www.justice.gov/epstein/files/Court Records/Giuffre v. Maxwell, No. 115-cv-07433 (S.D.N.Y. 2015)/EFTA02803887.pdf","https://www.justice.gov/epstein/files/Court Records/Giuffre v. Maxwell, No. 115-cv-07433 (S.D.N.Y. 2015)/EFTA02803887.mov"
"https://www.justice.gov/epstein/files/Court Records/Giuffre v. Maxwell, No. 115-cv-07433 (S.D.N.Y. 2015)/EFTA02803903.pdf","https://www.justice.gov/epstein/files/Court Records/Giuffre v. Maxwell, No. 115-cv-07433 (S.D.N.Y. 2015)/EFTA02803903.mov"
"https://www.justice.gov/epstein/files/Court Records/Giuffre v. Maxwell, No. 115-cv-07433 (S.D.N.Y. 2015)/EFTA02804295.pdf","https://www.justice.gov/epstein/files/Court Records/Giuffre v. Maxwell, No. 115-cv-07433 (S.D.N.Y. 2015)/EFTA02804295.mov"
"https://www.justice.gov/epstein/files/Court Records/Giuffre v. Maxwell, No. 115-cv-07433 (S.D.N.Y. 2015)/EFTA02804296.pdf","https://www.justice.gov/epstein/files/Court Records/Giuffre v. Maxwell, No. 115-cv-07433 (S.D.N.Y. 2015)/EFTA02804296.mov"
"https://www.justice.gov/epstein/files/Court Records/Giuffre v. Maxwell, No. 115-cv-07433 (S.D.N.Y. 2015)/EFTA02804453.pdf","https://www.justice.gov/epstein/files/Court Records/Giuffre v. Maxwell, No. 115-cv-07433 (S.D.N.Y. 2015)/EFTA02804453.mov"
"https://www.justice.gov/epstein/files/Court Records/Giuffre v. Maxwell, No. 115-cv-07433 (S.D.N.Y. 2015)/EFTA02804462.pdf","https://www.justice.gov/epstein/files/Court Records/Giuffre v. Maxwell, No. 115-cv-07433 (S.D.N.Y. 2015)/EFTA02804462.mov"
"https://www.justice.gov/epstein/files/Court Records/Giuffre v. Maxwell, No. 115-cv-07433 (S.D.N.Y. 2015)/EFTA02804579.pdf","https://www.justice.gov/epstein/files/Court Records/Giuffre v. Maxwell, No. 115-cv-07433 (S.D.N.Y. 2015)/EFTA02804579.mov"
"https://www.justice.gov/epstein/files/Court Records/Giuffre v. Maxwell, No. 115-cv-07433 (S.D.N.Y. 2015)/EFTA02804608.pdf","https://www.justice.gov/epstein/files/Court Records/Giuffre v. Maxwell, No. 115-cv-07433 (S.D.N.Y. 2015)/EFTA02804608.mov"
"https://www.justice.gov/epstein/files/Court Records/Giuffre v. Maxwell, No. 115-cv-07433 (S.D.N.Y. 2015)/EFTA02804609.pdf","https://www.justice.gov/epstein/files/Court Records/Giuffre v. Maxwell, No. 115-cv-07433 (S.D.N.Y. 2015)/EFTA02804609.mov"
"https://www.justice.gov/epstein/files/Court Records/Giuffre v. Maxwell, No. 115-cv-07433 (S.D.N.Y. 2015)/EFTA02804615.pdf","https://www.justice.gov/epstein/files/Court Records/Giuffre v. Maxwell, No. 115-cv-07433 (S.D.N.Y. 2015)/EFTA02804615.mov"
"https://www.justice.gov/epstein/files/Court Records/Giuffre v. Maxwell, No. 115-cv-07433 (S.D.N.Y. 2015)/EFTA02804623.pdf","https://www.justice.gov/epstein/files/Court Records/Giuffre v. Maxwell, No. 115-cv-07433 (S.D.N.Y. 2015)/EFTA02804623.mov"
"https://www.justice.gov/epstein/files/Court Records/Giuffre v. Maxwell, No. 115-cv-07433 (S.D.N.Y. 2015)/EFTA02804634.pdf","https://www.justice.gov/epstein/files/Court Records/Giuffre v. Maxwell, No. 115-cv-07433 (S.D.N.Y. 2015)/EFTA02804634.mov"
"https://www.justice.gov/epstein/files/Court Records/Giuffre v. Maxwell, No. 115-cv-07433 (S.D.N.Y. 2015)/EFTA02804695.pdf","https://www.justice.gov/epstein/files/Court Records/Giuffre v. Maxwell, No. 115-cv-07433 (S.D.N.Y. 2015)/EFTA02804695.mov"
"https://www.justice.gov/epstein/files/Court Records/Giuffre v. Maxwell, No. 115-cv-07433 (S.D.N.Y. 2015)/EFTA02804757.pdf","https://www.justice.gov/epstein/files/Court Records/Giuffre v. Maxwell, No. 115-cv-07433 (S.D.N.Y. 2015)/EFTA02804757.mov"
"https://www.justice.gov/epstein/files/Court Records/Giuffre v. Maxwell, No. 115-cv-07433 (S.D.N.Y. 2015)/EFTA02804773.pdf","https://www.justice.gov/epstein/files/Court Records/Giuffre v. Maxwell, No. 115-cv-07433 (S.D.N.Y. 2015)/EFTA02804773.mov"
"https://www.justice.gov/epstein/files/Court Records/Giuffre v. Maxwell, No. 115-cv-07433 (S.D.N.Y. 2015)/EFTA02804790.pdf","https://www.justice.gov/epstein/files/Court Records/Giuffre v. Maxwell, No. 115-cv-07433 (S.D.N.Y. 2015)/EFTA02804790.mov"
"https://www.justice.gov/epstein/files/Court Records/Giuffre v. Maxwell, No. 115-cv-07433 (S.D.N.Y. 2015)/EFTA02804836.pdf","https://www.justice.gov/epstein/files/Court Records/Giuffre v. Maxwell, No. 115-cv-07433 (S.D.N.Y. 2015)/EFTA02804836.mov"
"https://www.justice.gov/epstein/files/Court Records/Giuffre v. Maxwell, No. 115-cv-07433 (S.D.N.Y. 2015)/EFTA02804913.pdf","https://www.justice.gov/epstein/files/Court Records/Giuffre v. Maxwell, No. 115-cv-07433 (S.D.N.Y. 2015)/EFTA02804913.mov"
"https://www.justice.gov/epstein/files/Court Records/Giuffre v. Maxwell, No. 115-cv-07433 (S.D.N.Y. 2015)/EFTA02804992.pdf","https://www.justice.gov/epstein/files/Court Records/Giuffre v. Maxwell, No. 115-cv-07433 (S.D.N.Y. 2015)/EFTA02804992.mov"
"https://www.justice.gov/epstein/files/Court Records/Giuffre v. Maxwell, No. 115-cv-07433 (S.D.N.Y. 2015)/EFTA02805396.pdf","https://www.justice.gov/epstein/files/Court Records/Giuffre v. Maxwell, No. 115-cv-07433 (S.D.N.Y. 2015)/EFTA02805396.mov"
"https://www.justice.gov/epstein/files/Court Records/Government of the United States Virgin Islands v. JPMorgan Chase Bank, N.A., No. 122-cv-10904 (S.D.N.Y. 2022)/EFTA02806039.pdf","https://www.justice.gov/epstein/files/Court Records/Government of the United States Virgin Islands v. JPMorgan Chase Bank, N.A., No. 122-cv-10904 (S.D.N.Y. 2022)/EFTA02806039.mov"
"https://www.justice.gov/epstein/files/Court Records/Government of the United States Virgin Islands v. JPMorgan Chase Bank, N.A., No. 122-cv-10904 (S.D.N.Y. 2022)/EFTA02806340.pdf","https://www.justice.gov/epstein/files/Court Records/Government of the United States Virgin Islands v. JPMorgan Chase Bank, N.A., No. 122-cv-10904 (S.D.N.Y. 2022)/EFTA02806340.mov"
"https://www.justice.gov/epstein/files/Court Records/Government of the United States Virgin Islands v. JPMorgan Chase Bank, N.A., No. 122-cv-10904 (S.D.N.Y. 2022)/EFTA02806360.pdf","https://www.justice.gov/epstein/files/Court Records/Government of the United States Virgin Islands v. JPMorgan Chase Bank, N.A., No. 122-cv-10904 (S.D.N.Y. 2022)/EFTA02806360.mov"
"https://www.justice.gov/epstein/files/Court Records/Government of the United States Virgin Islands v. JPMorgan Chase Bank, N.A., No. 122-cv-10904 (S.D.N.Y. 2022)/EFTA02806793.pdf","https://www.justice.gov/epstein/files/Court Records/Government of the United States Virgin Islands v. JPMorgan Chase Bank, N.A., No. 122-cv-10904 (S.D.N.Y. 2022)/EFTA02806793.mov"
"https://www.justice.gov/epstein/files/Court Records/Government of the United States Virgin Islands v. JPMorgan Chase Bank, N.A., No. 122-cv-10904 (S.D.N.Y. 2022)/EFTA02806934.pdf","https://www.justice.gov/epstein/files/Court Records/Government of the United States Virgin Islands v. JPMorgan Chase Bank, N.A., No. 122-cv-10904 (S.D.N.Y. 2022)/EFTA02806934.mov"
"https://www.justice.gov/epstein/files/Court Records/Government of the United States Virgin Islands v. JPMorgan Chase Bank, N.A., No. 122-cv-10904 (S.D.N.Y. 2022)/EFTA02807089.pdf","https://www.justice.gov/epstein/files/Court Records/Government of the United States Virgin Islands v. JPMorgan Chase Bank, N.A., No. 122-cv-10904 (S.D.N.Y. 2022)/EFTA02807089.mov"
"https://www.justice.gov/epstein/files/Court Records/Government of the United States Virgin Islands v. JPMorgan Chase Bank, N.A., No. 122-cv-10904 (S.D.N.Y. 2022)/EFTA02807175.pdf","https://www.justice.gov/epstein/files/Court Records/Government of the United States Virgin Islands v. JPMorgan Chase Bank, N.A., No. 122-cv-10904 (S.D.N.Y. 2022)/EFTA02807175.mov"
"https://www.justice.gov/epstein/files/Court Records/Government of the United States Virgin Islands v. JPMorgan Chase Bank, N.A., No. 122-cv-10904 (S.D.N.Y. 2022)/EFTA02807295.pdf","https://www.justice.gov/epstein/files/Court Records/Government of the United States Virgin Islands v. JPMorgan Chase Bank, N.A., No. 122-cv-10904 (S.D.N.Y. 2022)/EFTA02807295.mov"
"https://www.justice.gov/epstein/files/Court Records/Government of the United States Virgin Islands v. JPMorgan Chase Bank, N.A., No. 122-cv-10904 (S.D.N.Y. 2022)/EFTA02807654.pdf","https://www.justice.gov/epstein/files/Court Records/Government of the United States Virgin Islands v. JPMorgan Chase Bank, N.A., No. 122-cv-10904 (S.D.N.Y. 2022)/EFTA02807654.mov"
"https://www.justice.gov/epstein/files/Court Records/Government of the United States Virgin Islands v. JPMorgan Chase Bank, N.A., No. 122-cv-10904 (S.D.N.Y. 2022)/EFTA02807706.pdf","https://www.justice.gov/epstein/files/Court Records/Government of the United States Virgin Islands v. JPMorgan Chase Bank, N.A., No. 122-cv-10904 (S.D.N.Y. 2022)/EFTA02807706.mov"
"https://www.justice.gov/epstein/files/Court Records/Government of the United States Virgin Islands v. JPMorgan Chase Bank, N.A., No. 122-cv-10904 (S.D.N.Y. 2022)/EFTA02807725.pdf","https://www.justice.gov/epstein/files/Court Records/Government of the United States Virgin Islands v. JPMorgan Chase Bank, N.A., No. 122-cv-10904 (S.D.N.Y. 2022)/EFTA02807725.mov"
"https://www.justice.gov/epstein/files/Court Records/Government of the United States Virgin Islands v. JPMorgan Chase Bank, N.A., No. 122-cv-10904 (S.D.N.Y. 2022)/EFTA02807741.pdf","https://www.justice.gov/epstein/files/Court Records/Government of the United States Virgin Islands v. JPMorgan Chase Bank, N.A., No. 122-cv-10904 (S.D.N.Y. 2022)/EFTA02807741.mov"
"https://www.justice.gov/epstein/files/Court Records/Government of the United States Virgin Islands v. JPMorgan Chase Bank, N.A., No. 122-cv-10904 (S.D.N.Y. 2022)/EFTA02807759.pdf","https://www.justice.gov/epstein/files/Court Records/Government of the United States Virgin Islands v. JPMorgan Chase Bank, N.A., No. 122-cv-10904 (S.D.N.Y. 2022)/EFTA02807759.mov"
"https://www.justice.gov/epstein/files/Court Records/Government of the United States Virgin Islands v. JPMorgan Chase Bank, N.A., No. 122-cv-10904 (S.D.N.Y. 2022)/EFTA02807845.pdf","https://www.justice.gov/epstein/files/Court Records/Government of the United States Virgin Islands v. JPMorgan Chase Bank, N.A., No. 122-cv-10904 (S.D.N.Y. 2022)/EFTA02807845.mov"
"https://www.justice.gov/epstein/files/Court Records/Government of the United States Virgin Islands v. JPMorgan Chase Bank, N.A., No. 122-cv-10904 (S.D.N.Y. 2022)/EFTA02807847.pdf","https://www.justice.gov/epstein/files/Court Records/Government of the United States Virgin Islands v. JPMorgan Chase Bank, N.A., No. 122-cv-10904 (S.D.N.Y. 2022)/EFTA02807847.mov"
"https://www.justice.gov/epstein/files/Court Records/Government of the United States Virgin Islands v. JPMorgan Chase Bank, N.A., No. 122-cv-10904 (S.D.N.Y. 2022)/EFTA02807901.pdf","https://www.justice.gov/epstein/files/Court Records/Government of the United States Virgin Islands v. JPMorgan Chase Bank, N.A., No. 122-cv-10904 (S.D.N.Y. 2022)/EFTA02807901.mov"
"https://www.justice.gov/epstein/files/Court Records/Government of the United States Virgin Islands v. JPMorgan Chase Bank, N.A., No. 122-cv-10904 (S.D.N.Y. 2022)/EFTA02808016.pdf","https://www.justice.gov/epstein/files/Court Records/Government of the United States Virgin Islands v. JPMorgan Chase Bank, N.A., No. 122-cv-10904 (S.D.N.Y. 2022)/EFTA02808016.mov"
"https://www.justice.gov/epstein/files/Court Records/Government of the United States Virgin Islands v. JPMorgan Chase Bank, N.A., No. 122-cv-10904 (S.D.N.Y. 2022)/EFTA02808088.pdf","https://www.justice.gov/epstein/files/Court Records/Government of the United States Virgin Islands v. JPMorgan Chase Bank, N.A., No. 122-cv-10904 (S.D.N.Y. 2022)/EFTA02808088.mov"
"https://www.justice.gov/epstein/files/Court Records/Government of the United States Virgin Islands v. JPMorgan Chase Bank, N.A., No. 122-cv-10904 (S.D.N.Y. 2022)/EFTA02808091.pdf","https://www.justice.gov/epstein/files/Court Records/Government of the United States Virgin Islands v. JPMorgan Chase Bank, N.A., No. 122-cv-10904 (S.D.N.Y. 2022)/EFTA02808091.mov"
"https://www.justice.gov/epstein/files/Court Records/Government of the United States Virgin Islands v. JPMorgan Chase Bank, N.A., No. 122-cv-10904 (S.D.N.Y. 2022)/EFTA02808094.pdf","https://www.justice.gov/epstein/files/Court Records/Government of the United States Virgin Islands v. JPMorgan Chase Bank, N.A., No. 122-cv-10904 (S.D.N.Y. 2022)/EFTA02808094.mov"
"https://www.justice.gov/epstein/files/Court Records/Government of the United States Virgin Islands v. JPMorgan Chase Bank, N.A., No. 122-cv-10904 (S.D.N.Y. 2022)/EFTA02808102.pdf","https://www.justice.gov/epstein/files/Court Records/Government of the United States Virgin Islands v. JPMorgan Chase Bank, N.A., No. 122-cv-10904 (S.D.N.Y. 2022)/EFTA02808102.mov"
"https://www.justice.gov/epstein/files/Court Records/Government of the United States Virgin Islands v. JPMorgan Chase Bank, N.A., No. 122-cv-10904 (S.D.N.Y. 2022)/EFTA02808107.pdf","https://www.justice.gov/epstein/files/Court Records/Government of the United States Virgin Islands v. JPMorgan Chase Bank, N.A., No. 122-cv-10904 (S.D.N.Y. 2022)/EFTA02808107.mov"
"https://www.justice.gov/epstein/files/Court Records/Government of the United States Virgin Islands v. JPMorgan Chase Bank, N.A., No. 122-cv-10904 (S.D.N.Y. 2022)/EFTA02808110.pdf","https://www.justice.gov/epstein/files/Court Records/Government of the United States Virgin Islands v. JPMorgan Chase Bank, N.A., No. 122-cv-10904 (S.D.N.Y. 2022)/EFTA02808110.mov"
"https://www.justice.gov/epstein/files/Court Records/Government of the United States Virgin Islands v. JPMorgan Chase Bank, N.A., No. 122-cv-10904 (S.D.N.Y. 2022)/EFTA02808113.pdf","https://www.justice.gov/epstein/files/Court Records/Government of the United States Virgin Islands v. JPMorgan Chase Bank, N.A., No. 122-cv-10904 (S.D.N.Y. 2022)/EFTA02808113.mov"
"https://www.justice.gov/epstein/files/Court Records/Government of the United States Virgin Islands v. JPMorgan Chase Bank, N.A., No. 122-cv-10904 (S.D.N.Y. 2022)/EFTA02808118.pdf","https://www.justice.gov/epstein/files/Court Records/Government of the United States Virgin Islands v. JPMorgan Chase Bank, N.A., No. 122-cv-10904 (S.D.N.Y. 2022)/EFTA02808118.mov"
"https://www.justice.gov/epstein/files/Court Records/Government of the United States Virgin Islands v. JPMorgan Chase Bank, N.A., No. 122-cv-10904 (S.D.N.Y. 2022)/EFTA02808139.pdf","https://www.justice.gov/epstein/files/Court Records/Government of the United States Virgin Islands v. JPMorgan Chase Bank, N.A., No. 122-cv-10904 (S.D.N.Y. 2022)/EFTA02808139.mov"
"https://www.justice.gov/epstein/files/Court Records/Government of the United States Virgin Islands v. JPMorgan Chase Bank, N.A., No. 122-cv-10904 (S.D.N.Y. 2022)/EFTA02808143.pdf","https://www.justice.gov/epstein/files/Court Records/Government of the United States Virgin Islands v. JPMorgan Chase Bank, N.A., No. 122-cv-10904 (S.D.N.Y. 2022)/EFTA02808143.mov"
"https://www.justice.gov/epstein/files/Court Records/Government of the United States Virgin Islands v. JPMorgan Chase Bank, N.A., No. 122-cv-10904 (S.D.N.Y. 2022)/EFTA02808147.pdf","https://www.justice.gov/epstein/files/Court Records/Government of the United States Virgin Islands v. JPMorgan Chase Bank, N.A., No. 122-cv-10904 (S.D.N.Y. 2022)/EFTA02808147.mov"
"https://www.justice.gov/epstein/files/Court Records/Government of the United States Virgin Islands v. JPMorgan Chase Bank, N.A., No. 122-cv-10904 (S.D.N.Y. 2022)/EFTA02808149.pdf","https://www.justice.gov/epstein/files/Court Records/Government of the United States Virgin Islands v. JPMorgan Chase Bank, N.A., No. 122-cv-10904 (S.D.N.Y. 2022)/EFTA02808149.mov"
"https://www.justice.gov/epstein/files/Court Records/Government of the United States Virgin Islands v. JPMorgan Chase Bank, N.A., No. 122-cv-10904 (S.D.N.Y. 2022)/EFTA02808151.pdf","https://www.justice.gov/epstein/files/Court Records/Government of the United States Virgin Islands v. JPMorgan Chase Bank, N.A., No. 122-cv-10904 (S.D.N.Y. 2022)/EFTA02808151.mov"
"https://www.justice.gov/epstein/files/Court Records/Government of the United States Virgin Islands v. JPMorgan Chase Bank, N.A., No. 122-cv-10904 (S.D.N.Y. 2022)/EFTA02808225.pdf","https://www.justice.gov/epstein/files/Court Records/Government of the United States Virgin Islands v. JPMorgan Chase Bank, N.A., No. 122-cv-10904 (S.D.N.Y. 2022)/EFTA02808225.mov"
"https://www.justice.gov/epstein/files/Court Records/Government of the United States Virgin Islands v. JPMorgan Chase Bank, N.A., No. 122-cv-10904 (S.D.N.Y. 2022)/EFTA02808236.pdf","https://www.justice.gov/epstein/files/Court Records/Government of the United States Virgin Islands v. JPMorgan Chase Bank, N.A., No. 122-cv-10904 (S.D.N.Y. 2022)/EFTA02808236.mov"
"https://www.justice.gov/epstein/files/Court Records/Government of the United States Virgin Islands v. JPMorgan Chase Bank, N.A., No. 122-cv-10904 (S.D.N.Y. 2022)/EFTA02808308.pdf","https://www.justice.gov/epstein/files/Court Records/Government of the United States Virgin Islands v. JPMorgan Chase Bank, N.A., No. 122-cv-10904 (S.D.N.Y. 2022)/EFTA02808308.mov"
"https://www.justice.gov/epstein/files/Court Records/Government of the United States Virgin Islands v. JPMorgan Chase Bank, N.A., No. 122-cv-10904 (S.D.N.Y. 2022)/EFTA02808311.pdf","https://www.justice.gov/epstein/files/Court Records/Government of the United States Virgin Islands v. JPMorgan Chase Bank, N.A., No. 122-cv-10904 (S.D.N.Y. 2022)/EFTA02808311.mov"
"https://www.justice.gov/epstein/files/Court Records/Government of the United States Virgin Islands v. JPMorgan Chase Bank, N.A., No. 122-cv-10904 (S.D.N.Y. 2022)/EFTA02808354.pdf","https://www.justice.gov/epstein/files/Court Records/Government of the United States Virgin Islands v. JPMorgan Chase Bank, N.A., No. 122-cv-10904 (S.D.N.Y. 2022)/EFTA02808354.mov"
"https://www.justice.gov/epstein/files/Court Records/Government of the United States Virgin Islands v. JPMorgan Chase Bank, N.A., No. 122-cv-10904 (S.D.N.Y. 2022)/EFTA02808361.pdf","https://www.justice.gov/epstein/files/Court Records/Government of the United States Virgin Islands v. JPMorgan Chase Bank, N.A., No. 122-cv-10904 (S.D.N.Y. 2022)/EFTA02808361.mov"
"https://www.justice.gov/epstein/files/Court Records/Government of the United States Virgin Islands v. JPMorgan Chase Bank, N.A., No. 122-cv-10904 (S.D.N.Y. 2022)/EFTA02808404.pdf","https://www.justice.gov/epstein/files/Court Records/Government of the United States Virgin Islands v. JPMorgan Chase Bank, N.A., No. 122-cv-10904 (S.D.N.Y. 2022)/EFTA02808404.mov"
"https://www.justice.gov/epstein/files/Court Records/Government of the United States Virgin Islands v. JPMorgan Chase Bank, N.A., No. 122-cv-10904 (S.D.N.Y. 2022)/EFTA02808412.pdf","https://www.justice.gov/epstein/files/Court Records/Government of the United States Virgin Islands v. JPMorgan Chase Bank, N.A., No. 122-cv-10904 (S.D.N.Y. 2022)/EFTA02808412.mov"
"https://www.justice.gov/epstein/files/Court Records/Government of the United States Virgin Islands v. JPMorgan Chase Bank, N.A., No. 122-cv-10904 (S.D.N.Y. 2022)/EFTA02808419.pdf","https://www.justice.gov/epstein/files/Court Records/Government of the United States Virgin Islands v. JPMorgan Chase Bank, N.A., No. 122-cv-10904 (S.D.N.Y. 2022)/EFTA02808419.mov"
"https://www.justice.gov/epstein/files/Court Records/Government of the United States Virgin Islands v. JPMorgan Chase Bank, N.A., No. 122-cv-10904 (S.D.N.Y. 2022)/EFTA02808426.pdf","https://www.justice.gov/epstein/files/Court Records/Government of the United States Virgin Islands v. JPMorgan Chase Bank, N.A., No. 122-cv-10904 (S.D.N.Y. 2022)/EFTA02808426.mov"
"https://www.justice.gov/epstein/files/Court Records/Government of the United States Virgin Islands v. JPMorgan Chase Bank, N.A., No. 122-cv-10904 (S.D.N.Y. 2022)/EFTA02808441.pdf","https://www.justice.gov/epstein/files/Court Records/Government of the United States Virgin Islands v. JPMorgan Chase Bank, N.A., No. 122-cv-10904 (S.D.N.Y. 2022)/EFTA02808441.mov"
"https://www.justice.gov/epstein/files/Court Records/Government of the United States Virgin Islands v. JPMorgan Chase Bank, N.A., No. 122-cv-10904 (S.D.N.Y. 2022)/EFTA02808443.pdf","https://www.justice.gov/epstein/files/Court Records/Government of the United States Virgin Islands v. JPMorgan Chase Bank, N.A., No. 122-cv-10904 (S.D.N.Y. 2022)/EFTA02808443.mov"
"https://www.justice.gov/epstein/files/Court Records/Government of the United States Virgin Islands v. JPMorgan Chase Bank, N.A., No. 122-cv-10904 (S.D.N.Y. 2022)/EFTA02808448.pdf","https://www.justice.gov/epstein/files/Court Records/Government of the United States Virgin Islands v. JPMorgan Chase Bank, N.A., No. 122-cv-10904 (S.D.N.Y. 2022)/EFTA02808448.mov"
"https://www.justice.gov/epstein/files/Court Records/Government of the United States Virgin Islands v. JPMorgan Chase Bank, N.A., No. 122-cv-10904 (S.D.N.Y. 2022)/EFTA02808452.pdf","https://www.justice.gov/epstein/files/Court Records/Government of the United States Virgin Islands v. JPMorgan Chase Bank, N.A., No. 122-cv-10904 (S.D.N.Y. 2022)/EFTA02808452.mov"
"https://www.justice.gov/epstein/files/Court Records/Government of the United States Virgin Islands v. JPMorgan Chase Bank, N.A., No. 122-cv-10904 (S.D.N.Y. 2022)/EFTA02808518.pdf","https://www.justice.gov/epstein/files/Court Records/Government of the United States Virgin Islands v. JPMorgan Chase Bank, N.A., No. 122-cv-10904 (S.D.N.Y. 2022)/EFTA02808518.mov"
"https://www.justice.gov/epstein/files/Court Records/Government of the United States Virgin Islands v. JPMorgan Chase Bank, N.A., No. 122-cv-10904 (S.D.N.Y. 2022)/EFTA02808540.pdf","https://www.justice.gov/epstein/files/Court Records/Government of the United States Virgin Islands v. JPMorgan Chase Bank, N.A., No. 122-cv-10904 (S.D.N.Y. 2022)/EFTA02808540.mov"
"https://www.justice.gov/epstein/files/Court Records/Government of the United States Virgin Islands v. JPMorgan Chase Bank, N.A., No. 122-cv-10904 (S.D.N.Y. 2022)/EFTA02808607.pdf","https://www.justice.gov/epstein/files/Court Records/Government of the United States Virgin Islands v. JPMorgan Chase Bank, N.A., No. 122-cv-10904 (S.D.N.Y. 2022)/EFTA02808607.mov"
"https://www.justice.gov/epstein/files/Court Records/Government of the United States Virgin Islands v. JPMorgan Chase Bank, N.A., No. 122-cv-10904 (S.D.N.Y. 2022)/EFTA02808647.pdf","https://www.justice.gov/epstein/files/Court Records/Government of the United States Virgin Islands v. JPMorgan Chase Bank, N.A., No. 122-cv-10904 (S.D.N.Y. 2022)/EFTA02808647.mov"
"https://www.justice.gov/epstein/files/Court Records/Government of the United States Virgin Islands v. JPMorgan Chase Bank, N.A., No. 122-cv-10904 (S.D.N.Y. 2022)/EFTA02808676.pdf","https://www.justice.gov/epstein/files/Court Records/Government of the United States Virgin Islands v. JPMorgan Chase Bank, N.A., No. 122-cv-10904 (S.D.N.Y. 2022)/EFTA02808676.mov"
"https://www.justice.gov/epstein/files/Court Records/Government of the United States Virgin Islands v. JPMorgan Chase Bank, N.A., No. 122-cv-10904 (S.D.N.Y. 2022)/EFTA02808679.pdf","https://www.justice.gov/epstein/files/Court Records/Government of the United States Virgin Islands v. JPMorgan Chase Bank, N.A., No. 122-cv-10904 (S.D.N.Y. 2022)/EFTA02808679.mov"
"https://www.justice.gov/epstein/files/Court Records/Government of the United States Virgin Islands v. JPMorgan Chase Bank, N.A., No. 122-cv-10904 (S.D.N.Y. 2022)/EFTA02808697.pdf","https://www.justice.gov/epstein/files/Court Records/Government of the United States Virgin Islands v. JPMorgan Chase Bank, N.A., No. 122-cv-10904 (S.D.N.Y. 2022)/EFTA02808697.mov"
"https://www.justice.gov/epstein/files/Court Records/Government of the United States Virgin Islands v. JPMorgan Chase Bank, N.A., No. 122-cv-10904 (S.D.N.Y. 2022)/EFTA02808740.pdf","https://www.justice.gov/epstein/files/Court Records/Government of the United States Virgin Islands v. JPMorgan Chase Bank, N.A., No. 122-cv-10904 (S.D.N.Y. 2022)/EFTA02808740.mov"
"https://www.justice.gov/epstein/files/Court Records/Government of the United States Virgin Islands v. JPMorgan Chase Bank, N.A., No. 122-cv-10904 (S.D.N.Y. 2022)/EFTA02808746.pdf","https://www.justice.gov/epstein/files/Court Records/Government of the United States Virgin Islands v. JPMorgan Chase Bank, N.A., No. 122-cv-10904 (S.D.N.Y. 2022)/EFTA02808746.mov"
"https://www.justice.gov/epstein/files/Court Records/Government of the United States Virgin Islands v. JPMorgan Chase Bank, N.A., No. 122-cv-10904 (S.D.N.Y. 2022)/EFTA02808787.pdf","https://www.justice.gov/epstein/files/Court Records/Government of the United States Virgin Islands v. JPMorgan Chase Bank, N.A., No. 122-cv-10904 (S.D.N.Y. 2022)/EFTA02808787.mov"
"https://www.justice.gov/epstein/files/Court Records/Government of the United States Virgin Islands v. JPMorgan Chase Bank, N.A., No. 122-cv-10904 (S.D.N.Y. 2022)/EFTA02808795.pdf","https://www.justice.gov/epstein/files/Court Records/Government of the United States Virgin Islands v. JPMorgan Chase Bank, N.A., No. 122-cv-10904 (S.D.N.Y. 2022)/EFTA02808795.mov"
"https://www.justice.gov/epstein/files/Court Records/Government of the United States Virgin Islands v. JPMorgan Chase Bank, N.A., No. 122-cv-10904 (S.D.N.Y. 2022)/EFTA02809320.pdf","https://www.justice.gov/epstein/files/Court Records/Government of the United States Virgin Islands v. JPMorgan Chase Bank, N.A., No. 122-cv-10904 (S.D.N.Y. 2022)/EFTA02809320.mov"
"https://www.justice.gov/epstein/files/Court Records/Government of the United States Virgin Islands v. JPMorgan Chase Bank, N.A., No. 122-cv-10904 (S.D.N.Y. 2022)/EFTA02809345.pdf","https://www.justice.gov/epstein/files/Court Records/Government of the United States Virgin Islands v. JPMorgan Chase Bank, N.A., No. 122-cv-10904 (S.D.N.Y. 2022)/EFTA02809345.mov"
"https://www.justice.gov/epstein/files/Court Records/Government of the United States Virgin Islands v. JPMorgan Chase Bank, N.A., No. 122-cv-10904 (S.D.N.Y. 2022)/EFTA02809349.pdf","https://www.justice.gov/epstein/files/Court Records/Government of the United States Virgin Islands v. JPMorgan Chase Bank, N.A., No. 122-cv-10904 (S.D.N.Y. 2022)/EFTA02809349.mov"
"https://www.justice.gov/epstein/files/Court Records/Government of the United States Virgin Islands v. JPMorgan Chase Bank, N.A., No. 122-cv-10904 (S.D.N.Y. 2022)/EFTA02809628.pdf","https://www.justice.gov/epstein/files/Court Records/Government of the United States Virgin Islands v. JPMorgan Chase Bank, N.A., No. 122-cv-10904 (S.D.N.Y. 2022)/EFTA02809628.mov"
"https://www.justice.gov/epstein/files/Court Records/Government of the United States Virgin Islands v. JPMorgan Chase Bank, N.A., No. 122-cv-10904 (S.D.N.Y. 2022)/EFTA02810022.pdf","https://www.justice.gov/epstein/files/Court Records/Government of the United States Virgin Islands v. JPMorgan Chase Bank, N.A., No. 122-cv-10904 (S.D.N.Y. 2022)/EFTA02810022.mov"
"https://www.justice.gov/epstein/files/Court Records/Government of the United States Virgin Islands v. JPMorgan Chase Bank, N.A., No. 122-cv-10904 (S.D.N.Y. 2022)/EFTA02810125.pdf","https://www.justice.gov/epstein/files/Court Records/Government of the United States Virgin Islands v. JPMorgan Chase Bank, N.A., No. 122-cv-10904 (S.D.N.Y. 2022)/EFTA02810125.mov"
"https://www.justice.gov/epstein/files/Court Records/Government of the United States Virgin Islands v. JPMorgan Chase Bank, N.A., No. 122-cv-10904 (S.D.N.Y. 2022)/EFTA02810292.pdf","https://www.justice.gov/epstein/files/Court Records/Government of the United States Virgin Islands v. JPMorgan Chase Bank, N.A., No. 122-cv-10904 (S.D.N.Y. 2022)/EFTA02810292.mov"
"https://www.justice.gov/epstein/files/Court Records/Government of the United States Virgin Islands v. JPMorgan Chase Bank, N.A., No. 122-cv-10904 (S.D.N.Y. 2022)/EFTA02810293.pdf","https://www.justice.gov/epstein/files/Court Records/Government of the United States Virgin Islands v. JPMorgan Chase Bank, N.A., No. 122-cv-10904 (S.D.N.Y. 2022)/EFTA02810293.mov"
"https://www.justice.gov/epstein/files/Court Records/Government of the United States Virgin Islands v. JPMorgan Chase Bank, N.A., No. 122-cv-10904 (S.D.N.Y. 2022)/EFTA02810325.pdf","https://www.justice.gov/epstein/files/Court Records/Government of the United States Virgin Islands v. JPMorgan Chase Bank, N.A., No. 122-cv-10904 (S.D.N.Y. 2022)/EFTA02810325.mov"
"https://www.justice.gov/epstein/files/Court Records/Government of the United States Virgin Islands v. JPMorgan Chase Bank, N.A., No. 122-cv-10904 (S.D.N.Y. 2022)/EFTA02810456.pdf","https://www.justice.gov/epstein/files/Court Records/Government of the United States Virgin Islands v. JPMorgan Chase Bank, N.A., No. 122-cv-10904 (S.D.N.Y. 2022)/EFTA02810456.mov"
"https://www.justice.gov/epstein/files/Court Records/Government of the United States Virgin Islands v. JPMorgan Chase Bank, N.A., No. 122-cv-10904 (S.D.N.Y. 2022)/EFTA02810594.pdf","https://www.justice.gov/epstein/files/Court Records/Government of the United States Virgin Islands v. JPMorgan Chase Bank, N.A., No. 122-cv-10904 (S.D.N.Y. 2022)/EFTA02810594.mov"
"https://www.justice.gov/epstein/files/Court Records/Government of the United States Virgin Islands v. JPMorgan Chase Bank, N.A., No. 122-cv-10904 (S.D.N.Y. 2022)/EFTA02810685.pdf","https://www.justice.gov/epstein/files/Court Records/Government of the United States Virgin Islands v. JPMorgan Chase Bank, N.A., No. 122-cv-10904 (S.D.N.Y. 2022)/EFTA02810685.mov"
"https://www.justice.gov/epstein/files/Court Records/Government of the United States Virgin Islands v. JPMorgan Chase Bank, N.A., No. 122-cv-10904 (S.D.N.Y. 2022)/EFTA02810716.pdf","https://www.justice.gov/epstein/files/Court Records/Government of the United States Virgin Islands v. JPMorgan Chase Bank, N.A., No. 122-cv-10904 (S.D.N.Y. 2022)/EFTA02810716.mov"
"https://www.justice.gov/epstein/files/Court Records/Government of the United States Virgin Islands v. JPMorgan Chase Bank, N.A., No. 122-cv-10904 (S.D.N.Y. 2022)/EFTA02810992.pdf","https://www.justice.gov/epstein/files/Court Records/Government of the United States Virgin Islands v. JPMorgan Chase Bank, N.A., No. 122-cv-10904 (S.D.N.Y. 2022)/EFTA02810992.mov"
"https://www.justice.gov/epstein/files/Court Records/Government of the United States Virgin Islands v. JPMorgan Chase Bank, N.A., No. 122-cv-10904 (S.D.N.Y. 2022)/EFTA02811068.pdf","https://www.justice.gov/epstein/files/Court Records/Government of the United States Virgin Islands v. JPMorgan Chase Bank, N.A., No. 122-cv-10904 (S.D.N.Y. 2022)/EFTA02811068.mov"
"https://www.justice.gov/epstein/files/Court Records/Government of the United States Virgin Islands v. JPMorgan Chase Bank, N.A., No. 122-cv-10904 (S.D.N.Y. 2022)/EFTA02811146.pdf","https://www.justice.gov/epstein/files/Court Records/Government of the United States Virgin Islands v. JPMorgan Chase Bank, N.A., No. 122-cv-10904 (S.D.N.Y. 2022)/EFTA02811146.mov"
"https://www.justice.gov/epstein/files/Court Records/Government of the United States Virgin Islands v. JPMorgan Chase Bank, N.A., No. 122-cv-10904 (S.D.N.Y. 2022)/EFTA02811160.pdf","https://www.justice.gov/epstein/files/Court Records/Government of the United States Virgin Islands v. JPMorgan Chase Bank, N.A., No. 122-cv-10904 (S.D.N.Y. 2022)/EFTA02811160.mov"
"https://www.justice.gov/epstein/files/Court Records/Government of the United States Virgin Islands v. JPMorgan Chase Bank, N.A., No. 122-cv-10904 (S.D.N.Y. 2022)/EFTA02811174.pdf","https://www.justice.gov/epstein/files/Court Records/Government of the United States Virgin Islands v. JPMorgan Chase Bank, N.A., No. 122-cv-10904 (S.D.N.Y. 2022)/EFTA02811174.mov"
"https://www.justice.gov/epstein/files/Court Records/Government of the United States Virgin Islands v. JPMorgan Chase Bank, N.A., No. 122-cv-10904 (S.D.N.Y. 2022)/EFTA02811183.pdf","https://www.justice.gov/epstein/files/Court Records/Government of the United States Virgin Islands v. JPMorgan Chase Bank, N.A., No. 122-cv-10904 (S.D.N.Y. 2022)/EFTA02811183.mov"
"https://www.justice.gov/epstein/files/Court Records/Government of the United States Virgin Islands v. JPMorgan Chase Bank, N.A., No. 122-cv-10904 (S.D.N.Y. 2022)/EFTA02811192.pdf","https://www.justice.gov/epstein/files/Court Records/Government of the United States Virgin Islands v. JPMorgan Chase Bank, N.A., No. 122-cv-10904 (S.D.N.Y. 2022)/EFTA02811192.mov"
"https://www.justice.gov/epstein/files/Court Records/Government of the United States Virgin Islands v. JPMorgan Chase Bank, N.A., No. 122-cv-10904 (S.D.N.Y. 2022)/EFTA02811212.pdf","https://www.justice.gov/epstein/files/Court Records/Government of the United States Virgin Islands v. JPMorgan Chase Bank, N.A., No. 122-cv-10904 (S.D.N.Y. 2022)/EFTA02811212.mov"
"https://www.justice.gov/epstein/files/Court Records/Government of the United States Virgin Islands v. JPMorgan Chase Bank, N.A., No. 122-cv-10904 (S.D.N.Y. 2022)/EFTA02811228.pdf","https://www.justice.gov/epstein/files/Court Records/Government of the United States Virgin Islands v. JPMorgan Chase Bank, N.A., No. 122-cv-10904 (S.D.N.Y. 2022)/EFTA02811228.mov"
"https://www.justice.gov/epstein/files/Court Records/Government of the United States Virgin Islands v. JPMorgan Chase Bank, N.A., No. 122-cv-10904 (S.D.N.Y. 2022)/EFTA02811251.pdf","https://www.justice.gov/epstein/files/Court Records/Government of the United States Virgin Islands v. JPMorgan Chase Bank, N.A., No. 122-cv-10904 (S.D.N.Y. 2022)/EFTA02811251.mov"
"https://www.justice.gov/epstein/files/Court Records/Government of the United States Virgin Islands v. JPMorgan Chase Bank, N.A., No. 122-cv-10904 (S.D.N.Y. 2022)/EFTA02811315.pdf","https://www.justice.gov/epstein/files/Court Records/Government of the United States Virgin Islands v. JPMorgan Chase Bank, N.A., No. 122-cv-10904 (S.D.N.Y. 2022)/EFTA02811315.mov"
"https://www.justice.gov/epstein/files/Court Records/Government of the United States Virgin Islands v. JPMorgan Chase Bank, N.A., No. 122-cv-10904 (S.D.N.Y. 2022)/EFTA02811322.pdf","https://www.justice.gov/epstein/files/Court Records/Government of the United States Virgin Islands v. JPMorgan Chase Bank, N.A., No. 122-cv-10904 (S.D.N.Y. 2022)/EFTA02811322.mov"
"https://www.justice.gov/epstein/files/Court Records/Government of the United States Virgin Islands v. JPMorgan Chase Bank, N.A., No. 122-cv-10904 (S.D.N.Y. 2022)/EFTA02811327.pdf","https://www.justice.gov/epstein/files/Court Records/Government of the United States Virgin Islands v. JPMorgan Chase Bank, N.A., No. 122-cv-10904 (S.D.N.Y. 2022)/EFTA02811327.mov"
"https://www.justice.gov/epstein/files/Court Records/Government of the United States Virgin Islands v. JPMorgan Chase Bank, N.A., No. 122-cv-10904 (S.D.N.Y. 2022)/EFTA02811333.pdf","https://www.justice.gov/epstein/files/Court Records/Government of the United States Virgin Islands v. JPMorgan Chase Bank, N.A., No. 122-cv-10904 (S.D.N.Y. 2022)/EFTA02811333.mov"
"https://www.justice.gov/epstein/files/Court Records/Government of the United States Virgin Islands v. JPMorgan Chase Bank, N.A., No. 122-cv-10904 (S.D.N.Y. 2022)/EFTA02811385.pdf","https://www.justice.gov/epstein/files/Court Records/Government of the United States Virgin Islands v. JPMorgan Chase Bank, N.A., No. 122-cv-10904 (S.D.N.Y. 2022)/EFTA02811385.mov"
"https://www.justice.gov/epstein/files/Court Records/Government of the United States Virgin Islands v. JPMorgan Chase Bank, N.A., No. 122-cv-10904 (S.D.N.Y. 2022)/EFTA02811449.pdf","https://www.justice.gov/epstein/files/Court Records/Government of the United States Virgin Islands v. JPMorgan Chase Bank, N.A., No. 122-cv-10904 (S.D.N.Y. 2022)/EFTA02811449.mov"
"https://www.justice.gov/epstein/files/Court Records/Government of the United States Virgin Islands v. JPMorgan Chase Bank, N.A., No. 122-cv-10904 (S.D.N.Y. 2022)/EFTA02811451.pdf","https://www.justice.gov/epstein/files/Court Records/Government of the United States Virgin Islands v. JPMorgan Chase Bank, N.A., No. 122-cv-10904 (S.D.N.Y. 2022)/EFTA02811451.mov"
"https://www.justice.gov/epstein/files/Court Records/Government of the United States Virgin Islands v. JPMorgan Chase Bank, N.A., No. 122-cv-10904 (S.D.N.Y. 2022)/EFTA02811455.pdf","https://www.justice.gov/epstein/files/Court Records/Government of the United States Virgin Islands v. JPMorgan Chase Bank, N.A., No. 122-cv-10904 (S.D.N.Y. 2022)/EFTA02811455.mov"
"https://www.justice.gov/epstein/files/Court Records/Government of the United States Virgin Islands v. JPMorgan Chase Bank, N.A., No. 122-cv-10904 (S.D.N.Y. 2022)/EFTA02811462.pdf","https://www.justice.gov/epstein/files/Court Records/Government of the United States Virgin Islands v. JPMorgan Chase Bank, N.A., No. 122-cv-10904 (S.D.N.Y. 2022)/EFTA02811462.mov"
"https://www.justice.gov/epstein/files/Court Records/Government of the United States Virgin Islands v. JPMorgan Chase Bank, N.A., No. 122-cv-10904 (S.D.N.Y. 2022)/EFTA02811467.pdf","https://www.justice.gov/epstein/files/Court Records/Government of the United States Virgin Islands v. JPMorgan Chase Bank, N.A., No. 122-cv-10904 (S.D.N.Y. 2022)/EFTA02811467.mov"
"https://www.justice.gov/epstein/files/Court Records/Government of the United States Virgin Islands v. JPMorgan Chase Bank, N.A., No. 122-cv-10904 (S.D.N.Y. 2022)/EFTA02811470.pdf","https://www.justice.gov/epstein/files/Court Records/Government of the United States Virgin Islands v. JPMorgan Chase Bank, N.A., No. 122-cv-10904 (S.D.N.Y. 2022)/EFTA02811470.mov"
"https://www.justice.gov/epstein/files/Court Records/Government of the United States Virgin Islands v. JPMorgan Chase Bank, N.A., No. 122-cv-10904 (S.D.N.Y. 2022)/EFTA02811478.pdf","https://www.justice.gov/epstein/files/Court Records/Government of the United States Virgin Islands v. JPMorgan Chase Bank, N.A., No. 122-cv-10904 (S.D.N.Y. 2022)/EFTA02811478.mov"
"https://www.justice.gov/epstein/files/Court Records/Government of the United States Virgin Islands v. JPMorgan Chase Bank, N.A., No. 122-cv-10904 (S.D.N.Y. 2022)/EFTA02811505.pdf","https://www.justice.gov/epstein/files/Court Records/Government of the United States Virgin Islands v. JPMorgan Chase Bank, N.A., No. 122-cv-10904 (S.D.N.Y. 2022)/EFTA02811505.mov"
"https://www.justice.gov/epstein/files/Court Records/Government of the United States Virgin Islands v. JPMorgan Chase Bank, N.A., No. 122-cv-10904 (S.D.N.Y. 2022)/EFTA02811560.pdf","https://www.justice.gov/epstein/files/Court Records/Government of the United States Virgin Islands v. JPMorgan Chase Bank, N.A., No. 122-cv-10904 (S.D.N.Y. 2022)/EFTA02811560.mov"
"https://www.justice.gov/epstein/files/Court Records/Government of the United States Virgin Islands v. JPMorgan Chase Bank, N.A., No. 122-cv-10904 (S.D.N.Y. 2022)/EFTA02811567.pdf","https://www.justice.gov/epstein/files/Court Records/Government of the United States Virgin Islands v. JPMorgan Chase Bank, N.A., No. 122-cv-10904 (S.D.N.Y. 2022)/EFTA02811567.mov"
"https://www.justice.gov/epstein/files/Court Records/Government of the United States Virgin Islands v. JPMorgan Chase Bank, N.A., No. 122-cv-10904 (S.D.N.Y. 2022)/EFTA02811639.pdf","https://www.justice.gov/epstein/files/Court Records/Government of the United States Virgin Islands v. JPMorgan Chase Bank, N.A., No. 122-cv-10904 (S.D.N.Y. 2022)/EFTA02811639.mov"
"https://www.justice.gov/epstein/files/Court Records/Government of the United States Virgin Islands v. JPMorgan Chase Bank, N.A., No. 122-cv-10904 (S.D.N.Y. 2022)/EFTA02811649.pdf","https://www.justice.gov/epstein/files/Court Records/Government of the United States Virgin Islands v. JPMorgan Chase Bank, N.A., No. 122-cv-10904 (S.D.N.Y. 2022)/EFTA02811649.mov"
"https://www.justice.gov/epstein/files/Court Records/Government of the United States Virgin Islands v. JPMorgan Chase Bank, N.A., No. 122-cv-10904 (S.D.N.Y. 2022)/EFTA02811674.pdf","https://www.justice.gov/epstein/files/Court Records/Government of the United States Virgin Islands v. JPMorgan Chase Bank, N.A., No. 122-cv-10904 (S.D.N.Y. 2022)/EFTA02811674.mov"
"https://www.justice.gov/epstein/files/Court Records/Government of the United States Virgin Islands v. JPMorgan Chase Bank, N.A., No. 122-cv-10904 (S.D.N.Y. 2022)/EFTA02811709.pdf","https://www.justice.gov/epstein/files/Court Records/Government of the United States Virgin Islands v. JPMorgan Chase Bank, N.A., No. 122-cv-10904 (S.D.N.Y. 2022)/EFTA02811709.mov"
"https://www.justice.gov/epstein/files/Court Records/Government of the United States Virgin Islands v. JPMorgan Chase Bank, N.A., No. 122-cv-10904 (S.D.N.Y. 2022)/EFTA02811772.pdf","https://www.justice.gov/epstein/files/Court Records/Government of the United States Virgin Islands v. JPMorgan Chase Bank, N.A., No. 122-cv-10904 (S.D.N.Y. 2022)/EFTA02811772.mov"
"https://www.justice.gov/epstein/files/Court Records/Government of the United States Virgin Islands v. JPMorgan Chase Bank, N.A., No. 122-cv-10904 (S.D.N.Y. 2022)/EFTA02811779.pdf","https://www.justice.gov/epstein/files/Court Records/Government of the United States Virgin Islands v. JPMorgan Chase Bank, N.A., No. 122-cv-10904 (S.D.N.Y. 2022)/EFTA02811779.mov"
"https://www.justice.gov/epstein/files/Court Records/Government of the United States Virgin Islands v. JPMorgan Chase Bank, N.A., No. 122-cv-10904 (S.D.N.Y. 2022)/EFTA02811786.pdf","https://www.justice.gov/epstein/files/Court Records/Government of the United States Virgin Islands v. JPMorgan Chase Bank, N.A., No. 122-cv-10904 (S.D.N.Y. 2022)/EFTA02811786.mov"
"https://www.justice.gov/epstein/files/Court Records/Government of the United States Virgin Islands v. JPMorgan Chase Bank, N.A., No. 122-cv-10904 (S.D.N.Y. 2022)/EFTA02811805.pdf","https://www.justice.gov/epstein/files/Court Records/Government of the United States Virgin Islands v. JPMorgan Chase Bank, N.A., No. 122-cv-10904 (S.D.N.Y. 2022)/EFTA02811805.mov"
"https://www.justice.gov/epstein/files/Court Records/Government of the United States Virgin Islands v. JPMorgan Chase Bank, N.A., No. 122-cv-10904 (S.D.N.Y. 2022)/EFTA02811915.pdf","https://www.justice.gov/epstein/files/Court Records/Government of the United States Virgin Islands v. JPMorgan Chase Bank, N.A., No. 122-cv-10904 (S.D.N.Y. 2022)/EFTA02811915.mov"
"https://www.justice.gov/epstein/files/Court Records/Government of the United States Virgin Islands v. JPMorgan Chase Bank, N.A., No. 122-cv-10904 (S.D.N.Y. 2022)/EFTA02811917.pdf","https://www.justice.gov/epstein/files/Court Records/Government of the United States Virgin Islands v. JPMorgan Chase Bank, N.A., No. 122-cv-10904 (S.D.N.Y. 2022)/EFTA02811917.mov"
"https://www.justice.gov/epstein/files/Court Records/Government of the United States Virgin Islands v. JPMorgan Chase Bank, N.A., No. 122-cv-10904 (S.D.N.Y. 2022)/EFTA02811920.pdf","https://www.justice.gov/epstein/files/Court Records/Government of the United States Virgin Islands v. JPMorgan Chase Bank, N.A., No. 122-cv-10904 (S.D.N.Y. 2022)/EFTA02811920.mov"
"https://www.justice.gov/epstein/files/Court Records/Government of the United States Virgin Islands v. JPMorgan Chase Bank, N.A., No. 122-cv-10904 (S.D.N.Y. 2022)/EFTA02811948.pdf","https://www.justice.gov/epstein/files/Court Records/Government of the United States Virgin Islands v. JPMorgan Chase Bank, N.A., No. 122-cv-10904 (S.D.N.Y. 2022)/EFTA02811948.mov"
"https://www.justice.gov/epstein/files/Court Records/Government of the United States Virgin Islands v. JPMorgan Chase Bank, N.A., No. 122-cv-10904 (S.D.N.Y. 2022)/EFTA02811996.pdf","https://www.justice.gov/epstein/files/Court Records/Government of the United States Virgin Islands v. JPMorgan Chase Bank, N.A., No. 122-cv-10904 (S.D.N.Y. 2022)/EFTA02811996.mov"
"https://www.justice.gov/epstein/files/Court Records/Government of the United States Virgin Islands v. JPMorgan Chase Bank, N.A., No. 122-cv-10904 (S.D.N.Y. 2022)/EFTA02812001.pdf","https://www.justice.gov/epstein/files/Court Records/Government of the United States Virgin Islands v. JPMorgan Chase Bank, N.A., No. 122-cv-10904 (S.D.N.Y. 2022)/EFTA02812001.mov"
"https://www.justice.gov/epstein/files/Court Records/Government of the United States Virgin Islands v. JPMorgan Chase Bank, N.A., No. 122-cv-10904 (S.D.N.Y. 2022)/EFTA02812083.pdf","https://www.justice.gov/epstein/files/Court Records/Government of the United States Virgin Islands v. JPMorgan Chase Bank, N.A., No. 122-cv-10904 (S.D.N.Y. 2022)/EFTA02812083.mov"
"https://www.justice.gov/epstein/files/Court Records/Government of the United States Virgin Islands v. JPMorgan Chase Bank, N.A., No. 122-cv-10904 (S.D.N.Y. 2022)/EFTA02812119.pdf","https://www.justice.gov/epstein/files/Court Records/Government of the United States Virgin Islands v. JPMorgan Chase Bank, N.A., No. 122-cv-10904 (S.D.N.Y. 2022)/EFTA02812119.mov"
"https://www.justice.gov/epstein/files/Court Records/Government of the United States Virgin Islands v. JPMorgan Chase Bank, N.A., No. 122-cv-10904 (S.D.N.Y. 2022)/EFTA02812250.pdf","https://www.justice.gov/epstein/files/Court Records/Government of the United States Virgin Islands v. JPMorgan Chase Bank, N.A., No. 122-cv-10904 (S.D.N.Y. 2022)/EFTA02812250.mov"
"https://www.justice.gov/epstein/files/Court Records/Government of the United States Virgin Islands v. JPMorgan Chase Bank, N.A., No. 122-cv-10904 (S.D.N.Y. 2022)/EFTA02812269.pdf","https://www.justice.gov/epstein/files/Court Records/Government of the United States Virgin Islands v. JPMorgan Chase Bank, N.A., No. 122-cv-10904 (S.D.N.Y. 2022)/EFTA02812269.mov"
"https://www.justice.gov/epstein/files/Court Records/Government of the United States Virgin Islands v. JPMorgan Chase Bank, N.A., No. 122-cv-10904 (S.D.N.Y. 2022)/EFTA02812293.pdf","https://www.justice.gov/epstein/files/Court Records/Government of the United States Virgin Islands v. JPMorgan Chase Bank, N.A., No. 122-cv-10904 (S.D.N.Y. 2022)/EFTA02812293.mov"
"https://www.justice.gov/epstein/files/Court Records/Government of the United States Virgin Islands v. JPMorgan Chase Bank, N.A., No. 122-cv-10904 (S.D.N.Y. 2022)/EFTA02812656.pdf","https://www.justice.gov/epstein/files/Court Records/Government of the United States Virgin Islands v. JPMorgan Chase Bank, N.A., No. 122-cv-10904 (S.D.N.Y. 2022)/EFTA02812656.mov"
"https://www.justice.gov/epstein/files/Court Records/Government of the United States Virgin Islands v. JPMorgan Chase Bank, N.A., No. 122-cv-10904 (S.D.N.Y. 2022)/EFTA02812660.pdf","https://www.justice.gov/epstein/files/Court Records/Government of the United States Virgin Islands v. JPMorgan Chase Bank, N.A., No. 122-cv-10904 (S.D.N.Y. 2022)/EFTA02812660.mov"
"https://www.justice.gov/epstein/files/Court Records/Government of the United States Virgin Islands v. JPMorgan Chase Bank, N.A., No. 122-cv-10904 (S.D.N.Y. 2022)/EFTA02812665.pdf","https://www.justice.gov/epstein/files/Court Records/Government of the United States Virgin Islands v. JPMorgan Chase Bank, N.A., No. 122-cv-10904 (S.D.N.Y. 2022)/EFTA02812665.mov"
"https://www.justice.gov/epstein/files/Court Records/Government of the United States Virgin Islands v. JPMorgan Chase Bank, N.A., No. 122-cv-10904 (S.D.N.Y. 2022)/EFTA02812669.pdf","https://www.justice.gov/epstein/files/Court Records/Government of the United States Virgin Islands v. JPMorgan Chase Bank, N.A., No. 122-cv-10904 (S.D.N.Y. 2022)/EFTA02812669.mov"
"https://www.justice.gov/epstein/files/Court Records/Government of the United States Virgin Islands v. JPMorgan Chase Bank, N.A., No. 122-cv-10904 (S.D.N.Y. 2022)/EFTA02812732.pdf","https://www.justice.gov/epstein/files/Court Records/Government of the United States Virgin Islands v. JPMorgan Chase Bank, N.A., No. 122-cv-10904 (S.D.N.Y. 2022)/EFTA02812732.mov"
"https://www.justice.gov/epstein/files/Court Records/Government of the United States Virgin Islands v. JPMorgan Chase Bank, N.A., No. 122-cv-10904 (S.D.N.Y. 2022)/EFTA02812767.pdf","https://www.justice.gov/epstein/files/Court Records/Government of the United States Virgin Islands v. JPMorgan Chase Bank, N.A., No. 122-cv-10904 (S.D.N.Y. 2022)/EFTA02812767.mov"
"https://www.justice.gov/epstein/files/Court Records/Government of the United States Virgin Islands v. JPMorgan Chase Bank, N.A., No. 122-cv-10904 (S.D.N.Y. 2022)/EFTA02812776.pdf","https://www.justice.gov/epstein/files/Court Records/Government of the United States Virgin Islands v. JPMorgan Chase Bank, N.A., No. 122-cv-10904 (S.D.N.Y. 2022)/EFTA02812776.mov"
"https://www.justice.gov/epstein/files/Court Records/Government of the United States Virgin Islands v. JPMorgan Chase Bank, N.A., No. 122-cv-10904 (S.D.N.Y. 2022)/EFTA02812827.pdf","https://www.justice.gov/epstein/files/Court Records/Government of the United States Virgin Islands v. JPMorgan Chase Bank, N.A., No. 122-cv-10904 (S.D.N.Y. 2022)/EFTA02812827.mov"
"https://www.justice.gov/epstein/files/Court Records/Government of the United States Virgin Islands v. JPMorgan Chase Bank, N.A., No. 122-cv-10904 (S.D.N.Y. 2022)/EFTA02812837.pdf","https://www.justice.gov/epstein/files/Court Records/Government of the United States Virgin Islands v. JPMorgan Chase Bank, N.A., No. 122-cv-10904 (S.D.N.Y. 2022)/EFTA02812837.mov"
"https://www.justice.gov/epstein/files/Court Records/Government of the United States Virgin Islands v. JPMorgan Chase Bank, N.A., No. 122-cv-10904 (S.D.N.Y. 2022)/EFTA02812839.pdf","https://www.justice.gov/epstein/files/Court Records/Government of the United States Virgin Islands v. JPMorgan Chase Bank, N.A., No. 122-cv-10904 (S.D.N.Y. 2022)/EFTA02812839.mov"
"https://www.justice.gov/epstein/files/Court Records/Government of the United States Virgin Islands v. JPMorgan Chase Bank, N.A., No. 122-cv-10904 (S.D.N.Y. 2022)/EFTA02812844.pdf","https://www.justice.gov/epstein/files/Court Records/Government of the United States Virgin Islands v. JPMorgan Chase Bank, N.A., No. 122-cv-10904 (S.D.N.Y. 2022)/EFTA02812844.mov"
"https://www.justice.gov/epstein/files/Court Records/Government of the United States Virgin Islands v. JPMorgan Chase Bank, N.A., No. 122-cv-10904 (S.D.N.Y. 2022)/EFTA02812911.pdf","https://www.justice.gov/epstein/files/Court Records/Government of the United States Virgin Islands v. JPMorgan Chase Bank, N.A., No. 122-cv-10904 (S.D.N.Y. 2022)/EFTA02812911.mov"
"https://www.justice.gov/epstein/files/Court Records/Government of the United States Virgin Islands v. JPMorgan Chase Bank, N.A., No. 122-cv-10904 (S.D.N.Y. 2022)/EFTA02812941.pdf","https://www.justice.gov/epstein/files/Court Records/Government of the United States Virgin Islands v. JPMorgan Chase Bank, N.A., No. 122-cv-10904 (S.D.N.Y. 2022)/EFTA02812941.mov"
"https://www.justice.gov/epstein/files/Court Records/Government of the United States Virgin Islands v. JPMorgan Chase Bank, N.A., No. 122-cv-10904 (S.D.N.Y. 2022)/EFTA02812987.pdf","https://www.justice.gov/epstein/files/Court Records/Government of the United States Virgin Islands v. JPMorgan Chase Bank, N.A., No. 122-cv-10904 (S.D.N.Y. 2022)/EFTA02812987.mov"
"https://www.justice.gov/epstein/files/Court Records/Government of the United States Virgin Islands v. JPMorgan Chase Bank, N.A., No. 122-cv-10904 (S.D.N.Y. 2022)/EFTA02813004.pdf","https://www.justice.gov/epstein/files/Court Records/Government of the United States Virgin Islands v. JPMorgan Chase Bank, N.A., No. 122-cv-10904 (S.D.N.Y. 2022)/EFTA02813004.mov"
"https://www.justice.gov/epstein/files/Court Records/Government of the United States Virgin Islands v. JPMorgan Chase Bank, N.A., No. 122-cv-10904 (S.D.N.Y. 2022)/EFTA02813080.pdf","https://www.justice.gov/epstein/files/Court Records/Government of the United States Virgin Islands v. JPMorgan Chase Bank, N.A., No. 122-cv-10904 (S.D.N.Y. 2022)/EFTA02813080.mov"
"https://www.justice.gov/epstein/files/Court Records/Government of the United States Virgin Islands v. JPMorgan Chase Bank, N.A., No. 122-cv-10904 (S.D.N.Y. 2022)/EFTA02813084.pdf","https://www.justice.gov/epstein/files/Court Records/Government of the United States Virgin Islands v. JPMorgan Chase Bank, N.A., No. 122-cv-10904 (S.D.N.Y. 2022)/EFTA02813084.mov"
"https://www.justice.gov/epstein/files/Court Records/Government of the United States Virgin Islands v. JPMorgan Chase Bank, N.A., No. 122-cv-10904 (S.D.N.Y. 2022)/EFTA02813085.pdf","https://www.justice.gov/epstein/files/Court Records/Government of the United States Virgin Islands v. JPMorgan Chase Bank, N.A., No. 122-cv-10904 (S.D.N.Y. 2022)/EFTA02813085.mov"
"https://www.justice.gov/epstein/files/Court Records/Government of the United States Virgin Islands v. JPMorgan Chase Bank, N.A., No. 122-cv-10904 (S.D.N.Y. 2022)/EFTA02813111.pdf","https://www.justice.gov/epstein/files/Court Records/Government of the United States Virgin Islands v. JPMorgan Chase Bank, N.A., No. 122-cv-10904 (S.D.N.Y. 2022)/EFTA02813111.mov"
"https://www.justice.gov/epstein/files/Court Records/Government of the United States Virgin Islands v. JPMorgan Chase Bank, N.A., No. 122-cv-10904 (S.D.N.Y. 2022)/EFTA02813198.pdf","https://www.justice.gov/epstein/files/Court Records/Government of the United States Virgin Islands v. JPMorgan Chase Bank, N.A., No. 122-cv-10904 (S.D.N.Y. 2022)/EFTA02813198.mov"
"https://www.justice.gov/epstein/files/Court Records/Government of the United States Virgin Islands v. JPMorgan Chase Bank, N.A., No. 122-cv-10904 (S.D.N.Y. 2022)/EFTA02813228.pdf","https://www.justice.gov/epstein/files/Court Records/Government of the United States Virgin Islands v. JPMorgan Chase Bank, N.A., No. 122-cv-10904 (S.D.N.Y. 2022)/EFTA02813228.mov"
"https://www.justice.gov/epstein/files/Court Records/Government of the United States Virgin Islands v. JPMorgan Chase Bank, N.A., No. 122-cv-10904 (S.D.N.Y. 2022)/EFTA02813236.pdf","https://www.justice.gov/epstein/files/Court Records/Government of the United States Virgin Islands v. JPMorgan Chase Bank, N.A., No. 122-cv-10904 (S.D.N.Y. 2022)/EFTA02813236.mov"
"https://www.justice.gov/epstein/files/Court Records/Government of the United States Virgin Islands v. JPMorgan Chase Bank, N.A., No. 122-cv-10904 (S.D.N.Y. 2022)/EFTA02813238.pdf","https://www.justice.gov/epstein/files/Court Records/Government of the United States Virgin Islands v. JPMorgan Chase Bank, N.A., No. 122-cv-10904 (S.D.N.Y. 2022)/EFTA02813238.mov"
"https://www.justice.gov/epstein/files/Court Records/Government of the United States Virgin Islands v. JPMorgan Chase Bank, N.A., No. 122-cv-10904 (S.D.N.Y. 2022)/EFTA02813243.pdf","https://www.justice.gov/epstein/files/Court Records/Government of the United States Virgin Islands v. JPMorgan Chase Bank, N.A., No. 122-cv-10904 (S.D.N.Y. 2022)/EFTA02813243.mov"
"https://www.justice.gov/epstein/files/Court Records/Government of the United States Virgin Islands v. JPMorgan Chase Bank, N.A., No. 122-cv-10904 (S.D.N.Y. 2022)/EFTA02813249.pdf","https://www.justice.gov/epstein/files/Court Records/Government of the United States Virgin Islands v. JPMorgan Chase Bank, N.A., No. 122-cv-10904 (S.D.N.Y. 2022)/EFTA02813249.mov"
"https://www.justice.gov/epstein/files/Court Records/Government of the United States Virgin Islands v. JPMorgan Chase Bank, N.A., No. 122-cv-10904 (S.D.N.Y. 2022)/EFTA02813266.pdf","https://www.justice.gov/epstein/files/Court Records/Government of the United States Virgin Islands v. JPMorgan Chase Bank, N.A., No. 122-cv-10904 (S.D.N.Y. 2022)/EFTA02813266.mov"
"https://www.justice.gov/epstein/files/Court Records/Government of the United States Virgin Islands v. JPMorgan Chase Bank, N.A., No. 122-cv-10904 (S.D.N.Y. 2022)/EFTA02813268.pdf","https://www.justice.gov/epstein/files/Court Records/Government of the United States Virgin Islands v. JPMorgan Chase Bank, N.A., No. 122-cv-10904 (S.D.N.Y. 2022)/EFTA02813268.mov"
"https://www.justice.gov/epstein/files/Court Records/Government of the United States Virgin Islands v. JPMorgan Chase Bank, N.A., No. 122-cv-10904 (S.D.N.Y. 2022)/EFTA02813271.pdf","https://www.justice.gov/epstein/files/Court Records/Government of the United States Virgin Islands v. JPMorgan Chase Bank, N.A., No. 122-cv-10904 (S.D.N.Y. 2022)/EFTA02813271.mov"
"https://www.justice.gov/epstein/files/Court Records/Government of the United States Virgin Islands v. JPMorgan Chase Bank, N.A., No. 122-cv-10904 (S.D.N.Y. 2022)/EFTA02813280.pdf","https://www.justice.gov/epstein/files/Court Records/Government of the United States Virgin Islands v. JPMorgan Chase Bank, N.A., No. 122-cv-10904 (S.D.N.Y. 2022)/EFTA02813280.mov"
"https://www.justice.gov/epstein/files/Court Records/Government of the United States Virgin Islands v. JPMorgan Chase Bank, N.A., No. 122-cv-10904 (S.D.N.Y. 2022)/EFTA02813284.pdf","https://www.justice.gov/epstein/files/Court Records/Government of the United States Virgin Islands v. JPMorgan Chase Bank, N.A., No. 122-cv-10904 (S.D.N.Y. 2022)/EFTA02813284.mov"
"https://www.justice.gov/epstein/files/Court Records/Government of the United States Virgin Islands v. JPMorgan Chase Bank, N.A., No. 122-cv-10904 (S.D.N.Y. 2022)/EFTA02813291.pdf","https://www.justice.gov/epstein/files/Court Records/Government of the United States Virgin Islands v. JPMorgan Chase Bank, N.A., No. 122-cv-10904 (S.D.N.Y. 2022)/EFTA02813291.mov"
"https://www.justice.gov/epstein/files/Court Records/Government of the United States Virgin Islands v. JPMorgan Chase Bank, N.A., No. 122-cv-10904 (S.D.N.Y. 2022)/EFTA02813295.pdf","https://www.justice.gov/epstein/files/Court Records/Government of the United States Virgin Islands v. JPMorgan Chase Bank, N.A., No. 122-cv-10904 (S.D.N.Y. 2022)/EFTA02813295.mov"
"https://www.justice.gov/epstein/files/Court Records/Government of the United States Virgin Islands v. JPMorgan Chase Bank, N.A., No. 122-cv-10904 (S.D.N.Y. 2022)/EFTA02813328.pdf","https://www.justice.gov/epstein/files/Court Records/Government of the United States Virgin Islands v. JPMorgan Chase Bank, N.A., No. 122-cv-10904 (S.D.N.Y. 2022)/EFTA02813328.mov"
"https://www.justice.gov/epstein/files/Court Records/Government of the United States Virgin Islands v. JPMorgan Chase Bank, N.A., No. 122-cv-10904 (S.D.N.Y. 2022)/EFTA02813335.pdf","https://www.justice.gov/epstein/files/Court Records/Government of the United States Virgin Islands v. JPMorgan Chase Bank, N.A., No. 122-cv-10904 (S.D.N.Y. 2022)/EFTA02813335.mov"
"https://www.justice.gov/epstein/files/Court Records/Government of the United States Virgin Islands v. JPMorgan Chase Bank, N.A., No. 122-cv-10904 (S.D.N.Y. 2022)/EFTA02813565.pdf","https://www.justice.gov/epstein/files/Court Records/Government of the United States Virgin Islands v. JPMorgan Chase Bank, N.A., No. 122-cv-10904 (S.D.N.Y. 2022)/EFTA02813565.mov"
"https://www.justice.gov/epstein/files/Court Records/Government of the United States Virgin Islands v. JPMorgan Chase Bank, N.A., No. 122-cv-10904 (S.D.N.Y. 2022)/EFTA02813568.pdf","https://www.justice.gov/epstein/files/Court Records/Government of the United States Virgin Islands v. JPMorgan Chase Bank, N.A., No. 122-cv-10904 (S.D.N.Y. 2022)/EFTA02813568.mov"
"https://www.justice.gov/epstein/files/Court Records/Government of the United States Virgin Islands v. JPMorgan Chase Bank, N.A., No. 122-cv-10904 (S.D.N.Y. 2022)/EFTA02813574.pdf","https://www.justice.gov/epstein/files/Court Records/Government of the United States Virgin Islands v. JPMorgan Chase Bank, N.A., No. 122-cv-10904 (S.D.N.Y. 2022)/EFTA02813574.mov"
"https://www.justice.gov/epstein/files/Court Records/Government of the United States Virgin Islands v. JPMorgan Chase Bank, N.A., No. 122-cv-10904 (S.D.N.Y. 2022)/EFTA02813579.pdf","https://www.justice.gov/epstein/files/Court Records/Government of the United States Virgin Islands v. JPMorgan Chase Bank, N.A., No. 122-cv-10904 (S.D.N.Y. 2022)/EFTA02813579.mov"
"https://www.justice.gov/epstein/files/Court Records/Government of the United States Virgin Islands v. JPMorgan Chase Bank, N.A., No. 122-cv-10904 (S.D.N.Y. 2022)/EFTA02813590.pdf","https://www.justice.gov/epstein/files/Court Records/Government of the United States Virgin Islands v. JPMorgan Chase Bank, N.A., No. 122-cv-10904 (S.D.N.Y. 2022)/EFTA02813590.mov"
"https://www.justice.gov/epstein/files/Court Records/Government of the United States Virgin Islands v. JPMorgan Chase Bank, N.A., No. 122-cv-10904 (S.D.N.Y. 2022)/EFTA02813679.pdf","https://www.justice.gov/epstein/files/Court Records/Government of the United States Virgin Islands v. JPMorgan Chase Bank, N.A., No. 122-cv-10904 (S.D.N.Y. 2022)/EFTA02813679.mov"
"https://www.justice.gov/epstein/files/Court Records/Government of the United States Virgin Islands v. JPMorgan Chase Bank, N.A., No. 122-cv-10904 (S.D.N.Y. 2022)/EFTA02813689.pdf","https://www.justice.gov/epstein/files/Court Records/Government of the United States Virgin Islands v. JPMorgan Chase Bank, N.A., No. 122-cv-10904 (S.D.N.Y. 2022)/EFTA02813689.mov"
"https://www.justice.gov/epstein/files/Court Records/Government of the United States Virgin Islands v. JPMorgan Chase Bank, N.A., No. 122-cv-10904 (S.D.N.Y. 2022)/EFTA02813694.pdf","https://www.justice.gov/epstein/files/Court Records/Government of the United States Virgin Islands v. JPMorgan Chase Bank, N.A., No. 122-cv-10904 (S.D.N.Y. 2022)/EFTA02813694.mov"
"https://www.justice.gov/epstein/files/Court Records/Government of the United States Virgin Islands v. JPMorgan Chase Bank, N.A., No. 122-cv-10904 (S.D.N.Y. 2022)/EFTA02813699.pdf","https://www.justice.gov/epstein/files/Court Records/Government of the United States Virgin Islands v. JPMorgan Chase Bank, N.A., No. 122-cv-10904 (S.D.N.Y. 2022)/EFTA02813699.mov"
"https://www.justice.gov/epstein/files/Court Records/Government of the United States Virgin Islands v. JPMorgan Chase Bank, N.A., No. 122-cv-10904 (S.D.N.Y. 2022)/EFTA02813706.pdf","https://www.justice.gov/epstein/files/Court Records/Government of the United States Virgin Islands v. JPMorgan Chase Bank, N.A., No. 122-cv-10904 (S.D.N.Y. 2022)/EFTA02813706.mov"
"https://www.justice.gov/epstein/files/Court Records/Government of the United States Virgin Islands v. JPMorgan Chase Bank, N.A., No. 122-cv-10904 (S.D.N.Y. 2022)/EFTA02813715.pdf","https://www.justice.gov/epstein/files/Court Records/Government of the United States Virgin Islands v. JPMorgan Chase Bank, N.A., No. 122-cv-10904 (S.D.N.Y. 2022)/EFTA02813715.mov"
"https://www.justice.gov/epstein/files/Court Records/Government of the United States Virgin Islands v. JPMorgan Chase Bank, N.A., No. 122-cv-10904 (S.D.N.Y. 2022)/EFTA02813718.pdf","https://www.justice.gov/epstein/files/Court Records/Government of the United States Virgin Islands v. JPMorgan Chase Bank, N.A., No. 122-cv-10904 (S.D.N.Y. 2022)/EFTA02813718.mov"
"https://www.justice.gov/epstein/files/Court Records/Government of the United States Virgin Islands v. JPMorgan Chase Bank, N.A., No. 122-cv-10904 (S.D.N.Y. 2022)/EFTA02813860.pdf","https://www.justice.gov/epstein/files/Court Records/Government of the United States Virgin Islands v. JPMorgan Chase Bank, N.A., No. 122-cv-10904 (S.D.N.Y. 2022)/EFTA02813860.mov"
"https://www.justice.gov/epstein/files/Court Records/Government of the United States Virgin Islands v. JPMorgan Chase Bank, N.A., No. 122-cv-10904 (S.D.N.Y. 2022)/EFTA02813869.pdf","https://www.justice.gov/epstein/files/Court Records/Government of the United States Virgin Islands v. JPMorgan Chase Bank, N.A., No. 122-cv-10904 (S.D.N.Y. 2022)/EFTA02813869.mov"
"https://www.justice.gov/epstein/files/Court Records/Government of the United States Virgin Islands v. JPMorgan Chase Bank, N.A., No. 122-cv-10904 (S.D.N.Y. 2022)/EFTA02813940.pdf","https://www.justice.gov/epstein/files/Court Records/Government of the United States Virgin Islands v. JPMorgan Chase Bank, N.A., No. 122-cv-10904 (S.D.N.Y. 2022)/EFTA02813940.mov"
"https://www.justice.gov/epstein/files/Court Records/Government of the United States Virgin Islands v. JPMorgan Chase Bank, N.A., No. 122-cv-10904 (S.D.N.Y. 2022)/EFTA02813943.pdf","https://www.justice.gov/epstein/files/Court Records/Government of the United States Virgin Islands v. JPMorgan Chase Bank, N.A., No. 122-cv-10904 (S.D.N.Y. 2022)/EFTA02813943.mov"
"https://www.justice.gov/epstein/files/Court Records/Government of the United States Virgin Islands v. JPMorgan Chase Bank, N.A., No. 122-cv-10904 (S.D.N.Y. 2022)/EFTA02813952.pdf","https://www.justice.gov/epstein/files/Court Records/Government of the United States Virgin Islands v. JPMorgan Chase Bank, N.A., No. 122-cv-10904 (S.D.N.Y. 2022)/EFTA02813952.mov"
"https://www.justice.gov/epstein/files/Court Records/Government of the United States Virgin Islands v. JPMorgan Chase Bank, N.A., No. 122-cv-10904 (S.D.N.Y. 2022)/EFTA02814007.pdf","https://www.justice.gov/epstein/files/Court Records/Government of the United States Virgin Islands v. JPMorgan Chase Bank, N.A., No. 122-cv-10904 (S.D.N.Y. 2022)/EFTA02814007.mov"
"https://www.justice.gov/epstein/files/Court Records/Government of the United States Virgin Islands v. JPMorgan Chase Bank, N.A., No. 122-cv-10904 (S.D.N.Y. 2022)/EFTA02814009.pdf","https://www.justice.gov/epstein/files/Court Records/Government of the United States Virgin Islands v. JPMorgan Chase Bank, N.A., No. 122-cv-10904 (S.D.N.Y. 2022)/EFTA02814009.mov"
"https://www.justice.gov/epstein/files/Court Records/Government of the United States Virgin Islands v. JPMorgan Chase Bank, N.A., No. 122-cv-10904 (S.D.N.Y. 2022)/EFTA02814011.pdf","https://www.justice.gov/epstein/files/Court Records/Government of the United States Virgin Islands v. JPMorgan Chase Bank, N.A., No. 122-cv-10904 (S.D.N.Y. 2022)/EFTA02814011.mov"
"https://www.justice.gov/epstein/files/Court Records/Government of the United States Virgin Islands v. JPMorgan Chase Bank, N.A., No. 122-cv-10904 (S.D.N.Y. 2022)/EFTA02814015.pdf","https://www.justice.gov/epstein/files/Court Records/Government of the United States Virgin Islands v. JPMorgan Chase Bank, N.A., No. 122-cv-10904 (S.D.N.Y. 2022)/EFTA02814015.mov"
"https://www.justice.gov/epstein/files/Court Records/Government of the United States Virgin Islands v. JPMorgan Chase Bank, N.A., No. 122-cv-10904 (S.D.N.Y. 2022)/EFTA02814018.pdf","https://www.justice.gov/epstein/files/Court Records/Government of the United States Virgin Islands v. JPMorgan Chase Bank, N.A., No. 122-cv-10904 (S.D.N.Y. 2022)/EFTA02814018.mov"
"https://www.justice.gov/epstein/files/Court Records/Government of the United States Virgin Islands v. JPMorgan Chase Bank, N.A., No. 122-cv-10904 (S.D.N.Y. 2022)/EFTA02814031.pdf","https://www.justice.gov/epstein/files/Court Records/Government of the United States Virgin Islands v. JPMorgan Chase Bank, N.A., No. 122-cv-10904 (S.D.N.Y. 2022)/EFTA02814031.mov"
"https://www.justice.gov/epstein/files/Court Records/Government of the United States Virgin Islands v. JPMorgan Chase Bank, N.A., No. 122-cv-10904 (S.D.N.Y. 2022)/EFTA02814048.pdf","https://www.justice.gov/epstein/files/Court Records/Government of the United States Virgin Islands v. JPMorgan Chase Bank, N.A., No. 122-cv-10904 (S.D.N.Y. 2022)/EFTA02814048.mov"
"https://www.justice.gov/epstein/files/Court Records/Government of the United States Virgin Islands v. JPMorgan Chase Bank, N.A., No. 122-cv-10904 (S.D.N.Y. 2022)/EFTA02814061.pdf","https://www.justice.gov/epstein/files/Court Records/Government of the United States Virgin Islands v. JPMorgan Chase Bank, N.A., No. 122-cv-10904 (S.D.N.Y. 2022)/EFTA02814061.mov"
"https://www.justice.gov/epstein/files/Court Records/Government of the United States Virgin Islands v. JPMorgan Chase Bank, N.A., No. 122-cv-10904 (S.D.N.Y. 2022)/EFTA02814113.pdf","https://www.justice.gov/epstein/files/Court Records/Government of the United States Virgin Islands v. JPMorgan Chase Bank, N.A., No. 122-cv-10904 (S.D.N.Y. 2022)/EFTA02814113.mov"
"https://www.justice.gov/epstein/files/Court Records/Government of the United States Virgin Islands v. JPMorgan Chase Bank, N.A., No. 122-cv-10904 (S.D.N.Y. 2022)/EFTA02814123.pdf","https://www.justice.gov/epstein/files/Court Records/Government of the United States Virgin Islands v. JPMorgan Chase Bank, N.A., No. 122-cv-10904 (S.D.N.Y. 2022)/EFTA02814123.mov"
"https://www.justice.gov/epstein/files/Court Records/Government of the United States Virgin Islands v. JPMorgan Chase Bank, N.A., No. 122-cv-10904 (S.D.N.Y. 2022)/EFTA02814134.pdf","https://www.justice.gov/epstein/files/Court Records/Government of the United States Virgin Islands v. JPMorgan Chase Bank, N.A., No. 122-cv-10904 (S.D.N.Y. 2022)/EFTA02814134.mov"
"https://www.justice.gov/epstein/files/Court Records/Government of the United States Virgin Islands v. JPMorgan Chase Bank, N.A., No. 122-cv-10904 (S.D.N.Y. 2022)/EFTA02814259.pdf","https://www.justice.gov/epstein/files/Court Records/Government of the United States Virgin Islands v. JPMorgan Chase Bank, N.A., No. 122-cv-10904 (S.D.N.Y. 2022)/EFTA02814259.mov"
"https://www.justice.gov/epstein/files/Court Records/Government of the United States Virgin Islands v. JPMorgan Chase Bank, N.A., No. 122-cv-10904 (S.D.N.Y. 2022)/EFTA02814265.pdf","https://www.justice.gov/epstein/files/Court Records/Government of the United States Virgin Islands v. JPMorgan Chase Bank, N.A., No. 122-cv-10904 (S.D.N.Y. 2022)/EFTA02814265.mov"
"https://www.justice.gov/epstein/files/Court Records/Government of the United States Virgin Islands v. JPMorgan Chase Bank, N.A., No. 122-cv-10904 (S.D.N.Y. 2022)/EFTA02814285.pdf","https://www.justice.gov/epstein/files/Court Records/Government of the United States Virgin Islands v. JPMorgan Chase Bank, N.A., No. 122-cv-10904 (S.D.N.Y. 2022)/EFTA02814285.mov"
"https://www.justice.gov/epstein/files/Court Records/Government of the United States Virgin Islands v. JPMorgan Chase Bank, N.A., No. 122-cv-10904 (S.D.N.Y. 2022)/EFTA02814515.pdf","https://www.justice.gov/epstein/files/Court Records/Government of the United States Virgin Islands v. JPMorgan Chase Bank, N.A., No. 122-cv-10904 (S.D.N.Y. 2022)/EFTA02814515.mov"
"https://www.justice.gov/epstein/files/Court Records/Government of the United States Virgin Islands v. JPMorgan Chase Bank, N.A., No. 122-cv-10904 (S.D.N.Y. 2022)/EFTA02814536.pdf","https://www.justice.gov/epstein/files/Court Records/Government of the United States Virgin Islands v. JPMorgan Chase Bank, N.A., No. 122-cv-10904 (S.D.N.Y. 2022)/EFTA02814536.mov"
"https://www.justice.gov/epstein/files/Court Records/Government of the United States Virgin Islands v. JPMorgan Chase Bank, N.A., No. 122-cv-10904 (S.D.N.Y. 2022)/EFTA02814574.pdf","https://www.justice.gov/epstein/files/Court Records/Government of the United States Virgin Islands v. JPMorgan Chase Bank, N.A., No. 122-cv-10904 (S.D.N.Y. 2022)/EFTA02814574.mov"
"https://www.justice.gov/epstein/files/Court Records/Government of the United States Virgin Islands v. JPMorgan Chase Bank, N.A., No. 122-cv-10904 (S.D.N.Y. 2022)/EFTA02815061.pdf","https://www.justice.gov/epstein/files/Court Records/Government of the United States Virgin Islands v. JPMorgan Chase Bank, N.A., No. 122-cv-10904 (S.D.N.Y. 2022)/EFTA02815061.mov"
"https://www.justice.gov/epstein/files/Court Records/Government of the United States Virgin Islands v. JPMorgan Chase Bank, N.A., No. 122-cv-10904 (S.D.N.Y. 2022)/EFTA02815094.pdf","https://www.justice.gov/epstein/files/Court Records/Government of the United States Virgin Islands v. JPMorgan Chase Bank, N.A., No. 122-cv-10904 (S.D.N.Y. 2022)/EFTA02815094.mov"
"https://www.justice.gov/epstein/files/Court Records/Government of the United States Virgin Islands v. JPMorgan Chase Bank, N.A., No. 122-cv-10904 (S.D.N.Y. 2022)/EFTA02815536.pdf","https://www.justice.gov/epstein/files/Court Records/Government of the United States Virgin Islands v. JPMorgan Chase Bank, N.A., No. 122-cv-10904 (S.D.N.Y. 2022)/EFTA02815536.mov"
"https://www.justice.gov/epstein/files/Court Records/Government of the United States Virgin Islands v. JPMorgan Chase Bank, N.A., No. 122-cv-10904 (S.D.N.Y. 2022)/EFTA02815546.pdf","https://www.justice.gov/epstein/files/Court Records/Government of the United States Virgin Islands v. JPMorgan Chase Bank, N.A., No. 122-cv-10904 (S.D.N.Y. 2022)/EFTA02815546.mov"
"https://www.justice.gov/epstein/files/Court Records/Government of the United States Virgin Islands v. JPMorgan Chase Bank, N.A., No. 122-cv-10904 (S.D.N.Y. 2022)/EFTA02815556.pdf","https://www.justice.gov/epstein/files/Court Records/Government of the United States Virgin Islands v. JPMorgan Chase Bank, N.A., No. 122-cv-10904 (S.D.N.Y. 2022)/EFTA02815556.mov"
"https://www.justice.gov/epstein/files/Court Records/Government of the United States Virgin Islands v. JPMorgan Chase Bank, N.A., No. 122-cv-10904 (S.D.N.Y. 2022)/EFTA02815558.pdf","https://www.justice.gov/epstein/files/Court Records/Government of the United States Virgin Islands v. JPMorgan Chase Bank, N.A., No. 122-cv-10904 (S.D.N.Y. 2022)/EFTA02815558.mov"
"https://www.justice.gov/epstein/files/Court Records/Government of the United States Virgin Islands v. JPMorgan Chase Bank, N.A., No. 122-cv-10904 (S.D.N.Y. 2022)/EFTA02815572.pdf","https://www.justice.gov/epstein/files/Court Records/Government of the United States Virgin Islands v. JPMorgan Chase Bank, N.A., No. 122-cv-10904 (S.D.N.Y. 2022)/EFTA02815572.mov"
"https://www.justice.gov/epstein/files/Court Records/Government of the United States Virgin Islands v. JPMorgan Chase Bank, N.A., No. 122-cv-10904 (S.D.N.Y. 2022)/EFTA02815574.pdf","https://www.justice.gov/epstein/files/Court Records/Government of the United States Virgin Islands v. JPMorgan Chase Bank, N.A., No. 122-cv-10904 (S.D.N.Y. 2022)/EFTA02815574.mov"
"https://www.justice.gov/epstein/files/Court Records/Government of the United States Virgin Islands v. JPMorgan Chase Bank, N.A., No. 122-cv-10904 (S.D.N.Y. 2022)/EFTA02815602.pdf","https://www.justice.gov/epstein/files/Court Records/Government of the United States Virgin Islands v. JPMorgan Chase Bank, N.A., No. 122-cv-10904 (S.D.N.Y. 2022)/EFTA02815602.mov"
"https://www.justice.gov/epstein/files/Court Records/Government of the United States Virgin Islands v. JPMorgan Chase Bank, N.A., No. 122-cv-10904 (S.D.N.Y. 2022)/EFTA02815610.pdf","https://www.justice.gov/epstein/files/Court Records/Government of the United States Virgin Islands v. JPMorgan Chase Bank, N.A., No. 122-cv-10904 (S.D.N.Y. 2022)/EFTA02815610.mov"
"https://www.justice.gov/epstein/files/Court Records/Government of the United States Virgin Islands v. JPMorgan Chase Bank, N.A., No. 122-cv-10904 (S.D.N.Y. 2022)/EFTA02815748.pdf","https://www.justice.gov/epstein/files/Court Records/Government of the United States Virgin Islands v. JPMorgan Chase Bank, N.A., No. 122-cv-10904 (S.D.N.Y. 2022)/EFTA02815748.mov"
"https://www.justice.gov/epstein/files/Court Records/Government of the United States Virgin Islands v. JPMorgan Chase Bank, N.A., No. 122-cv-10904 (S.D.N.Y. 2022)/EFTA02815761.pdf","https://www.justice.gov/epstein/files/Court Records/Government of the United States Virgin Islands v. JPMorgan Chase Bank, N.A., No. 122-cv-10904 (S.D.N.Y. 2022)/EFTA02815761.mov"
"https://www.justice.gov/epstein/files/Court Records/Government of the United States Virgin Islands v. JPMorgan Chase Bank, N.A., No. 122-cv-10904 (S.D.N.Y. 2022)/EFTA02815785.pdf","https://www.justice.gov/epstein/files/Court Records/Government of the United States Virgin Islands v. JPMorgan Chase Bank, N.A., No. 122-cv-10904 (S.D.N.Y. 2022)/EFTA02815785.mov"
"https://www.justice.gov/epstein/files/Court Records/Government of the United States Virgin Islands v. JPMorgan Chase Bank, N.A., No. 122-cv-10904 (S.D.N.Y. 2022)/EFTA02815788.pdf","https://www.justice.gov/epstein/files/Court Records/Government of the United States Virgin Islands v. JPMorgan Chase Bank, N.A., No. 122-cv-10904 (S.D.N.Y. 2022)/EFTA02815788.mov"
"https://www.justice.gov/epstein/files/Court Records/Government of the United States Virgin Islands v. JPMorgan Chase Bank, N.A., No. 122-cv-10904 (S.D.N.Y. 2022)/EFTA02815988.pdf","https://www.justice.gov/epstein/files/Court Records/Government of the United States Virgin Islands v. JPMorgan Chase Bank, N.A., No. 122-cv-10904 (S.D.N.Y. 2022)/EFTA02815988.mov"
"https://www.justice.gov/epstein/files/Court Records/Government of the United States Virgin Islands v. JPMorgan Chase Bank, N.A., No. 122-cv-10904 (S.D.N.Y. 2022)/EFTA02816100.pdf","https://www.justice.gov/epstein/files/Court Records/Government of the United States Virgin Islands v. JPMorgan Chase Bank, N.A., No. 122-cv-10904 (S.D.N.Y. 2022)/EFTA02816100.mov"
"https://www.justice.gov/epstein/files/Court Records/Government of the United States Virgin Islands v. JPMorgan Chase Bank, N.A., No. 122-cv-10904 (S.D.N.Y. 2022)/EFTA02816139.pdf","https://www.justice.gov/epstein/files/Court Records/Government of the United States Virgin Islands v. JPMorgan Chase Bank, N.A., No. 122-cv-10904 (S.D.N.Y. 2022)/EFTA02816139.mov"
"https://www.justice.gov/epstein/files/Court Records/Government of the United States Virgin Islands v. JPMorgan Chase Bank, N.A., No. 122-cv-10904 (S.D.N.Y. 2022)/EFTA02816148.pdf","https://www.justice.gov/epstein/files/Court Records/Government of the United States Virgin Islands v. JPMorgan Chase Bank, N.A., No. 122-cv-10904 (S.D.N.Y. 2022)/EFTA02816148.mov"
"https://www.justice.gov/epstein/files/Court Records/Government of the United States Virgin Islands v. JPMorgan Chase Bank, N.A., No. 122-cv-10904 (S.D.N.Y. 2022)/EFTA02816160.pdf","https://www.justice.gov/epstein/files/Court Records/Government of the United States Virgin Islands v. JPMorgan Chase Bank, N.A., No. 122-cv-10904 (S.D.N.Y. 2022)/EFTA02816160.mov"
"https://www.justice.gov/epstein/files/Court Records/Government of the United States Virgin Islands v. JPMorgan Chase Bank, N.A., No. 122-cv-10904 (S.D.N.Y. 2022)/EFTA02816180.pdf","https://www.justice.gov/epstein/files/Court Records/Government of the United States Virgin Islands v. JPMorgan Chase Bank, N.A., No. 122-cv-10904 (S.D.N.Y. 2022)/EFTA02816180.mov"
"https://www.justice.gov/epstein/files/Court Records/Government of the United States Virgin Islands v. JPMorgan Chase Bank, N.A., No. 122-cv-10904 (S.D.N.Y. 2022)/EFTA02816183.pdf","https://www.justice.gov/epstein/files/Court Records/Government of the United States Virgin Islands v. JPMorgan Chase Bank, N.A., No. 122-cv-10904 (S.D.N.Y. 2022)/EFTA02816183.mov"
"https://www.justice.gov/epstein/files/Court Records/Government of the United States Virgin Islands v. JPMorgan Chase Bank, N.A., No. 122-cv-10904 (S.D.N.Y. 2022)/EFTA02816185.pdf","https://www.justice.gov/epstein/files/Court Records/Government of the United States Virgin Islands v. JPMorgan Chase Bank, N.A., No. 122-cv-10904 (S.D.N.Y. 2022)/EFTA02816185.mov"
"https://www.justice.gov/epstein/files/Court Records/Government of the United States Virgin Islands v. JPMorgan Chase Bank, N.A., No. 122-cv-10904 (S.D.N.Y. 2022)/EFTA02816209.pdf","https://www.justice.gov/epstein/files/Court Records/Government of the United States Virgin Islands v. JPMorgan Chase Bank, N.A., No. 122-cv-10904 (S.D.N.Y. 2022)/EFTA02816209.mov"
"https://www.justice.gov/epstein/files/Court Records/Government of the United States Virgin Islands v. JPMorgan Chase Bank, N.A., No. 122-cv-10904 (S.D.N.Y. 2022)/EFTA02816214.pdf","https://www.justice.gov/epstein/files/Court Records/Government of the United States Virgin Islands v. JPMorgan Chase Bank, N.A., No. 122-cv-10904 (S.D.N.Y. 2022)/EFTA02816214.mov"
"https://www.justice.gov/epstein/files/Court Records/Government of the United States Virgin Islands v. JPMorgan Chase Bank, N.A., No. 122-cv-10904 (S.D.N.Y. 2022)/EFTA02816223.pdf","https://www.justice.gov/epstein/files/Court Records/Government of the United States Virgin Islands v. JPMorgan Chase Bank, N.A., No. 122-cv-10904 (S.D.N.Y. 2022)/EFTA02816223.mov"
"https://www.justice.gov/epstein/files/Court Records/Government of the United States Virgin Islands v. JPMorgan Chase Bank, N.A., No. 122-cv-10904 (S.D.N.Y. 2022)/EFTA02816257.pdf","https://www.justice.gov/epstein/files/Court Records/Government of the United States Virgin Islands v. JPMorgan Chase Bank, N.A., No. 122-cv-10904 (S.D.N.Y. 2022)/EFTA02816257.mov"
"https://www.justice.gov/epstein/files/Court Records/Government of the United States Virgin Islands v. JPMorgan Chase Bank, N.A., No. 122-cv-10904 (S.D.N.Y. 2022)/EFTA02816265.pdf","https://www.justice.gov/epstein/files/Court Records/Government of the United States Virgin Islands v. JPMorgan Chase Bank, N.A., No. 122-cv-10904 (S.D.N.Y. 2022)/EFTA02816265.mov"
"https://www.justice.gov/epstein/files/Court Records/Government of the United States Virgin Islands v. JPMorgan Chase Bank, N.A., No. 122-cv-10904 (S.D.N.Y. 2022)/EFTA02816291.pdf","https://www.justice.gov/epstein/files/Court Records/Government of the United States Virgin Islands v. JPMorgan Chase Bank, N.A., No. 122-cv-10904 (S.D.N.Y. 2022)/EFTA02816291.mov"
"https://www.justice.gov/epstein/files/Court Records/Government of the United States Virgin Islands v. JPMorgan Chase Bank, N.A., No. 122-cv-10904 (S.D.N.Y. 2022)/EFTA02816293.pdf","https://www.justice.gov/epstein/files/Court Records/Government of the United States Virgin Islands v. JPMorgan Chase Bank, N.A., No. 122-cv-10904 (S.D.N.Y. 2022)/EFTA02816293.mov"
"https://www.justice.gov/epstein/files/Court Records/Government of the United States Virgin Islands v. JPMorgan Chase Bank, N.A., No. 122-cv-10904 (S.D.N.Y. 2022)/EFTA02816299.pdf","https://www.justice.gov/epstein/files/Court Records/Government of the United States Virgin Islands v. JPMorgan Chase Bank, N.A., No. 122-cv-10904 (S.D.N.Y. 2022)/EFTA02816299.mov"
"https://www.justice.gov/epstein/files/Court Records/Government of the United States Virgin Islands v. JPMorgan Chase Bank, N.A., No. 122-cv-10904 (S.D.N.Y. 2022)/EFTA02816316.pdf","https://www.justice.gov/epstein/files/Court Records/Government of the United States Virgin Islands v. JPMorgan Chase Bank, N.A., No. 122-cv-10904 (S.D.N.Y. 2022)/EFTA02816316.mov"
"https://www.justice.gov/epstein/files/Court Records/Government of the United States Virgin Islands v. JPMorgan Chase Bank, N.A., No. 122-cv-10904 (S.D.N.Y. 2022)/EFTA02816340.pdf","https://www.justice.gov/epstein/files/Court Records/Government of the United States Virgin Islands v. JPMorgan Chase Bank, N.A., No. 122-cv-10904 (S.D.N.Y. 2022)/EFTA02816340.mov"
"https://www.justice.gov/epstein/files/Court Records/Government of the United States Virgin Islands v. JPMorgan Chase Bank, N.A., No. 122-cv-10904 (S.D.N.Y. 2022)/EFTA02816347.pdf","https://www.justice.gov/epstein/files/Court Records/Government of the United States Virgin Islands v. JPMorgan Chase Bank, N.A., No. 122-cv-10904 (S.D.N.Y. 2022)/EFTA02816347.mov"
"https://www.justice.gov/epstein/files/Court Records/Government of the United States Virgin Islands v. JPMorgan Chase Bank, N.A., No. 122-cv-10904 (S.D.N.Y. 2022)/EFTA02816352.pdf","https://www.justice.gov/epstein/files/Court Records/Government of the United States Virgin Islands v. JPMorgan Chase Bank, N.A., No. 122-cv-10904 (S.D.N.Y. 2022)/EFTA02816352.mov"
"https://www.justice.gov/epstein/files/Court Records/Government of the United States Virgin Islands v. JPMorgan Chase Bank, N.A., No. 122-cv-10904 (S.D.N.Y. 2022)/EFTA02816375.pdf","https://www.justice.gov/epstein/files/Court Records/Government of the United States Virgin Islands v. JPMorgan Chase Bank, N.A., No. 122-cv-10904 (S.D.N.Y. 2022)/EFTA02816375.mov"
"https://www.justice.gov/epstein/files/Court Records/Government of the United States Virgin Islands v. JPMorgan Chase Bank, N.A., No. 122-cv-10904 (S.D.N.Y. 2022)/EFTA02816380.pdf","https://www.justice.gov/epstein/files/Court Records/Government of the United States Virgin Islands v. JPMorgan Chase Bank, N.A., No. 122-cv-10904 (S.D.N.Y. 2022)/EFTA02816380.mov"
"https://www.justice.gov/epstein/files/Court Records/Government of the United States Virgin Islands v. JPMorgan Chase Bank, N.A., No. 122-cv-10904 (S.D.N.Y. 2022)/EFTA02816386.pdf","https://www.justice.gov/epstein/files/Court Records/Government of the United States Virgin Islands v. JPMorgan Chase Bank, N.A., No. 122-cv-10904 (S.D.N.Y. 2022)/EFTA02816386.mov"
"https://www.justice.gov/epstein/files/Court Records/Government of the United States Virgin Islands v. JPMorgan Chase Bank, N.A., No. 122-cv-10904 (S.D.N.Y. 2022)/EFTA02816390.pdf","https://www.justice.gov/epstein/files/Court Records/Government of the United States Virgin Islands v. JPMorgan Chase Bank, N.A., No. 122-cv-10904 (S.D.N.Y. 2022)/EFTA02816390.mov"
"https://www.justice.gov/epstein/files/Court Records/Government of the United States Virgin Islands v. JPMorgan Chase Bank, N.A., No. 122-cv-10904 (S.D.N.Y. 2022)/EFTA02816398.pdf","https://www.justice.gov/epstein/files/Court Records/Government of the United States Virgin Islands v. JPMorgan Chase Bank, N.A., No. 122-cv-10904 (S.D.N.Y. 2022)/EFTA02816398.mov"
"https://www.justice.gov/epstein/files/Court Records/Government of the United States Virgin Islands v. JPMorgan Chase Bank, N.A., No. 122-cv-10904 (S.D.N.Y. 2022)/EFTA02816437.pdf","https://www.justice.gov/epstein/files/Court Records/Government of the United States Virgin Islands v. JPMorgan Chase Bank, N.A., No. 122-cv-10904 (S.D.N.Y. 2022)/EFTA02816437.mov"
"https://www.justice.gov/epstein/files/Court Records/Government of the United States Virgin Islands v. JPMorgan Chase Bank, N.A., No. 122-cv-10904 (S.D.N.Y. 2022)/EFTA02816448.pdf","https://www.justice.gov/epstein/files/Court Records/Government of the United States Virgin Islands v. JPMorgan Chase Bank, N.A., No. 122-cv-10904 (S.D.N.Y. 2022)/EFTA02816448.mov"
"https://www.justice.gov/epstein/files/Court Records/Government of the United States Virgin Islands v. JPMorgan Chase Bank, N.A., No. 122-cv-10904 (S.D.N.Y. 2022)/EFTA02816452.pdf","https://www.justice.gov/epstein/files/Court Records/Government of the United States Virgin Islands v. JPMorgan Chase Bank, N.A., No. 122-cv-10904 (S.D.N.Y. 2022)/EFTA02816452.mov"
"https://www.justice.gov/epstein/files/Court Records/Government of the United States Virgin Islands v. JPMorgan Chase Bank, N.A., No. 122-cv-10904 (S.D.N.Y. 2022)/EFTA02816454.pdf","https://www.justice.gov/epstein/files/Court Records/Government of the United States Virgin Islands v. JPMorgan Chase Bank, N.A., No. 122-cv-10904 (S.D.N.Y. 2022)/EFTA02816454.mov"
"https://www.justice.gov/epstein/files/Court Records/Government of the United States Virgin Islands v. JPMorgan Chase Bank, N.A., No. 122-cv-10904 (S.D.N.Y. 2022)/EFTA02817026.pdf","https://www.justice.gov/epstein/files/Court Records/Government of the United States Virgin Islands v. JPMorgan Chase Bank, N.A., No. 122-cv-10904 (S.D.N.Y. 2022)/EFTA02817026.mov"
"https://www.justice.gov/epstein/files/Court Records/Government of the United States Virgin Islands v. JPMorgan Chase Bank, N.A., No. 122-cv-10904 (S.D.N.Y. 2022)/EFTA02817032.pdf","https://www.justice.gov/epstein/files/Court Records/Government of the United States Virgin Islands v. JPMorgan Chase Bank, N.A., No. 122-cv-10904 (S.D.N.Y. 2022)/EFTA02817032.mov"
"https://www.justice.gov/epstein/files/Court Records/Government of the United States Virgin Islands v. JPMorgan Chase Bank, N.A., No. 122-cv-10904 (S.D.N.Y. 2022)/EFTA02817154.pdf","https://www.justice.gov/epstein/files/Court Records/Government of the United States Virgin Islands v. JPMorgan Chase Bank, N.A., No. 122-cv-10904 (S.D.N.Y. 2022)/EFTA02817154.mov"
"https://www.justice.gov/epstein/files/Court Records/Government of the United States Virgin Islands v. JPMorgan Chase Bank, N.A., No. 122-cv-10904 (S.D.N.Y. 2022)/EFTA02817156.pdf","https://www.justice.gov/epstein/files/Court Records/Government of the United States Virgin Islands v. JPMorgan Chase Bank, N.A., No. 122-cv-10904 (S.D.N.Y. 2022)/EFTA02817156.mov"
"https://www.justice.gov/epstein/files/Court Records/Government of the United States Virgin Islands v. JPMorgan Chase Bank, N.A., No. 122-cv-10904 (S.D.N.Y. 2022)/EFTA02817158.pdf","https://www.justice.gov/epstein/files/Court Records/Government of the United States Virgin Islands v. JPMorgan Chase Bank, N.A., No. 122-cv-10904 (S.D.N.Y. 2022)/EFTA02817158.mov"
"https://www.justice.gov/epstein/files/Court Records/Government of the United States Virgin Islands v. JPMorgan Chase Bank, N.A., No. 122-cv-10904 (S.D.N.Y. 2022)/EFTA02817166.pdf","https://www.justice.gov/epstein/files/Court Records/Government of the United States Virgin Islands v. JPMorgan Chase Bank, N.A., No. 122-cv-10904 (S.D.N.Y. 2022)/EFTA02817166.mov"
"https://www.justice.gov/epstein/files/Court Records/Government of the United States Virgin Islands v. JPMorgan Chase Bank, N.A., No. 122-cv-10904 (S.D.N.Y. 2022)/EFTA02817170.pdf","https://www.justice.gov/epstein/files/Court Records/Government of the United States Virgin Islands v. JPMorgan Chase Bank, N.A., No. 122-cv-10904 (S.D.N.Y. 2022)/EFTA02817170.mov"
"https://www.justice.gov/epstein/files/Court Records/Government of the United States Virgin Islands v. JPMorgan Chase Bank, N.A., No. 122-cv-10904 (S.D.N.Y. 2022)/EFTA02817180.pdf","https://www.justice.gov/epstein/files/Court Records/Government of the United States Virgin Islands v. JPMorgan Chase Bank, N.A., No. 122-cv-10904 (S.D.N.Y. 2022)/EFTA02817180.mov"
"https://www.justice.gov/epstein/files/Court Records/Government of the United States Virgin Islands v. JPMorgan Chase Bank, N.A., No. 122-cv-10904 (S.D.N.Y. 2022)/EFTA02817187.pdf","https://www.justice.gov/epstein/files/Court Records/Government of the United States Virgin Islands v. JPMorgan Chase Bank, N.A., No. 122-cv-10904 (S.D.N.Y. 2022)/EFTA02817187.mov"
"https://www.justice.gov/epstein/files/Court Records/Government of the United States Virgin Islands v. JPMorgan Chase Bank, N.A., No. 122-cv-10904 (S.D.N.Y. 2022)/EFTA02817192.pdf","https://www.justice.gov/epstein/files/Court Records/Government of the United States Virgin Islands v. JPMorgan Chase Bank, N.A., No. 122-cv-10904 (S.D.N.Y. 2022)/EFTA02817192.mov"
"https://www.justice.gov/epstein/files/Court Records/Government of the United States Virgin Islands v. JPMorgan Chase Bank, N.A., No. 122-cv-10904 (S.D.N.Y. 2022)/EFTA02817199.pdf","https://www.justice.gov/epstein/files/Court Records/Government of the United States Virgin Islands v. JPMorgan Chase Bank, N.A., No. 122-cv-10904 (S.D.N.Y. 2022)/EFTA02817199.mov"
"https://www.justice.gov/epstein/files/Court Records/Government of the United States Virgin Islands v. JPMorgan Chase Bank, N.A., No. 122-cv-10904 (S.D.N.Y. 2022)/EFTA02817691.pdf","https://www.justice.gov/epstein/files/Court Records/Government of the United States Virgin Islands v. JPMorgan Chase Bank, N.A., No. 122-cv-10904 (S.D.N.Y. 2022)/EFTA02817691.mov"
"https://www.justice.gov/epstein/files/Court Records/Government of the United States Virgin Islands v. JPMorgan Chase Bank, N.A., No. 122-cv-10904 (S.D.N.Y. 2022)/EFTA02817739.pdf","https://www.justice.gov/epstein/files/Court Records/Government of the United States Virgin Islands v. JPMorgan Chase Bank, N.A., No. 122-cv-10904 (S.D.N.Y. 2022)/EFTA02817739.mov"
"https://www.justice.gov/epstein/files/Court Records/Government of the United States Virgin Islands v. JPMorgan Chase Bank, N.A., No. 122-cv-10904 (S.D.N.Y. 2022)/EFTA02817741.pdf","https://www.justice.gov/epstein/files/Court Records/Government of the United States Virgin Islands v. JPMorgan Chase Bank, N.A., No. 122-cv-10904 (S.D.N.Y. 2022)/EFTA02817741.mov"
"https://www.justice.gov/epstein/files/Court Records/Government of the United States Virgin Islands v. JPMorgan Chase Bank, N.A., No. 122-cv-10904 (S.D.N.Y. 2022)/EFTA02817744.pdf","https://www.justice.gov/epstein/files/Court Records/Government of the United States Virgin Islands v. JPMorgan Chase Bank, N.A., No. 122-cv-10904 (S.D.N.Y. 2022)/EFTA02817744.mov"
"https://www.justice.gov/epstein/files/Court Records/Government of the United States Virgin Islands v. JPMorgan Chase Bank, N.A., No. 122-cv-10904 (S.D.N.Y. 2022)/EFTA02817748.pdf","https://www.justice.gov/epstein/files/Court Records/Government of the United States Virgin Islands v. JPMorgan Chase Bank, N.A., No. 122-cv-10904 (S.D.N.Y. 2022)/EFTA02817748.mov"
"https://www.justice.gov/epstein/files/Court Records/Government of the United States Virgin Islands v. JPMorgan Chase Bank, N.A., No. 122-cv-10904 (S.D.N.Y. 2022)/EFTA02817764.pdf","https://www.justice.gov/epstein/files/Court Records/Government of the United States Virgin Islands v. JPMorgan Chase Bank, N.A., No. 122-cv-10904 (S.D.N.Y. 2022)/EFTA02817764.mov"
"https://www.justice.gov/epstein/files/Court Records/Government of the United States Virgin Islands v. JPMorgan Chase Bank, N.A., No. 122-cv-10904 (S.D.N.Y. 2022)/EFTA02817791.pdf","https://www.justice.gov/epstein/files/Court Records/Government of the United States Virgin Islands v. JPMorgan Chase Bank, N.A., No. 122-cv-10904 (S.D.N.Y. 2022)/EFTA02817791.mov"
"https://www.justice.gov/epstein/files/Court Records/Government of the United States Virgin Islands v. JPMorgan Chase Bank, N.A., No. 122-cv-10904 (S.D.N.Y. 2022)/EFTA02817796.pdf","https://www.justice.gov/epstein/files/Court Records/Government of the United States Virgin Islands v. JPMorgan Chase Bank, N.A., No. 122-cv-10904 (S.D.N.Y. 2022)/EFTA02817796.mov"
"https://www.justice.gov/epstein/files/Court Records/Government of the United States Virgin Islands v. JPMorgan Chase Bank, N.A., No. 122-cv-10904 (S.D.N.Y. 2022)/EFTA02817803.pdf","https://www.justice.gov/epstein/files/Court Records/Government of the United States Virgin Islands v. JPMorgan Chase Bank, N.A., No. 122-cv-10904 (S.D.N.Y. 2022)/EFTA02817803.mov"
"https://www.justice.gov/epstein/files/Court Records/Government of the United States Virgin Islands v. JPMorgan Chase Bank, N.A., No. 122-cv-10904 (S.D.N.Y. 2022)/EFTA02817823.pdf","https://www.justice.gov/epstein/files/Court Records/Government of the United States Virgin Islands v. JPMorgan Chase Bank, N.A., No. 122-cv-10904 (S.D.N.Y. 2022)/EFTA02817823.mov"
"https://www.justice.gov/epstein/files/Court Records/Government of the United States Virgin Islands v. JPMorgan Chase Bank, N.A., No. 122-cv-10904 (S.D.N.Y. 2022)/EFTA02817833.pdf","https://www.justice.gov/epstein/files/Court Records/Government of the United States Virgin Islands v. JPMorgan Chase Bank, N.A., No. 122-cv-10904 (S.D.N.Y. 2022)/EFTA02817833.mov"
"https://www.justice.gov/epstein/files/Court Records/Government of the United States Virgin Islands v. JPMorgan Chase Bank, N.A., No. 122-cv-10904 (S.D.N.Y. 2022)/EFTA02817835.pdf","https://www.justice.gov/epstein/files/Court Records/Government of the United States Virgin Islands v. JPMorgan Chase Bank, N.A., No. 122-cv-10904 (S.D.N.Y. 2022)/EFTA02817835.mov"
"https://www.justice.gov/epstein/files/Court Records/Government of the United States Virgin Islands v. JPMorgan Chase Bank, N.A., No. 122-cv-10904 (S.D.N.Y. 2022)/EFTA02817858.pdf","https://www.justice.gov/epstein/files/Court Records/Government of the United States Virgin Islands v. JPMorgan Chase Bank, N.A., No. 122-cv-10904 (S.D.N.Y. 2022)/EFTA02817858.mov"
"https://www.justice.gov/epstein/files/Court Records/Government of the United States Virgin Islands v. JPMorgan Chase Bank, N.A., No. 122-cv-10904 (S.D.N.Y. 2022)/EFTA02817904.pdf","https://www.justice.gov/epstein/files/Court Records/Government of the United States Virgin Islands v. JPMorgan Chase Bank, N.A., No. 122-cv-10904 (S.D.N.Y. 2022)/EFTA02817904.mov"
"https://www.justice.gov/epstein/files/Court Records/Government of the United States Virgin Islands v. JPMorgan Chase Bank, N.A., No. 122-cv-10904 (S.D.N.Y. 2022)/EFTA02817908.pdf","https://www.justice.gov/epstein/files/Court Records/Government of the United States Virgin Islands v. JPMorgan Chase Bank, N.A., No. 122-cv-10904 (S.D.N.Y. 2022)/EFTA02817908.mov"
"https://www.justice.gov/epstein/files/Court Records/Government of the United States Virgin Islands v. JPMorgan Chase Bank, N.A., No. 122-cv-10904 (S.D.N.Y. 2022)/EFTA02817912.pdf","https://www.justice.gov/epstein/files/Court Records/Government of the United States Virgin Islands v. JPMorgan Chase Bank, N.A., No. 122-cv-10904 (S.D.N.Y. 2022)/EFTA02817912.mov"
"https://www.justice.gov/epstein/files/Court Records/Government of the United States Virgin Islands v. JPMorgan Chase Bank, N.A., No. 122-cv-10904 (S.D.N.Y. 2022)/EFTA02817914.pdf","https://www.justice.gov/epstein/files/Court Records/Government of the United States Virgin Islands v. JPMorgan Chase Bank, N.A., No. 122-cv-10904 (S.D.N.Y. 2022)/EFTA02817914.mov"
"https://www.justice.gov/epstein/files/Court Records/Government of the United States Virgin Islands v. JPMorgan Chase Bank, N.A., No. 122-cv-10904 (S.D.N.Y. 2022)/EFTA02817930.pdf","https://www.justice.gov/epstein/files/Court Records/Government of the United States Virgin Islands v. JPMorgan Chase Bank, N.A., No. 122-cv-10904 (S.D.N.Y. 2022)/EFTA02817930.mov"
"https://www.justice.gov/epstein/files/Court Records/Government of the United States Virgin Islands v. JPMorgan Chase Bank, N.A., No. 122-cv-10904 (S.D.N.Y. 2022)/EFTA02817932.pdf","https://www.justice.gov/epstein/files/Court Records/Government of the United States Virgin Islands v. JPMorgan Chase Bank, N.A., No. 122-cv-10904 (S.D.N.Y. 2022)/EFTA02817932.mov"
"https://www.justice.gov/epstein/files/Court Records/Government of the United States Virgin Islands v. JPMorgan Chase Bank, N.A., No. 122-cv-10904 (S.D.N.Y. 2022)/EFTA02817957.pdf","https://www.justice.gov/epstein/files/Court Records/Government of the United States Virgin Islands v. JPMorgan Chase Bank, N.A., No. 122-cv-10904 (S.D.N.Y. 2022)/EFTA02817957.mov"
"https://www.justice.gov/epstein/files/Court Records/Government of the United States Virgin Islands v. JPMorgan Chase Bank, N.A., No. 122-cv-10904 (S.D.N.Y. 2022)/EFTA02817966.pdf","https://www.justice.gov/epstein/files/Court Records/Government of the United States Virgin Islands v. JPMorgan Chase Bank, N.A., No. 122-cv-10904 (S.D.N.Y. 2022)/EFTA02817966.mov"
"https://www.justice.gov/epstein/files/Court Records/Government of the United States Virgin Islands v. JPMorgan Chase Bank, N.A., No. 122-cv-10904 (S.D.N.Y. 2022)/EFTA02818023.pdf","https://www.justice.gov/epstein/files/Court Records/Government of the United States Virgin Islands v. JPMorgan Chase Bank, N.A., No. 122-cv-10904 (S.D.N.Y. 2022)/EFTA02818023.mov"
"https://www.justice.gov/epstein/files/Court Records/Government of the United States Virgin Islands v. JPMorgan Chase Bank, N.A., No. 122-cv-10904 (S.D.N.Y. 2022)/EFTA02818049.pdf","https://www.justice.gov/epstein/files/Court Records/Government of the United States Virgin Islands v. JPMorgan Chase Bank, N.A., No. 122-cv-10904 (S.D.N.Y. 2022)/EFTA02818049.mov"
"https://www.justice.gov/epstein/files/Court Records/Government of the United States Virgin Islands v. JPMorgan Chase Bank, N.A., No. 122-cv-10904 (S.D.N.Y. 2022)/EFTA02818187.pdf","https://www.justice.gov/epstein/files/Court Records/Government of the United States Virgin Islands v. JPMorgan Chase Bank, N.A., No. 122-cv-10904 (S.D.N.Y. 2022)/EFTA02818187.mov"
"https://www.justice.gov/epstein/files/Court Records/Government of the United States Virgin Islands v. JPMorgan Chase Bank, N.A., No. 122-cv-10904 (S.D.N.Y. 2022)/EFTA02818192.pdf","https://www.justice.gov/epstein/files/Court Records/Government of the United States Virgin Islands v. JPMorgan Chase Bank, N.A., No. 122-cv-10904 (S.D.N.Y. 2022)/EFTA02818192.mov"
"https://www.justice.gov/epstein/files/Court Records/Government of the United States Virgin Islands v. JPMorgan Chase Bank, N.A., No. 122-cv-10904 (S.D.N.Y. 2022)/EFTA02818213.pdf","https://www.justice.gov/epstein/files/Court Records/Government of the United States Virgin Islands v. JPMorgan Chase Bank, N.A., No. 122-cv-10904 (S.D.N.Y. 2022)/EFTA02818213.mov"
"https://www.justice.gov/epstein/files/Court Records/Government of the United States Virgin Islands v. JPMorgan Chase Bank, N.A., No. 122-cv-10904 (S.D.N.Y. 2022)/EFTA02818217.pdf","https://www.justice.gov/epstein/files/Court Records/Government of the United States Virgin Islands v. JPMorgan Chase Bank, N.A., No. 122-cv-10904 (S.D.N.Y. 2022)/EFTA02818217.mov"
"https://www.justice.gov/epstein/files/Court Records/Government of the United States Virgin Islands v. JPMorgan Chase Bank, N.A., No. 122-cv-10904 (S.D.N.Y. 2022)/EFTA02818233.pdf","https://www.justice.gov/epstein/files/Court Records/Government of the United States Virgin Islands v. JPMorgan Chase Bank, N.A., No. 122-cv-10904 (S.D.N.Y. 2022)/EFTA02818233.mov"
"https://www.justice.gov/epstein/files/Court Records/Government of the United States Virgin Islands v. JPMorgan Chase Bank, N.A., No. 122-cv-10904 (S.D.N.Y. 2022)/EFTA02818268.pdf","https://www.justice.gov/epstein/files/Court Records/Government of the United States Virgin Islands v. JPMorgan Chase Bank, N.A., No. 122-cv-10904 (S.D.N.Y. 2022)/EFTA02818268.mov"
"https://www.justice.gov/epstein/files/Court Records/Government of the United States Virgin Islands v. JPMorgan Chase Bank, N.A., No. 122-cv-10904 (S.D.N.Y. 2022)/EFTA02818272.pdf","https://www.justice.gov/epstein/files/Court Records/Government of the United States Virgin Islands v. JPMorgan Chase Bank, N.A., No. 122-cv-10904 (S.D.N.Y. 2022)/EFTA02818272.mov"
"https://www.justice.gov/epstein/files/Court Records/Government of the United States Virgin Islands v. JPMorgan Chase Bank, N.A., No. 122-cv-10904 (S.D.N.Y. 2022)/EFTA02818274.pdf","https://www.justice.gov/epstein/files/Court Records/Government of the United States Virgin Islands v. JPMorgan Chase Bank, N.A., No. 122-cv-10904 (S.D.N.Y. 2022)/EFTA02818274.mov"
"https://www.justice.gov/epstein/files/Court Records/Government of the United States Virgin Islands v. JPMorgan Chase Bank, N.A., No. 122-cv-10904 (S.D.N.Y. 2022)/EFTA02818276.pdf","https://www.justice.gov/epstein/files/Court Records/Government of the United States Virgin Islands v. JPMorgan Chase Bank, N.A., No. 122-cv-10904 (S.D.N.Y. 2022)/EFTA02818276.mov"
"https://www.justice.gov/epstein/files/Court Records/Government of the United States Virgin Islands v. JPMorgan Chase Bank, N.A., No. 122-cv-10904 (S.D.N.Y. 2022)/EFTA02818278.pdf","https://www.justice.gov/epstein/files/Court Records/Government of the United States Virgin Islands v. JPMorgan Chase Bank, N.A., No. 122-cv-10904 (S.D.N.Y. 2022)/EFTA02818278.mov"
"https://www.justice.gov/epstein/files/Court Records/Government of the United States Virgin Islands v. JPMorgan Chase Bank, N.A., No. 122-cv-10904 (S.D.N.Y. 2022)/EFTA02818280.pdf","https://www.justice.gov/epstein/files/Court Records/Government of the United States Virgin Islands v. JPMorgan Chase Bank, N.A., No. 122-cv-10904 (S.D.N.Y. 2022)/EFTA02818280.mov"
"https://www.justice.gov/epstein/files/Court Records/Government of the United States Virgin Islands v. JPMorgan Chase Bank, N.A., No. 122-cv-10904 (S.D.N.Y. 2022)/EFTA02818530.pdf","https://www.justice.gov/epstein/files/Court Records/Government of the United States Virgin Islands v. JPMorgan Chase Bank, N.A., No. 122-cv-10904 (S.D.N.Y. 2022)/EFTA02818530.mov"
"https://www.justice.gov/epstein/files/Court Records/Government of the United States Virgin Islands v. JPMorgan Chase Bank, N.A., No. 122-cv-10904 (S.D.N.Y. 2022)/EFTA02818536.pdf","https://www.justice.gov/epstein/files/Court Records/Government of the United States Virgin Islands v. JPMorgan Chase Bank, N.A., No. 122-cv-10904 (S.D.N.Y. 2022)/EFTA02818536.mov"
"https://www.justice.gov/epstein/files/Court Records/Government of the United States Virgin Islands v. JPMorgan Chase Bank, N.A., No. 122-cv-10904 (S.D.N.Y. 2022)/EFTA02818558.pdf","https://www.justice.gov/epstein/files/Court Records/Government of the United States Virgin Islands v. JPMorgan Chase Bank, N.A., No. 122-cv-10904 (S.D.N.Y. 2022)/EFTA02818558.mov"
"https://www.justice.gov/epstein/files/Court Records/Government of the United States Virgin Islands v. JPMorgan Chase Bank, N.A., No. 122-cv-10904 (S.D.N.Y. 2022)/EFTA02818561.pdf","https://www.justice.gov/epstein/files/Court Records/Government of the United States Virgin Islands v. JPMorgan Chase Bank, N.A., No. 122-cv-10904 (S.D.N.Y. 2022)/EFTA02818561.mov"
"https://www.justice.gov/epstein/files/Court Records/Government of the United States Virgin Islands v. JPMorgan Chase Bank, N.A., No. 122-cv-10904 (S.D.N.Y. 2022)/EFTA02818564.pdf","https://www.justice.gov/epstein/files/Court Records/Government of the United States Virgin Islands v. JPMorgan Chase Bank, N.A., No. 122-cv-10904 (S.D.N.Y. 2022)/EFTA02818564.mov"
"https://www.justice.gov/epstein/files/Court Records/Government of the United States Virgin Islands v. JPMorgan Chase Bank, N.A., No. 122-cv-10904 (S.D.N.Y. 2022)/EFTA02818565.pdf","https://www.justice.gov/epstein/files/Court Records/Government of the United States Virgin Islands v. JPMorgan Chase Bank, N.A., No. 122-cv-10904 (S.D.N.Y. 2022)/EFTA02818565.mov"
"https://www.justice.gov/epstein/files/Court Records/Government of the United States Virgin Islands v. JPMorgan Chase Bank, N.A., No. 122-cv-10904 (S.D.N.Y. 2022)/EFTA02818578.pdf","https://www.justice.gov/epstein/files/Court Records/Government of the United States Virgin Islands v. JPMorgan Chase Bank, N.A., No. 122-cv-10904 (S.D.N.Y. 2022)/EFTA02818578.mov"
"https://www.justice.gov/epstein/files/Court Records/Government of the United States Virgin Islands v. JPMorgan Chase Bank, N.A., No. 122-cv-10904 (S.D.N.Y. 2022)/EFTA02818586.pdf","https://www.justice.gov/epstein/files/Court Records/Government of the United States Virgin Islands v. JPMorgan Chase Bank, N.A., No. 122-cv-10904 (S.D.N.Y. 2022)/EFTA02818586.mov"
"https://www.justice.gov/epstein/files/Court Records/Government of the United States Virgin Islands v. JPMorgan Chase Bank, N.A., No. 122-cv-10904 (S.D.N.Y. 2022)/EFTA02818588.pdf","https://www.justice.gov/epstein/files/Court Records/Government of the United States Virgin Islands v. JPMorgan Chase Bank, N.A., No. 122-cv-10904 (S.D.N.Y. 2022)/EFTA02818588.mov"
"https://www.justice.gov/epstein/files/Court Records/Government of the United States Virgin Islands v. JPMorgan Chase Bank, N.A., No. 122-cv-10904 (S.D.N.Y. 2022)/EFTA02818591.pdf","https://www.justice.gov/epstein/files/Court Records/Government of the United States Virgin Islands v. JPMorgan Chase Bank, N.A., No. 122-cv-10904 (S.D.N.Y. 2022)/EFTA02818591.mov"
"https://www.justice.gov/epstein/files/Court Records/Government of the United States Virgin Islands v. JPMorgan Chase Bank, N.A., No. 122-cv-10904 (S.D.N.Y. 2022)/EFTA02818612.pdf","https://www.justice.gov/epstein/files/Court Records/Government of the United States Virgin Islands v. JPMorgan Chase Bank, N.A., No. 122-cv-10904 (S.D.N.Y. 2022)/EFTA02818612.mov"
"https://www.justice.gov/epstein/files/Court Records/Government of the United States Virgin Islands v. JPMorgan Chase Bank, N.A., No. 122-cv-10904 (S.D.N.Y. 2022)/EFTA02818614.pdf","https://www.justice.gov/epstein/files/Court Records/Government of the United States Virgin Islands v. JPMorgan Chase Bank, N.A., No. 122-cv-10904 (S.D.N.Y. 2022)/EFTA02818614.mov"
"https://www.justice.gov/epstein/files/Court Records/Government of the United States Virgin Islands v. JPMorgan Chase Bank, N.A., No. 122-cv-10904 (S.D.N.Y. 2022)/EFTA02818691.pdf","https://www.justice.gov/epstein/files/Court Records/Government of the United States Virgin Islands v. JPMorgan Chase Bank, N.A., No. 122-cv-10904 (S.D.N.Y. 2022)/EFTA02818691.mov"
"https://www.justice.gov/epstein/files/Court Records/Government of the United States Virgin Islands v. JPMorgan Chase Bank, N.A., No. 122-cv-10904 (S.D.N.Y. 2022)/EFTA02818693.pdf","https://www.justice.gov/epstein/files/Court Records/Government of the United States Virgin Islands v. JPMorgan Chase Bank, N.A., No. 122-cv-10904 (S.D.N.Y. 2022)/EFTA02818693.mov"
"https://www.justice.gov/epstein/files/Court Records/Helm v. Indyke, No. 119-cv-10476 (S.D.N.Y. 2019)/EFTA02819144.pdf","https://www.justice.gov/epstein/files/Court Records/Helm v. Indyke, No. 119-cv-10476 (S.D.N.Y. 2019)/EFTA02819144.mov"
"https://www.justice.gov/epstein/files/Court Records/Jane Doe 43 v. Epstein, No. 117-cv-00616 (S.D.N.Y. 2017)/EFTA02819535.pdf","https://www.justice.gov/epstein/files/Court Records/Jane Doe 43 v. Epstein, No. 117-cv-00616 (S.D.N.Y. 2017)/EFTA02819535.mov"
"https://www.justice.gov/epstein/files/Court Records/Jane Doe 43 v. Epstein, No. 117-cv-00616 (S.D.N.Y. 2017)/EFTA02819574.pdf","https://www.justice.gov/epstein/files/Court Records/Jane Doe 43 v. Epstein, No. 117-cv-00616 (S.D.N.Y. 2017)/EFTA02819574.mov"
"https://www.justice.gov/epstein/files/Court Records/Jane Doe 43 v. Epstein, No. 117-cv-00616 (S.D.N.Y. 2017)/EFTA02819588.pdf","https://www.justice.gov/epstein/files/Court Records/Jane Doe 43 v. Epstein, No. 117-cv-00616 (S.D.N.Y. 2017)/EFTA02819588.mov"
"https://www.justice.gov/epstein/files/Court Records/Jane Doe 43 v. Epstein, No. 117-cv-00616 (S.D.N.Y. 2017)/EFTA02819672.pdf","https://www.justice.gov/epstein/files/Court Records/Jane Doe 43 v. Epstein, No. 117-cv-00616 (S.D.N.Y. 2017)/EFTA02819672.mov"
"https://www.justice.gov/epstein/files/Court Records/Jane Doe 43 v. Epstein, No. 117-cv-00616 (S.D.N.Y. 2017)/EFTA02819902.pdf","https://www.justice.gov/epstein/files/Court Records/Jane Doe 43 v. Epstein, No. 117-cv-00616 (S.D.N.Y. 2017)/EFTA02819902.mov"
"https://www.justice.gov/epstein/files/Court Records/Jane Doe 43 v. Epstein, No. 117-cv-00616 (S.D.N.Y. 2017)/EFTA02820015.pdf","https://www.justice.gov/epstein/files/Court Records/Jane Doe 43 v. Epstein, No. 117-cv-00616 (S.D.N.Y. 2017)/EFTA02820015.mov"
"https://www.justice.gov/epstein/files/Court Records/Jane Doe 43 v. Epstein, No. 117-cv-00616 (S.D.N.Y. 2017)/EFTA02820494.pdf","https://www.justice.gov/epstein/files/Court Records/Jane Doe 43 v. Epstein, No. 117-cv-00616 (S.D.N.Y. 2017)/EFTA02820494.mov"
"https://www.justice.gov/epstein/files/Court Records/Jane Doe 43 v. Epstein, No. 117-cv-00616 (S.D.N.Y. 2017)/EFTA02820614.pdf","https://www.justice.gov/epstein/files/Court Records/Jane Doe 43 v. Epstein, No. 117-cv-00616 (S.D.N.Y. 2017)/EFTA02820614.mov"
"https://www.justice.gov/epstein/files/Court Records/L.M. v. Epstein, 909-cv-81092 (S.D. Fla. 2009)/EFTA02820863.pdf","https://www.justice.gov/epstein/files/Court Records/L.M. v. Epstein, 909-cv-81092 (S.D. Fla. 2009)/EFTA02820863.mov"
"https://www.justice.gov/epstein/files/Court Records/L.M. v. Epstein, 909-cv-81092 (S.D. Fla. 2009)/EFTA02820903.pdf","https://www.justice.gov/epstein/files/Court Records/L.M. v. Epstein, 909-cv-81092 (S.D. Fla. 2009)/EFTA02820903.mov"
"https://www.justice.gov/epstein/files/Court Records/L.M. v. Epstein, 909-cv-81092 (S.D. Fla. 2009)/EFTA02820915.pdf","https://www.justice.gov/epstein/files/Court Records/L.M. v. Epstein, 909-cv-81092 (S.D. Fla. 2009)/EFTA02820915.mov"
"https://www.justice.gov/epstein/files/Court Records/L.M. v. Epstein, 909-cv-81092 (S.D. Fla. 2009)/EFTA02820954.pdf","https://www.justice.gov/epstein/files/Court Records/L.M. v. Epstein, 909-cv-81092 (S.D. Fla. 2009)/EFTA02820954.mov"
"https://www.justice.gov/epstein/files/Court Records/MJ v. Epstein, No. 910-cv-81111 (S.D. Fla. 2010)/EFTA02821007.pdf","https://www.justice.gov/epstein/files/Court Records/MJ v. Epstein, No. 910-cv-81111 (S.D. Fla. 2010)/EFTA02821007.mov"
"https://www.justice.gov/epstein/files/Court Records/MJ v. Epstein, No. 910-cv-81111 (S.D. Fla. 2010)/EFTA02821042.pdf","https://www.justice.gov/epstein/files/Court Records/MJ v. Epstein, No. 910-cv-81111 (S.D. Fla. 2010)/EFTA02821042.mov"
"https://www.justice.gov/epstein/files/Court Records/MJ v. Epstein, No. 910-cv-81111 (S.D. Fla. 2010)/EFTA02821084.pdf","https://www.justice.gov/epstein/files/Court Records/MJ v. Epstein, No. 910-cv-81111 (S.D. Fla. 2010)/EFTA02821084.mov"
"https://www.justice.gov/epstein/files/Court Records/MJ v. Epstein, No. 910-cv-81111 (S.D. Fla. 2010)/EFTA02821531.pdf","https://www.justice.gov/epstein/files/Court Records/MJ v. Epstein, No. 910-cv-81111 (S.D. Fla. 2010)/EFTA02821531.mov"
"https://www.justice.gov/epstein/files/Court Records/Matter of the Estate of Jeffrey E. Epstein, Deceased, No. ST-21-RV-00005 (V.I. Super. Ct. 2021)/EFTA02821825.pdf","https://www.justice.gov/epstein/files/Court Records/Matter of the Estate of Jeffrey E. Epstein, Deceased, No. ST-21-RV-00005 (V.I. Super. Ct. 2021)/EFTA02821825.mov"
"https://www.justice.gov/epstein/files/Court Records/Maxwell v. United States, No. 24-1073 (U.S. 2025) (petition for cert.)/EFTA02822715.pdf","https://www.justice.gov/epstein/files/Court Records/Maxwell v. United States, No. 24-1073 (U.S. 2025) (petition for cert.)/EFTA02822715.mov"
"https://www.justice.gov/epstein/files/Court Records/Operating Engineers Construction Industry and Miscellaneous Pension Fund v. Dimon, No. 123-cv-03903 (S.D.N.Y. 2023)/EFTA02823008.pdf","https://www.justice.gov/epstein/files/Court Records/Operating Engineers Construction Industry and Miscellaneous Pension Fund v. Dimon, No. 123-cv-03903 (S.D.N.Y. 2023)/EFTA02823008.mov"
"https://www.justice.gov/epstein/files/Court Records/State of Florida v. Epstein, No. 50-2006-CF-009454-AXXX-MB (Fla. 15th Cir. Ct. 2006)/EFTA02823232.pdf","https://www.justice.gov/epstein/files/Court Records/State of Florida v. Epstein, No. 50-2006-CF-009454-AXXX-MB (Fla. 15th Cir. Ct. 2006)/EFTA02823232.mov"
"https://www.justice.gov/epstein/files/Court Records/State of Florida v. Epstein, No. 50-2006-CF-009454-AXXX-MB (Fla. 15th Cir. Ct. 2006)/EFTA02823240.pdf","https://www.justice.gov/epstein/files/Court Records/State of Florida v. Epstein, No. 50-2006-CF-009454-AXXX-MB (Fla. 15th Cir. Ct. 2006)/EFTA02823240.mov"
"https://www.justice.gov/epstein/files/Court Records/State of Florida v. Epstein, No. 50-2006-CF-009454-AXXX-MB (Fla. 15th Cir. Ct. 2006)/EFTA02823243.pdf","https://www.justice.gov/epstein/files/Court Records/State of Florida v. Epstein, No. 50-2006-CF-009454-AXXX-MB (Fla. 15th Cir. Ct. 2006)/EFTA02823243.mov"
"https://www.justice.gov/epstein/files/Court Records/State of Florida v. Epstein, No. 50-2006-CF-009454-AXXX-MB (Fla. 15th Cir. Ct. 2006)/EFTA02823247.pdf","https://www.justice.gov/epstein/files/Court Records/State of Florida v. Epstein, No. 50-2006-CF-009454-AXXX-MB (Fla. 15th Cir. Ct. 2006)/EFTA02823247.mov"
"https://www.justice.gov/epstein/files/Court Records/State of Florida v. Epstein, No. 50-2006-CF-009454-AXXX-MB (Fla. 15th Cir. Ct. 2006)/EFTA02823248.pdf","https://www.justice.gov/epstein/files/Court Records/State of Florida v. Epstein, No. 50-2006-CF-009454-AXXX-MB (Fla. 15th Cir. Ct. 2006)/EFTA02823248.mov"
"https://www.justice.gov/epstein/files/Court Records/State of Florida v. Epstein, No. 50-2006-CF-009454-AXXX-MB (Fla. 15th Cir. Ct. 2006)/EFTA02823249.pdf","https://www.justice.gov/epstein/files/Court Records/State of Florida v. Epstein, No. 50-2006-CF-009454-AXXX-MB (Fla. 15th Cir. Ct. 2006)/EFTA02823249.mov"
"https://www.justice.gov/epstein/files/Court Records/State of Florida v. Epstein, No. 50-2006-CF-009454-AXXX-MB (Fla. 15th Cir. Ct. 2006)/EFTA02823250.pdf","https://www.justice.gov/epstein/files/Court Records/State of Florida v. Epstein, No. 50-2006-CF-009454-AXXX-MB (Fla. 15th Cir. Ct. 2006)/EFTA02823250.mov"
"https://www.justice.gov/epstein/files/Court Records/State of Florida v. Epstein, No. 50-2006-CF-009454-AXXX-MB (Fla. 15th Cir. Ct. 2006)/EFTA02823258.pdf","https://www.justice.gov/epstein/files/Court Records/State of Florida v. Epstein, No. 50-2006-CF-009454-AXXX-MB (Fla. 15th Cir. Ct. 2006)/EFTA02823258.mov"
"https://www.justice.gov/epstein/files/Court Records/State of Florida v. Epstein, No. 50-2006-CF-009454-AXXX-MB (Fla. 15th Cir. Ct. 2006)/EFTA02823282.pdf","https://www.justice.gov/epstein/files/Court Records/State of Florida v. Epstein, No. 50-2006-CF-009454-AXXX-MB (Fla. 15th Cir. Ct. 2006)/EFTA02823282.mov"
"https://www.justice.gov/epstein/files/Court Records/State of Florida v. Epstein, No. 50-2006-CF-009454-AXXX-MB (Fla. 15th Cir. Ct. 2006)/EFTA02823290.pdf","https://www.justice.gov/epstein/files/Court Records/State of Florida v. Epstein, No. 50-2006-CF-009454-AXXX-MB (Fla. 15th Cir. Ct. 2006)/EFTA02823290.mov"
"https://www.justice.gov/epstein/files/Court Records/State of Florida v. Epstein, No. 50-2006-CF-009454-AXXX-MB (Fla. 15th Cir. Ct. 2006)/EFTA02823291.pdf","https://www.justice.gov/epstein/files/Court Records/State of Florida v. Epstein, No. 50-2006-CF-009454-AXXX-MB (Fla. 15th Cir. Ct. 2006)/EFTA02823291.mov"
"https://www.justice.gov/epstein/files/Court Records/State of Florida v. Epstein, No. 50-2006-CF-009454-AXXX-MB (Fla. 15th Cir. Ct. 2006)/EFTA02823347.pdf","https://www.justice.gov/epstein/files/Court Records/State of Florida v. Epstein, No. 50-2006-CF-009454-AXXX-MB (Fla. 15th Cir. Ct. 2006)/EFTA02823347.mov"
"https://www.justice.gov/epstein/files/Court Records/State of Florida v. Epstein, No. 50-2006-CF-009454-AXXX-MB (Fla. 15th Cir. Ct. 2006)/EFTA02823397.pdf","https://www.justice.gov/epstein/files/Court Records/State of Florida v. Epstein, No. 50-2006-CF-009454-AXXX-MB (Fla. 15th Cir. Ct. 2006)/EFTA02823397.mov"
"https://www.justice.gov/epstein/files/Court Records/State of Florida v. Epstein, No. 50-2006-CF-009454-AXXX-MB (Fla. 15th Cir. Ct. 2006)/EFTA02823468.pdf","https://www.justice.gov/epstein/files/Court Records/State of Florida v. Epstein, No. 50-2006-CF-009454-AXXX-MB (Fla. 15th Cir. Ct. 2006)/EFTA02823468.mov"
"https://www.justice.gov/epstein/files/Court Records/State of Florida v. Epstein, No. 50-2008-CF-009381-AXXX-MB (Fla. 15th Cir. Ct. 2008)/EFTA02823695.pdf","https://www.justice.gov/epstein/files/Court Records/State of Florida v. Epstein, No. 50-2008-CF-009381-AXXX-MB (Fla. 15th Cir. Ct. 2008)/EFTA02823695.mov"
"https://www.justice.gov/epstein/files/Court Records/State of Florida v. Epstein, No. 50-2008-CF-009381-AXXX-MB (Fla. 15th Cir. Ct. 2008)/EFTA02823774.pdf","https://www.justice.gov/epstein/files/Court Records/State of Florida v. Epstein, No. 50-2008-CF-009381-AXXX-MB (Fla. 15th Cir. Ct. 2008)/EFTA02823774.mov"
"https://www.justice.gov/epstein/files/Court Records/State of Florida v. Epstein, No. 50-2008-CF-009381-AXXX-MB (Fla. 15th Cir. Ct. 2008)/EFTA02823827.pdf","https://www.justice.gov/epstein/files/Court Records/State of Florida v. Epstein, No. 50-2008-CF-009381-AXXX-MB (Fla. 15th Cir. Ct. 2008)/EFTA02823827.mov"
"https://www.justice.gov/epstein/files/Court Records/United States v. Epstein, No. 119-cr-00490 (S.D.N.Y. 2019)/EFTA02824309.pdf","https://www.justice.gov/epstein/files/Court Records/United States v. Epstein, No. 119-cr-00490 (S.D.N.Y. 2019)/EFTA02824309.mov"
"https://www.justice.gov/epstein/files/Court Records/United States v. Epstein, No. 119-cr-00490 (S.D.N.Y. 2019)/EFTA02824323.pdf","https://www.justice.gov/epstein/files/Court Records/United States v. Epstein, No. 119-cr-00490 (S.D.N.Y. 2019)/EFTA02824323.mov"
"https://www.justice.gov/epstein/files/Court Records/United States v. Epstein, No. 119-cr-00490 (S.D.N.Y. 2019)/EFTA02824334.pdf","https://www.justice.gov/epstein/files/Court Records/United States v. Epstein, No. 119-cr-00490 (S.D.N.Y. 2019)/EFTA02824334.mov"
"https://www.justice.gov/epstein/files/Court Records/United States v. Epstein, No. 119-cr-00490 (S.D.N.Y. 2019)/EFTA02824347.pdf","https://www.justice.gov/epstein/files/Court Records/United States v. Epstein, No. 119-cr-00490 (S.D.N.Y. 2019)/EFTA02824347.mov"
"https://www.justice.gov/epstein/files/Court Records/United States v. Epstein, No. 119-cr-00490 (S.D.N.Y. 2019)/EFTA02824350.pdf","https://www.justice.gov/epstein/files/Court Records/United States v. Epstein, No. 119-cr-00490 (S.D.N.Y. 2019)/EFTA02824350.mov"
"https://www.justice.gov/epstein/files/Court Records/United States v. Epstein, No. 119-cr-00490 (S.D.N.Y. 2019)/EFTA02824483.pdf","https://www.justice.gov/epstein/files/Court Records/United States v. Epstein, No. 119-cr-00490 (S.D.N.Y. 2019)/EFTA02824483.mov"
"https://www.justice.gov/epstein/files/Court Records/United States v. Epstein, No. 119-cr-00490 (S.D.N.Y. 2019)/EFTA02824614.pdf","https://www.justice.gov/epstein/files/Court Records/United States v. Epstein, No. 119-cr-00490 (S.D.N.Y. 2019)/EFTA02824614.mov"
"https://www.justice.gov/epstein/files/Court Records/United States v. Epstein, No. 119-cr-00490 (S.D.N.Y. 2019)/EFTA02824644.pdf","https://www.justice.gov/epstein/files/Court Records/United States v. Epstein, No. 119-cr-00490 (S.D.N.Y. 2019)/EFTA02824644.mov"
"https://www.justice.gov/epstein/files/Court Records/United States v. Maxwell, No. 120-cr-00330 (S.D.N.Y. 2020) - Trial Exhibits/Defense Exhibits/EFTA02825368.pdf","https://www.justice.gov/epstein/files/Court Records/United States v. Maxwell, No. 120-cr-00330 (S.D.N.Y. 2020) - Trial Exhibits/Defense Exhibits/EFTA02825368.mov"
"https://www.justice.gov/epstein/files/Court Records/United States v. Maxwell, No. 120-cr-00330 (S.D.N.Y. 2020) - Trial Exhibits/Defense Exhibits/EFTA02825377.pdf","https://www.justice.gov/epstein/files/Court Records/United States v. Maxwell, No. 120-cr-00330 (S.D.N.Y. 2020) - Trial Exhibits/Defense Exhibits/EFTA02825377.mov"
"https://www.justice.gov/epstein/files/Court Records/United States v. Maxwell, No. 120-cr-00330 (S.D.N.Y. 2020) - Trial Exhibits/Defense Exhibits/EFTA02825381.pdf","https://www.justice.gov/epstein/files/Court Records/United States v. Maxwell, No. 120-cr-00330 (S.D.N.Y. 2020) - Trial Exhibits/Defense Exhibits/EFTA02825381.mov"
"https://www.justice.gov/epstein/files/Court Records/United States v. Maxwell, No. 120-cr-00330 (S.D.N.Y. 2020) - Trial Exhibits/Defense Exhibits/EFTA02825385.pdf","https://www.justice.gov/epstein/files/Court Records/United States v. Maxwell, No. 120-cr-00330 (S.D.N.Y. 2020) - Trial Exhibits/Defense Exhibits/EFTA02825385.mov"
"https://www.justice.gov/epstein/files/Court Records/United States v. Maxwell, No. 120-cr-00330 (S.D.N.Y. 2020) - Trial Exhibits/Defense Exhibits/EFTA02825386.pdf","https://www.justice.gov/epstein/files/Court Records/United States v. Maxwell, No. 120-cr-00330 (S.D.N.Y. 2020) - Trial Exhibits/Defense Exhibits/EFTA02825386.mov"
"https://www.justice.gov/epstein/files/Court Records/United States v. Maxwell, No. 120-cr-00330 (S.D.N.Y. 2020) - Trial Exhibits/Defense Exhibits/EFTA02825451.pdf","https://www.justice.gov/epstein/files/Court Records/United States v. Maxwell, No. 120-cr-00330 (S.D.N.Y. 2020) - Trial Exhibits/Defense Exhibits/EFTA02825451.mov"
"https://www.justice.gov/epstein/files/Court Records/United States v. Maxwell, No. 120-cr-00330 (S.D.N.Y. 2020) - Trial Exhibits/Government Exhibits/0 Series - Message Pads/EFTA02825624.pdf","https://www.justice.gov/epstein/files/Court Records/United States v. Maxwell, No. 120-cr-00330 (S.D.N.Y. 2020) - Trial Exhibits/Government Exhibits/0 Series - Message Pads/EFTA02825624.mov"
"https://www.justice.gov/epstein/files/Court Records/United States v. Maxwell, No. 120-cr-00330 (S.D.N.Y. 2020) - Trial Exhibits/Government Exhibits/0 Series - Message Pads/EFTA02825628.pdf","https://www.justice.gov/epstein/files/Court Records/United States v. Maxwell, No. 120-cr-00330 (S.D.N.Y. 2020) - Trial Exhibits/Government Exhibits/0 Series - Message Pads/EFTA02825628.mov"
"https://www.justice.gov/epstein/files/Court Records/United States v. Maxwell, No. 120-cr-00330 (S.D.N.Y. 2020) - Trial Exhibits/Government Exhibits/0 Series - Message Pads/EFTA02825629.pdf","https://www.justice.gov/epstein/files/Court Records/United States v. Maxwell, No. 120-cr-00330 (S.D.N.Y. 2020) - Trial Exhibits/Government Exhibits/0 Series - Message Pads/EFTA02825629.mov"
"https://www.justice.gov/epstein/files/Court Records/United States v. Maxwell, No. 120-cr-00330 (S.D.N.Y. 2020) - Trial Exhibits/Government Exhibits/0 Series - Message Pads/EFTA02825632.pdf","https://www.justice.gov/epstein/files/Court Records/United States v. Maxwell, No. 120-cr-00330 (S.D.N.Y. 2020) - Trial Exhibits/Government Exhibits/0 Series - Message Pads/EFTA02825632.mov"
"https://www.justice.gov/epstein/files/Court Records/United States v. Maxwell, No. 120-cr-00330 (S.D.N.Y. 2020) - Trial Exhibits/Government Exhibits/0 Series - Message Pads/EFTA02825633.pdf","https://www.justice.gov/epstein/files/Court Records/United States v. Maxwell, No. 120-cr-00330 (S.D.N.Y. 2020) - Trial Exhibits/Government Exhibits/0 Series - Message Pads/EFTA02825633.mov"
"https://www.justice.gov/epstein/files/Court Records/United States v. Maxwell, No. 120-cr-00330 (S.D.N.Y. 2020) - Trial Exhibits/Government Exhibits/0 Series - Message Pads/EFTA02825634.pdf","https://www.justice.gov/epstein/files/Court Records/United States v. Maxwell, No. 120-cr-00330 (S.D.N.Y. 2020) - Trial Exhibits/Government Exhibits/0 Series - Message Pads/EFTA02825634.mov"
"https://www.justice.gov/epstein/files/Court Records/United States v. Maxwell, No. 120-cr-00330 (S.D.N.Y. 2020) - Trial Exhibits/Government Exhibits/0 Series - Message Pads/EFTA02825635.pdf","https://www.justice.gov/epstein/files/Court Records/United States v. Maxwell, No. 120-cr-00330 (S.D.N.Y. 2020) - Trial Exhibits/Government Exhibits/0 Series - Message Pads/EFTA02825635.mov"
"https://www.justice.gov/epstein/files/Court Records/United States v. Maxwell, No. 120-cr-00330 (S.D.N.Y. 2020) - Trial Exhibits/Government Exhibits/0 Series - Message Pads/EFTA02825636.pdf","https://www.justice.gov/epstein/files/Court Records/United States v. Maxwell, No. 120-cr-00330 (S.D.N.Y. 2020) - Trial Exhibits/Government Exhibits/0 Series - Message Pads/EFTA02825636.mov"
"https://www.justice.gov/epstein/files/Court Records/United States v. Maxwell, No. 120-cr-00330 (S.D.N.Y. 2020) - Trial Exhibits/Government Exhibits/0 Series - Message Pads/EFTA02825638.pdf","https://www.justice.gov/epstein/files/Court Records/United States v. Maxwell, No. 120-cr-00330 (S.D.N.Y. 2020) - Trial Exhibits/Government Exhibits/0 Series - Message Pads/EFTA02825638.mov"
"https://www.justice.gov/epstein/files/Court Records/United States v. Maxwell, No. 120-cr-00330 (S.D.N.Y. 2020) - Trial Exhibits/Government Exhibits/0 Series - Message Pads/EFTA02825640.pdf","https://www.justice.gov/epstein/files/Court Records/United States v. Maxwell, No. 120-cr-00330 (S.D.N.Y. 2020) - Trial Exhibits/Government Exhibits/0 Series - Message Pads/EFTA02825640.mov"
"https://www.justice.gov/epstein/files/Court Records/United States v. Maxwell, No. 120-cr-00330 (S.D.N.Y. 2020) - Trial Exhibits/Government Exhibits/0 Series - Message Pads/EFTA02825641.pdf","https://www.justice.gov/epstein/files/Court Records/United States v. Maxwell, No. 120-cr-00330 (S.D.N.Y. 2020) - Trial Exhibits/Government Exhibits/0 Series - Message Pads/EFTA02825641.mov"
"https://www.justice.gov/epstein/files/Court Records/United States v. Maxwell, No. 120-cr-00330 (S.D.N.Y. 2020) - Trial Exhibits/Government Exhibits/0 Series - Message Pads/EFTA02825643.pdf","https://www.justice.gov/epstein/files/Court Records/United States v. Maxwell, No. 120-cr-00330 (S.D.N.Y. 2020) - Trial Exhibits/Government Exhibits/0 Series - Message Pads/EFTA02825643.mov"
"https://www.justice.gov/epstein/files/Court Records/United States v. Maxwell, No. 120-cr-00330 (S.D.N.Y. 2020) - Trial Exhibits/Government Exhibits/0 Series - Message Pads/EFTA02825644.pdf","https://www.justice.gov/epstein/files/Court Records/United States v. Maxwell, No. 120-cr-00330 (S.D.N.Y. 2020) - Trial Exhibits/Government Exhibits/0 Series - Message Pads/EFTA02825644.mov"
"https://www.justice.gov/epstein/files/Court Records/United States v. Maxwell, No. 120-cr-00330 (S.D.N.Y. 2020) - Trial Exhibits/Government Exhibits/0 Series - Message Pads/EFTA02825645.pdf","https://www.justice.gov/epstein/files/Court Records/United States v. Maxwell, No. 120-cr-00330 (S.D.N.Y. 2020) - Trial Exhibits/Government Exhibits/0 Series - Message Pads/EFTA02825645.mov"
"https://www.justice.gov/epstein/files/Court Records/United States v. Maxwell, No. 120-cr-00330 (S.D.N.Y. 2020) - Trial Exhibits/Government Exhibits/0 Series - Message Pads/EFTA02825646.pdf","https://www.justice.gov/epstein/files/Court Records/United States v. Maxwell, No. 120-cr-00330 (S.D.N.Y. 2020) - Trial Exhibits/Government Exhibits/0 Series - Message Pads/EFTA02825646.mov"
"https://www.justice.gov/epstein/files/Court Records/United States v. Maxwell, No. 120-cr-00330 (S.D.N.Y. 2020) - Trial Exhibits/Government Exhibits/0 Series - Message Pads/EFTA02825647.pdf","https://www.justice.gov/epstein/files/Court Records/United States v. Maxwell, No. 120-cr-00330 (S.D.N.Y. 2020) - Trial Exhibits/Government Exhibits/0 Series - Message Pads/EFTA02825647.mov"
"https://www.justice.gov/epstein/files/Court Records/United States v. Maxwell, No. 120-cr-00330 (S.D.N.Y. 2020) - Trial Exhibits/Government Exhibits/0 Series - Message Pads/EFTA02825652.pdf","https://www.justice.gov/epstein/files/Court Records/United States v. Maxwell, No. 120-cr-00330 (S.D.N.Y. 2020) - Trial Exhibits/Government Exhibits/0 Series - Message Pads/EFTA02825652.mov"
"https://www.justice.gov/epstein/files/Court Records/United States v. Maxwell, No. 120-cr-00330 (S.D.N.Y. 2020) - Trial Exhibits/Government Exhibits/0 Series - Message Pads/EFTA02825653.pdf","https://www.justice.gov/epstein/files/Court Records/United States v. Maxwell, No. 120-cr-00330 (S.D.N.Y. 2020) - Trial Exhibits/Government Exhibits/0 Series - Message Pads/EFTA02825653.mov"
"https://www.justice.gov/epstein/files/Court Records/United States v. Maxwell, No. 120-cr-00330 (S.D.N.Y. 2020) - Trial Exhibits/Government Exhibits/0 Series - Message Pads/EFTA02825654.pdf","https://www.justice.gov/epstein/files/Court Records/United States v. Maxwell, No. 120-cr-00330 (S.D.N.Y. 2020) - Trial Exhibits/Government Exhibits/0 Series - Message Pads/EFTA02825654.mov"
"https://www.justice.gov/epstein/files/Court Records/United States v. Maxwell, No. 120-cr-00330 (S.D.N.Y. 2020) - Trial Exhibits/Government Exhibits/0 Series - Message Pads/EFTA02825657.pdf","https://www.justice.gov/epstein/files/Court Records/United States v. Maxwell, No. 120-cr-00330 (S.D.N.Y. 2020) - Trial Exhibits/Government Exhibits/0 Series - Message Pads/EFTA02825657.mov"
"https://www.justice.gov/epstein/files/Court Records/United States v. Maxwell, No. 120-cr-00330 (S.D.N.Y. 2020) - Trial Exhibits/Government Exhibits/0 Series - Message Pads/EFTA02825658.pdf","https://www.justice.gov/epstein/files/Court Records/United States v. Maxwell, No. 120-cr-00330 (S.D.N.Y. 2020) - Trial Exhibits/Government Exhibits/0 Series - Message Pads/EFTA02825658.mov"
"https://www.justice.gov/epstein/files/Court Records/United States v. Maxwell, No. 120-cr-00330 (S.D.N.Y. 2020) - Trial Exhibits/Government Exhibits/0 Series - Message Pads/EFTA02825659.pdf","https://www.justice.gov/epstein/files/Court Records/United States v. Maxwell, No. 120-cr-00330 (S.D.N.Y. 2020) - Trial Exhibits/Government Exhibits/0 Series - Message Pads/EFTA02825659.mov"
"https://www.justice.gov/epstein/files/Court Records/United States v. Maxwell, No. 120-cr-00330 (S.D.N.Y. 2020) - Trial Exhibits/Government Exhibits/0 Series - Message Pads/EFTA02825660.pdf","https://www.justice.gov/epstein/files/Court Records/United States v. Maxwell, No. 120-cr-00330 (S.D.N.Y. 2020) - Trial Exhibits/Government Exhibits/0 Series - Message Pads/EFTA02825660.mov"
"https://www.justice.gov/epstein/files/Court Records/United States v. Maxwell, No. 120-cr-00330 (S.D.N.Y. 2020) - Trial Exhibits/Government Exhibits/0 Series - Message Pads/EFTA02825662.pdf","https://www.justice.gov/epstein/files/Court Records/United States v. Maxwell, No. 120-cr-00330 (S.D.N.Y. 2020) - Trial Exhibits/Government Exhibits/0 Series - Message Pads/EFTA02825662.mov"
"https://www.justice.gov/epstein/files/Court Records/United States v. Maxwell, No. 120-cr-00330 (S.D.N.Y. 2020) - Trial Exhibits/Government Exhibits/0 Series - Message Pads/EFTA02825664.pdf","https://www.justice.gov/epstein/files/Court Records/United States v. Maxwell, No. 120-cr-00330 (S.D.N.Y. 2020) - Trial Exhibits/Government Exhibits/0 Series - Message Pads/EFTA02825664.mov"
"https://www.justice.gov/epstein/files/Court Records/United States v. Maxwell, No. 120-cr-00330 (S.D.N.Y. 2020) - Trial Exhibits/Government Exhibits/0 Series - Message Pads/EFTA02825665.pdf","https://www.justice.gov/epstein/files/Court Records/United States v. Maxwell, No. 120-cr-00330 (S.D.N.Y. 2020) - Trial Exhibits/Government Exhibits/0 Series - Message Pads/EFTA02825665.mov"
"https://www.justice.gov/epstein/files/Court Records/United States v. Maxwell, No. 120-cr-00330 (S.D.N.Y. 2020) - Trial Exhibits/Government Exhibits/0 Series - Message Pads/EFTA02825668.pdf","https://www.justice.gov/epstein/files/Court Records/United States v. Maxwell, No. 120-cr-00330 (S.D.N.Y. 2020) - Trial Exhibits/Government Exhibits/0 Series - Message Pads/EFTA02825668.mov"
"https://www.justice.gov/epstein/files/Court Records/United States v. Maxwell, No. 120-cr-00330 (S.D.N.Y. 2020) - Trial Exhibits/Government Exhibits/0 Series - Message Pads/EFTA02825669.pdf","https://www.justice.gov/epstein/files/Court Records/United States v. Maxwell, No. 120-cr-00330 (S.D.N.Y. 2020) - Trial Exhibits/Government Exhibits/0 Series - Message Pads/EFTA02825669.mov"
"https://www.justice.gov/epstein/files/Court Records/United States v. Maxwell, No. 120-cr-00330 (S.D.N.Y. 2020) - Trial Exhibits/Government Exhibits/0 Series - Message Pads/EFTA02825670.pdf","https://www.justice.gov/epstein/files/Court Records/United States v. Maxwell, No. 120-cr-00330 (S.D.N.Y. 2020) - Trial Exhibits/Government Exhibits/0 Series - Message Pads/EFTA02825670.mov"
"https://www.justice.gov/epstein/files/Court Records/United States v. Maxwell, No. 120-cr-00330 (S.D.N.Y. 2020) - Trial Exhibits/Government Exhibits/0 Series - Message Pads/EFTA02825672.pdf","https://www.justice.gov/epstein/files/Court Records/United States v. Maxwell, No. 120-cr-00330 (S.D.N.Y. 2020) - Trial Exhibits/Government Exhibits/0 Series - Message Pads/EFTA02825672.mov"
"https://www.justice.gov/epstein/files/Court Records/United States v. Maxwell, No. 120-cr-00330 (S.D.N.Y. 2020) - Trial Exhibits/Government Exhibits/0 Series - Message Pads/EFTA02825673.pdf","https://www.justice.gov/epstein/files/Court Records/United States v. Maxwell, No. 120-cr-00330 (S.D.N.Y. 2020) - Trial Exhibits/Government Exhibits/0 Series - Message Pads/EFTA02825673.mov"
"https://www.justice.gov/epstein/files/Court Records/United States v. Maxwell, No. 120-cr-00330 (S.D.N.Y. 2020) - Trial Exhibits/Government Exhibits/0 Series - Message Pads/EFTA02825675.pdf","https://www.justice.gov/epstein/files/Court Records/United States v. Maxwell, No. 120-cr-00330 (S.D.N.Y. 2020) - Trial Exhibits/Government Exhibits/0 Series - Message Pads/EFTA02825675.mov"
"https://www.justice.gov/epstein/files/Court Records/United States v. Maxwell, No. 120-cr-00330 (S.D.N.Y. 2020) - Trial Exhibits/Government Exhibits/0 Series - Message Pads/EFTA02825677.pdf","https://www.justice.gov/epstein/files/Court Records/United States v. Maxwell, No. 120-cr-00330 (S.D.N.Y. 2020) - Trial Exhibits/Government Exhibits/0 Series - Message Pads/EFTA02825677.mov"
"https://www.justice.gov/epstein/files/Court Records/United States v. Maxwell, No. 120-cr-00330 (S.D.N.Y. 2020) - Trial Exhibits/Government Exhibits/0 Series - Message Pads/EFTA02825679.pdf","https://www.justice.gov/epstein/files/Court Records/United States v. Maxwell, No. 120-cr-00330 (S.D.N.Y. 2020) - Trial Exhibits/Government Exhibits/0 Series - Message Pads/EFTA02825679.mov"
"https://www.justice.gov/epstein/files/Court Records/United States v. Maxwell, No. 120-cr-00330 (S.D.N.Y. 2020) - Trial Exhibits/Government Exhibits/0 Series - Message Pads/EFTA02825680.pdf","https://www.justice.gov/epstein/files/Court Records/United States v. Maxwell, No. 120-cr-00330 (S.D.N.Y. 2020) - Trial Exhibits/Government Exhibits/0 Series - Message Pads/EFTA02825680.mov"
"https://www.justice.gov/epstein/files/Court Records/United States v. Maxwell, No. 120-cr-00330 (S.D.N.Y. 2020) - Trial Exhibits/Government Exhibits/0 Series - Message Pads/EFTA02825681.pdf","https://www.justice.gov/epstein/files/Court Records/United States v. Maxwell, No. 120-cr-00330 (S.D.N.Y. 2020) - Trial Exhibits/Government Exhibits/0 Series - Message Pads/EFTA02825681.mov"
"https://www.justice.gov/epstein/files/Court Records/United States v. Maxwell, No. 120-cr-00330 (S.D.N.Y. 2020) - Trial Exhibits/Government Exhibits/0 Series - Message Pads/EFTA02825682.pdf","https://www.justice.gov/epstein/files/Court Records/United States v. Maxwell, No. 120-cr-00330 (S.D.N.Y. 2020) - Trial Exhibits/Government Exhibits/0 Series - Message Pads/EFTA02825682.mov"
"https://www.justice.gov/epstein/files/Court Records/United States v. Maxwell, No. 120-cr-00330 (S.D.N.Y. 2020) - Trial Exhibits/Government Exhibits/0 Series - Message Pads/EFTA02825683.pdf","https://www.justice.gov/epstein/files/Court Records/United States v. Maxwell, No. 120-cr-00330 (S.D.N.Y. 2020) - Trial Exhibits/Government Exhibits/0 Series - Message Pads/EFTA02825683.mov"
"https://www.justice.gov/epstein/files/Court Records/United States v. Maxwell, No. 120-cr-00330 (S.D.N.Y. 2020) - Trial Exhibits/Government Exhibits/0 Series - Message Pads/EFTA02825690.pdf","https://www.justice.gov/epstein/files/Court Records/United States v. Maxwell, No. 120-cr-00330 (S.D.N.Y. 2020) - Trial Exhibits/Government Exhibits/0 Series - Message Pads/EFTA02825690.mov"
"https://www.justice.gov/epstein/files/Court Records/United States v. Maxwell, No. 120-cr-00330 (S.D.N.Y. 2020) - Trial Exhibits/Government Exhibits/100 Series - Photos of People/EFTA02825698.pdf","https://www.justice.gov/epstein/files/Court Records/United States v. Maxwell, No. 120-cr-00330 (S.D.N.Y. 2020) - Trial Exhibits/Government Exhibits/100 Series - Photos of People/EFTA02825698.mov"
"https://www.justice.gov/epstein/files/Court Records/United States v. Maxwell, No. 120-cr-00330 (S.D.N.Y. 2020) - Trial Exhibits/Government Exhibits/200 Series - PBPD Photos & Videos/EFTA02825709.pdf","https://www.justice.gov/epstein/files/Court Records/United States v. Maxwell, No. 120-cr-00330 (S.D.N.Y. 2020) - Trial Exhibits/Government Exhibits/200 Series - PBPD Photos & Videos/EFTA02825709.mov"
"https://www.justice.gov/epstein/files/Court Records/United States v. Maxwell, No. 120-cr-00330 (S.D.N.Y. 2020) - Trial Exhibits/Government Exhibits/200 Series - PBPD Photos & Videos/EFTA02825743.pdf","https://www.justice.gov/epstein/files/Court Records/United States v. Maxwell, No. 120-cr-00330 (S.D.N.Y. 2020) - Trial Exhibits/Government Exhibits/200 Series - PBPD Photos & Videos/EFTA02825743.mov"
"https://www.justice.gov/epstein/files/Court Records/United States v. Maxwell, No. 120-cr-00330 (S.D.N.Y. 2020) - Trial Exhibits/Government Exhibits/200 Series - PBPD Photos & Videos/EFTA02825748.pdf","https://www.justice.gov/epstein/files/Court Records/United States v. Maxwell, No. 120-cr-00330 (S.D.N.Y. 2020) - Trial Exhibits/Government Exhibits/200 Series - PBPD Photos & Videos/EFTA02825748.mov"
"https://www.justice.gov/epstein/files/Court Records/United States v. Maxwell, No. 120-cr-00330 (S.D.N.Y. 2020) - Trial Exhibits/Government Exhibits/200 Series - PBPD Photos & Videos/EFTA02825753.pdf","https://www.justice.gov/epstein/files/Court Records/United States v. Maxwell, No. 120-cr-00330 (S.D.N.Y. 2020) - Trial Exhibits/Government Exhibits/200 Series - PBPD Photos & Videos/EFTA02825753.mov"
"https://www.justice.gov/epstein/files/Court Records/United States v. Maxwell, No. 120-cr-00330 (S.D.N.Y. 2020) - Trial Exhibits/Government Exhibits/200 Series - PBPD Photos & Videos/EFTA02825773.pdf","https://www.justice.gov/epstein/files/Court Records/United States v. Maxwell, No. 120-cr-00330 (S.D.N.Y. 2020) - Trial Exhibits/Government Exhibits/200 Series - PBPD Photos & Videos/EFTA02825773.mov"
"https://www.justice.gov/epstein/files/Court Records/United States v. Maxwell, No. 120-cr-00330 (S.D.N.Y. 2020) - Trial Exhibits/Government Exhibits/200 Series - PBPD Photos & Videos/EFTA02825786.pdf","https://www.justice.gov/epstein/files/Court Records/United States v. Maxwell, No. 120-cr-00330 (S.D.N.Y. 2020) - Trial Exhibits/Government Exhibits/200 Series - PBPD Photos & Videos/EFTA02825786.mov"
"https://www.justice.gov/epstein/files/Court Records/United States v. Maxwell, No. 120-cr-00330 (S.D.N.Y. 2020) - Trial Exhibits/Government Exhibits/200 Series - PBPD Photos & Videos/EFTA02825787.pdf","https://www.justice.gov/epstein/files/Court Records/United States v. Maxwell, No. 120-cr-00330 (S.D.N.Y. 2020) - Trial Exhibits/Government Exhibits/200 Series - PBPD Photos & Videos/EFTA02825787.mov"
"https://www.justice.gov/epstein/files/Court Records/United States v. Maxwell, No. 120-cr-00330 (S.D.N.Y. 2020) - Trial Exhibits/Government Exhibits/200 Series - PBPD Photos & Videos/EFTA02825788.pdf","https://www.justice.gov/epstein/files/Court Records/United States v. Maxwell, No. 120-cr-00330 (S.D.N.Y. 2020) - Trial Exhibits/Government Exhibits/200 Series - PBPD Photos & Videos/EFTA02825788.mov"
"https://www.justice.gov/epstein/files/Court Records/United States v. Maxwell, No. 120-cr-00330 (S.D.N.Y. 2020) - Trial Exhibits/Government Exhibits/300 Series - ESI - Photos/EFTA02825789.pdf","https://www.justice.gov/epstein/files/Court Records/United States v. Maxwell, No. 120-cr-00330 (S.D.N.Y. 2020) - Trial Exhibits/Government Exhibits/300 Series - ESI - Photos/EFTA02825789.mov"
"https://www.justice.gov/epstein/files/Court Records/United States v. Maxwell, No. 120-cr-00330 (S.D.N.Y. 2020) - Trial Exhibits/Government Exhibits/300 Series - ESI - Photos/EFTA02825791.pdf","https://www.justice.gov/epstein/files/Court Records/United States v. Maxwell, No. 120-cr-00330 (S.D.N.Y. 2020) - Trial Exhibits/Government Exhibits/300 Series - ESI - Photos/EFTA02825791.mov"
"https://www.justice.gov/epstein/files/Court Records/United States v. Maxwell, No. 120-cr-00330 (S.D.N.Y. 2020) - Trial Exhibits/Government Exhibits/300 Series - ESI - Photos/EFTA02825799.pdf","https://www.justice.gov/epstein/files/Court Records/United States v. Maxwell, No. 120-cr-00330 (S.D.N.Y. 2020) - Trial Exhibits/Government Exhibits/300 Series - ESI - Photos/EFTA02825799.mov"
"https://www.justice.gov/epstein/files/Court Records/United States v. Maxwell, No. 120-cr-00330 (S.D.N.Y. 2020) - Trial Exhibits/Government Exhibits/300 Series - ESI - Photos/EFTA02825809.pdf","https://www.justice.gov/epstein/files/Court Records/United States v. Maxwell, No. 120-cr-00330 (S.D.N.Y. 2020) - Trial Exhibits/Government Exhibits/300 Series - ESI - Photos/EFTA02825809.mov"
"https://www.justice.gov/epstein/files/Court Records/United States v. Maxwell, No. 120-cr-00330 (S.D.N.Y. 2020) - Trial Exhibits/Government Exhibits/300 Series - ESI - Photos/EFTA02825812.pdf","https://www.justice.gov/epstein/files/Court Records/United States v. Maxwell, No. 120-cr-00330 (S.D.N.Y. 2020) - Trial Exhibits/Government Exhibits/300 Series - ESI - Photos/EFTA02825812.mov"
"https://www.justice.gov/epstein/files/Court Records/United States v. Maxwell, No. 120-cr-00330 (S.D.N.Y. 2020) - Trial Exhibits/Government Exhibits/300 Series - ESI - Photos/EFTA02825814.pdf","https://www.justice.gov/epstein/files/Court Records/United States v. Maxwell, No. 120-cr-00330 (S.D.N.Y. 2020) - Trial Exhibits/Government Exhibits/300 Series - ESI - Photos/EFTA02825814.mov"
"https://www.justice.gov/epstein/files/Court Records/United States v. Maxwell, No. 120-cr-00330 (S.D.N.Y. 2020) - Trial Exhibits/Government Exhibits/300 Series - ESI - Photos/EFTA02825821.pdf","https://www.justice.gov/epstein/files/Court Records/United States v. Maxwell, No. 120-cr-00330 (S.D.N.Y. 2020) - Trial Exhibits/Government Exhibits/300 Series - ESI - Photos/EFTA02825821.mov"
"https://www.justice.gov/epstein/files/Court Records/United States v. Maxwell, No. 120-cr-00330 (S.D.N.Y. 2020) - Trial Exhibits/Government Exhibits/400 Series - ESI - Documents & Metadata/EFTA02825826.pdf","https://www.justice.gov/epstein/files/Court Records/United States v. Maxwell, No. 120-cr-00330 (S.D.N.Y. 2020) - Trial Exhibits/Government Exhibits/400 Series - ESI - Documents & Metadata/EFTA02825826.mov"
"https://www.justice.gov/epstein/files/Court Records/United States v. Maxwell, No. 120-cr-00330 (S.D.N.Y. 2020) - Trial Exhibits/Government Exhibits/400 Series - ESI - Documents & Metadata/EFTA02825836.pdf","https://www.justice.gov/epstein/files/Court Records/United States v. Maxwell, No. 120-cr-00330 (S.D.N.Y. 2020) - Trial Exhibits/Government Exhibits/400 Series - ESI - Documents & Metadata/EFTA02825836.mov"
"https://www.justice.gov/epstein/files/Court Records/United States v. Maxwell, No. 120-cr-00330 (S.D.N.Y. 2020) - Trial Exhibits/Government Exhibits/400 Series - ESI - Documents & Metadata/EFTA02825837.pdf","https://www.justice.gov/epstein/files/Court Records/United States v. Maxwell, No. 120-cr-00330 (S.D.N.Y. 2020) - Trial Exhibits/Government Exhibits/400 Series - ESI - Documents & Metadata/EFTA02825837.mov"
"https://www.justice.gov/epstein/files/Court Records/United States v. Maxwell, No. 120-cr-00330 (S.D.N.Y. 2020) - Trial Exhibits/Government Exhibits/400 Series - ESI - Documents & Metadata/EFTA02825838.pdf","https://www.justice.gov/epstein/files/Court Records/United States v. Maxwell, No. 120-cr-00330 (S.D.N.Y. 2020) - Trial Exhibits/Government Exhibits/400 Series - ESI - Documents & Metadata/EFTA02825838.mov"
"https://www.justice.gov/epstein/files/Court Records/United States v. Maxwell, No. 120-cr-00330 (S.D.N.Y. 2020) - Trial Exhibits/Government Exhibits/400 Series - ESI - Documents & Metadata/EFTA02825839.pdf","https://www.justice.gov/epstein/files/Court Records/United States v. Maxwell, No. 120-cr-00330 (S.D.N.Y. 2020) - Trial Exhibits/Government Exhibits/400 Series - ESI - Documents & Metadata/EFTA02825839.mov"
"https://www.justice.gov/epstein/files/Court Records/United States v. Maxwell, No. 120-cr-00330 (S.D.N.Y. 2020) - Trial Exhibits/Government Exhibits/400 Series - ESI - Documents & Metadata/EFTA02825842.pdf","https://www.justice.gov/epstein/files/Court Records/United States v. Maxwell, No. 120-cr-00330 (S.D.N.Y. 2020) - Trial Exhibits/Government Exhibits/400 Series - ESI - Documents & Metadata/EFTA02825842.mov"
"https://www.justice.gov/epstein/files/Court Records/United States v. Maxwell, No. 120-cr-00330 (S.D.N.Y. 2020) - Trial Exhibits/Government Exhibits/500 Series - Financial Records/EFTA02825848.pdf","https://www.justice.gov/epstein/files/Court Records/United States v. Maxwell, No. 120-cr-00330 (S.D.N.Y. 2020) - Trial Exhibits/Government Exhibits/500 Series - Financial Records/EFTA02825848.mov"
"https://www.justice.gov/epstein/files/Court Records/United States v. Maxwell, No. 120-cr-00330 (S.D.N.Y. 2020) - Trial Exhibits/Government Exhibits/500 Series - Financial Records/EFTA02825852.pdf","https://www.justice.gov/epstein/files/Court Records/United States v. Maxwell, No. 120-cr-00330 (S.D.N.Y. 2020) - Trial Exhibits/Government Exhibits/500 Series - Financial Records/EFTA02825852.mov"
"https://www.justice.gov/epstein/files/Court Records/United States v. Maxwell, No. 120-cr-00330 (S.D.N.Y. 2020) - Trial Exhibits/Government Exhibits/500 Series - Financial Records/EFTA02825879.pdf","https://www.justice.gov/epstein/files/Court Records/United States v. Maxwell, No. 120-cr-00330 (S.D.N.Y. 2020) - Trial Exhibits/Government Exhibits/500 Series - Financial Records/EFTA02825879.mov"
"https://www.justice.gov/epstein/files/Court Records/United States v. Maxwell, No. 120-cr-00330 (S.D.N.Y. 2020) - Trial Exhibits/Government Exhibits/500 Series - Financial Records/EFTA02825880.pdf","https://www.justice.gov/epstein/files/Court Records/United States v. Maxwell, No. 120-cr-00330 (S.D.N.Y. 2020) - Trial Exhibits/Government Exhibits/500 Series - Financial Records/EFTA02825880.mov"
"https://www.justice.gov/epstein/files/Court Records/United States v. Maxwell, No. 120-cr-00330 (S.D.N.Y. 2020) - Trial Exhibits/Government Exhibits/600 Series - Miscellaneous Documents/EFTA02825884.pdf","https://www.justice.gov/epstein/files/Court Records/United States v. Maxwell, No. 120-cr-00330 (S.D.N.Y. 2020) - Trial Exhibits/Government Exhibits/600 Series - Miscellaneous Documents/EFTA02825884.mov"
"https://www.justice.gov/epstein/files/Court Records/United States v. Maxwell, No. 120-cr-00330 (S.D.N.Y. 2020) - Trial Exhibits/Government Exhibits/600 Series - Miscellaneous Documents/EFTA02825888.pdf","https://www.justice.gov/epstein/files/Court Records/United States v. Maxwell, No. 120-cr-00330 (S.D.N.Y. 2020) - Trial Exhibits/Government Exhibits/600 Series - Miscellaneous Documents/EFTA02825888.mov"
"https://www.justice.gov/epstein/files/Court Records/United States v. Maxwell, No. 120-cr-00330 (S.D.N.Y. 2020) - Trial Exhibits/Government Exhibits/700 Series - Photos of Places/EFTA02826196.pdf","https://www.justice.gov/epstein/files/Court Records/United States v. Maxwell, No. 120-cr-00330 (S.D.N.Y. 2020) - Trial Exhibits/Government Exhibits/700 Series - Photos of Places/EFTA02826196.mov"
"https://www.justice.gov/epstein/files/Court Records/United States v. Maxwell, No. 120-cr-00330 (S.D.N.Y. 2020) - Trial Exhibits/Government Exhibits/720 Series - Maps/EFTA02826200.pdf","https://www.justice.gov/epstein/files/Court Records/United States v. Maxwell, No. 120-cr-00330 (S.D.N.Y. 2020) - Trial Exhibits/Government Exhibits/720 Series - Maps/EFTA02826200.mov"
"https://www.justice.gov/epstein/files/Court Records/United States v. Maxwell, No. 120-cr-00330 (S.D.N.Y. 2020) - Trial Exhibits/Government Exhibits/900 Series - NYC Photos/EFTA02826230.pdf","https://www.justice.gov/epstein/files/Court Records/United States v. Maxwell, No. 120-cr-00330 (S.D.N.Y. 2020) - Trial Exhibits/Government Exhibits/900 Series - NYC Photos/EFTA02826230.mov"
"https://www.justice.gov/epstein/files/Court Records/United States v. Maxwell, No. 120-cr-00330 (S.D.N.Y. 2020) - Trial Exhibits/Government Exhibits/900 Series - NYC Photos/EFTA02826231.pdf","https://www.justice.gov/epstein/files/Court Records/United States v. Maxwell, No. 120-cr-00330 (S.D.N.Y. 2020) - Trial Exhibits/Government Exhibits/900 Series - NYC Photos/EFTA02826231.mov"
"https://www.justice.gov/epstein/files/Court Records/United States v. Maxwell, No. 120-cr-00330 (S.D.N.Y. 2020) - Trial Exhibits/Government Exhibits/900 Series - NYC Photos/EFTA02826235.pdf","https://www.justice.gov/epstein/files/Court Records/United States v. Maxwell, No. 120-cr-00330 (S.D.N.Y. 2020) - Trial Exhibits/Government Exhibits/900 Series - NYC Photos/EFTA02826235.mov"
"https://www.justice.gov/epstein/files/Court Records/United States v. Maxwell, No. 120-cr-00330 (S.D.N.Y. 2020) - Trial Exhibits/Government Exhibits/900 Series - NYC Photos/EFTA02826238.pdf","https://www.justice.gov/epstein/files/Court Records/United States v. Maxwell, No. 120-cr-00330 (S.D.N.Y. 2020) - Trial Exhibits/Government Exhibits/900 Series - NYC Photos/EFTA02826238.mov"
"https://www.justice.gov/epstein/files/Court Records/United States v. Maxwell, No. 120-cr-00330 (S.D.N.Y. 2020)/EFTA02829384.pdf","https://www.justice.gov/epstein/files/Court Records/United States v. Maxwell, No. 120-cr-00330 (S.D.N.Y. 2020)/EFTA02829384.mov"
"https://www.justice.gov/epstein/files/Court Records/United States v. Maxwell, No. 120-cr-00330 (S.D.N.Y. 2020)/EFTA02829445.pdf","https://www.justice.gov/epstein/files/Court Records/United States v. Maxwell, No. 120-cr-00330 (S.D.N.Y. 2020)/EFTA02829445.mov"
"https://www.justice.gov/epstein/files/Court Records/United States v. Maxwell, No. 120-cr-00330 (S.D.N.Y. 2020)/EFTA02829446.pdf","https://www.justice.gov/epstein/files/Court Records/United States v. Maxwell, No. 120-cr-00330 (S.D.N.Y. 2020)/EFTA02829446.mov"
"https://www.justice.gov/epstein/files/Court Records/United States v. Maxwell, No. 120-cr-00330 (S.D.N.Y. 2020)/EFTA02829551.pdf","https://www.justice.gov/epstein/files/Court Records/United States v. Maxwell, No. 120-cr-00330 (S.D.N.Y. 2020)/EFTA02829551.mov"
"https://www.justice.gov/epstein/files/Court Records/United States v. Maxwell, No. 120-cr-00330 (S.D.N.Y. 2020)/EFTA02829697.pdf","https://www.justice.gov/epstein/files/Court Records/United States v. Maxwell, No. 120-cr-00330 (S.D.N.Y. 2020)/EFTA02829697.mov"
"https://www.justice.gov/epstein/files/Court Records/United States v. Maxwell, No. 120-cr-00330 (S.D.N.Y. 2020)/EFTA02829811.pdf","https://www.justice.gov/epstein/files/Court Records/United States v. Maxwell, No. 120-cr-00330 (S.D.N.Y. 2020)/EFTA02829811.mov"
"https://www.justice.gov/epstein/files/Court Records/United States v. Maxwell, No. 120-cr-00330 (S.D.N.Y. 2020)/EFTA02829815.pdf","https://www.justice.gov/epstein/files/Court Records/United States v. Maxwell, No. 120-cr-00330 (S.D.N.Y. 2020)/EFTA02829815.mov"
"https://www.justice.gov/epstein/files/Court Records/United States v. Maxwell, No. 120-cr-00330 (S.D.N.Y. 2020)/EFTA02829825.pdf","https://www.justice.gov/epstein/files/Court Records/United States v. Maxwell, No. 120-cr-00330 (S.D.N.Y. 2020)/EFTA02829825.mov"
"https://www.justice.gov/epstein/files/Court Records/United States v. Maxwell, No. 120-cr-00330 (S.D.N.Y. 2020)/EFTA02829831.pdf","https://www.justice.gov/epstein/files/Court Records/United States v. Maxwell, No. 120-cr-00330 (S.D.N.Y. 2020)/EFTA02829831.mov"
"https://www.justice.gov/epstein/files/Court Records/United States v. Maxwell, No. 120-cr-00330 (S.D.N.Y. 2020)/EFTA02829834.pdf","https://www.justice.gov/epstein/files/Court Records/United States v. Maxwell, No. 120-cr-00330 (S.D.N.Y. 2020)/EFTA02829834.mov"
"https://www.justice.gov/epstein/files/Court Records/United States v. Maxwell, No. 120-cr-00330 (S.D.N.Y. 2020)/EFTA02829837.pdf","https://www.justice.gov/epstein/files/Court Records/United States v. Maxwell, No. 120-cr-00330 (S.D.N.Y. 2020)/EFTA02829837.mov"
"https://www.justice.gov/epstein/files/Court Records/United States v. Maxwell, No. 120-cr-00330 (S.D.N.Y. 2020)/EFTA02829840.pdf","https://www.justice.gov/epstein/files/Court Records/United States v. Maxwell, No. 120-cr-00330 (S.D.N.Y. 2020)/EFTA02829840.mov"
"https://www.justice.gov/epstein/files/Court Records/United States v. Maxwell, No. 120-cr-00330 (S.D.N.Y. 2020)/EFTA02829843.pdf","https://www.justice.gov/epstein/files/Court Records/United States v. Maxwell, No. 120-cr-00330 (S.D.N.Y. 2020)/EFTA02829843.mov"
"https://www.justice.gov/epstein/files/Court Records/United States v. Maxwell, No. 120-cr-00330 (S.D.N.Y. 2020)/EFTA02829845.pdf","https://www.justice.gov/epstein/files/Court Records/United States v. Maxwell, No. 120-cr-00330 (S.D.N.Y. 2020)/EFTA02829845.mov"
"https://www.justice.gov/epstein/files/Court Records/United States v. Maxwell, No. 120-cr-00330 (S.D.N.Y. 2020)/EFTA02829848.pdf","https://www.justice.gov/epstein/files/Court Records/United States v. Maxwell, No. 120-cr-00330 (S.D.N.Y. 2020)/EFTA02829848.mov"
"https://www.justice.gov/epstein/files/Court Records/United States v. Maxwell, No. 120-cr-00330 (S.D.N.Y. 2020)/EFTA02829850.pdf","https://www.justice.gov/epstein/files/Court Records/United States v. Maxwell, No. 120-cr-00330 (S.D.N.Y. 2020)/EFTA02829850.mov"
"https://www.justice.gov/epstein/files/Court Records/United States v. Maxwell, No. 120-cr-00330 (S.D.N.Y. 2020)/EFTA02829868.pdf","https://www.justice.gov/epstein/files/Court Records/United States v. Maxwell, No. 120-cr-00330 (S.D.N.Y. 2020)/EFTA02829868.mov"
"https://www.justice.gov/epstein/files/Court Records/United States v. Maxwell, No. 120-cr-00330 (S.D.N.Y. 2020)/EFTA02829876.pdf","https://www.justice.gov/epstein/files/Court Records/United States v. Maxwell, No. 120-cr-00330 (S.D.N.Y. 2020)/EFTA02829876.mov"
"https://www.justice.gov/epstein/files/Court Records/United States v. Maxwell, No. 120-cr-00330 (S.D.N.Y. 2020)/EFTA02830159.pdf","https://www.justice.gov/epstein/files/Court Records/United States v. Maxwell, No. 120-cr-00330 (S.D.N.Y. 2020)/EFTA02830159.mov"
"https://www.justice.gov/epstein/files/Court Records/United States v. Maxwell, No. 120-cr-00330 (S.D.N.Y. 2020)/EFTA02830180.pdf","https://www.justice.gov/epstein/files/Court Records/United States v. Maxwell, No. 120-cr-00330 (S.D.N.Y. 2020)/EFTA02830180.mov"
"https://www.justice.gov/epstein/files/Court Records/United States v. Maxwell, No. 120-cr-00330 (S.D.N.Y. 2020)/EFTA02830217.pdf","https://www.justice.gov/epstein/files/Court Records/United States v. Maxwell, No. 120-cr-00330 (S.D.N.Y. 2020)/EFTA02830217.mov"
"https://www.justice.gov/epstein/files/Court Records/United States v. Maxwell, No. 120-cr-00330 (S.D.N.Y. 2020)/EFTA02830218.pdf","https://www.justice.gov/epstein/files/Court Records/United States v. Maxwell, No. 120-cr-00330 (S.D.N.Y. 2020)/EFTA02830218.mov"
"https://www.justice.gov/epstein/files/Court Records/United States v. Maxwell, No. 120-cr-00330 (S.D.N.Y. 2020)/EFTA02830221.pdf","https://www.justice.gov/epstein/files/Court Records/United States v. Maxwell, No. 120-cr-00330 (S.D.N.Y. 2020)/EFTA02830221.mov"
"https://www.justice.gov/epstein/files/Court Records/United States v. Maxwell, No. 120-cr-00330 (S.D.N.Y. 2020)/EFTA02830249.pdf","https://www.justice.gov/epstein/files/Court Records/United States v. Maxwell, No. 120-cr-00330 (S.D.N.Y. 2020)/EFTA02830249.mov"
"https://www.justice.gov/epstein/files/Court Records/United States v. Maxwell, No. 120-cr-00330 (S.D.N.Y. 2020)/EFTA02830277.pdf","https://www.justice.gov/epstein/files/Court Records/United States v. Maxwell, No. 120-cr-00330 (S.D.N.Y. 2020)/EFTA02830277.mov"
"https://www.justice.gov/epstein/files/Court Records/United States v. Maxwell, No. 120-cr-00330 (S.D.N.Y. 2020)/EFTA02830342.pdf","https://www.justice.gov/epstein/files/Court Records/United States v. Maxwell, No. 120-cr-00330 (S.D.N.Y. 2020)/EFTA02830342.mov"
"https://www.justice.gov/epstein/files/Court Records/United States v. Maxwell, No. 120-cr-00330 (S.D.N.Y. 2020)/EFTA02830344.pdf","https://www.justice.gov/epstein/files/Court Records/United States v. Maxwell, No. 120-cr-00330 (S.D.N.Y. 2020)/EFTA02830344.mov"
"https://www.justice.gov/epstein/files/Court Records/United States v. Maxwell, No. 120-cr-00330 (S.D.N.Y. 2020)/EFTA02830532.pdf","https://www.justice.gov/epstein/files/Court Records/United States v. Maxwell, No. 120-cr-00330 (S.D.N.Y. 2020)/EFTA02830532.mov"
"https://www.justice.gov/epstein/files/Court Records/United States v. Maxwell, No. 120-cr-00330 (S.D.N.Y. 2020)/EFTA02830539.pdf","https://www.justice.gov/epstein/files/Court Records/United States v. Maxwell, No. 120-cr-00330 (S.D.N.Y. 2020)/EFTA02830539.mov"
"https://www.justice.gov/epstein/files/Court Records/United States v. Maxwell, No. 120-cr-00330 (S.D.N.Y. 2020)/EFTA02830678.pdf","https://www.justice.gov/epstein/files/Court Records/United States v. Maxwell, No. 120-cr-00330 (S.D.N.Y. 2020)/EFTA02830678.mov"
"https://www.justice.gov/epstein/files/Court Records/United States v. Maxwell, No. 120-cr-00330 (S.D.N.Y. 2020)/EFTA02830712.pdf","https://www.justice.gov/epstein/files/Court Records/United States v. Maxwell, No. 120-cr-00330 (S.D.N.Y. 2020)/EFTA02830712.mov"
"https://www.justice.gov/epstein/files/Court Records/United States v. Maxwell, No. 120-cr-00330 (S.D.N.Y. 2020)/EFTA02831489.pdf","https://www.justice.gov/epstein/files/Court Records/United States v. Maxwell, No. 120-cr-00330 (S.D.N.Y. 2020)/EFTA02831489.mov"
"https://www.justice.gov/epstein/files/Court Records/United States v. Maxwell, No. 120-cr-00330 (S.D.N.Y. 2020)/EFTA02831573.pdf","https://www.justice.gov/epstein/files/Court Records/United States v. Maxwell, No. 120-cr-00330 (S.D.N.Y. 2020)/EFTA02831573.mov"
"https://www.justice.gov/epstein/files/Court Records/United States v. Maxwell, No. 120-cr-00330 (S.D.N.Y. 2020)/EFTA02831773.pdf","https://www.justice.gov/epstein/files/Court Records/United States v. Maxwell, No. 120-cr-00330 (S.D.N.Y. 2020)/EFTA02831773.mov"
"https://www.justice.gov/epstein/files/Court Records/United States v. Maxwell, No. 120-cr-00330 (S.D.N.Y. 2020)/EFTA02831775.pdf","https://www.justice.gov/epstein/files/Court Records/United States v. Maxwell, No. 120-cr-00330 (S.D.N.Y. 2020)/EFTA02831775.mov"
"https://www.justice.gov/epstein/files/Court Records/United States v. Maxwell, No. 120-cr-00330 (S.D.N.Y. 2020)/EFTA02831892.pdf","https://www.justice.gov/epstein/files/Court Records/United States v. Maxwell, No. 120-cr-00330 (S.D.N.Y. 2020)/EFTA02831892.mov"
"https://www.justice.gov/epstein/files/Court Records/United States v. Maxwell, No. 120-cr-00330 (S.D.N.Y. 2020)/EFTA02831913.pdf","https://www.justice.gov/epstein/files/Court Records/United States v. Maxwell, No. 120-cr-00330 (S.D.N.Y. 2020)/EFTA02831913.mov"
"https://www.justice.gov/epstein/files/Court Records/United States v. Maxwell, No. 120-cr-00330 (S.D.N.Y. 2020)/EFTA02831955.pdf","https://www.justice.gov/epstein/files/Court Records/United States v. Maxwell, No. 120-cr-00330 (S.D.N.Y. 2020)/EFTA02831955.mov"
"https://www.justice.gov/epstein/files/Court Records/United States v. Maxwell, No. 120-cr-00330 (S.D.N.Y. 2020)/EFTA02831959.pdf","https://www.justice.gov/epstein/files/Court Records/United States v. Maxwell, No. 120-cr-00330 (S.D.N.Y. 2020)/EFTA02831959.mov"
"https://www.justice.gov/epstein/files/Court Records/United States v. Maxwell, No. 120-cr-00330 (S.D.N.Y. 2020)/EFTA02831964.pdf","https://www.justice.gov/epstein/files/Court Records/United States v. Maxwell, No. 120-cr-00330 (S.D.N.Y. 2020)/EFTA02831964.mov"
"https://www.justice.gov/epstein/files/Court Records/United States v. Maxwell, No. 120-cr-00330 (S.D.N.Y. 2020)/EFTA02831991.pdf","https://www.justice.gov/epstein/files/Court Records/United States v. Maxwell, No. 120-cr-00330 (S.D.N.Y. 2020)/EFTA02831991.mov"
"https://www.justice.gov/epstein/files/Court Records/United States v. Maxwell, No. 120-cr-00330 (S.D.N.Y. 2020)/EFTA02831997.pdf","https://www.justice.gov/epstein/files/Court Records/United States v. Maxwell, No. 120-cr-00330 (S.D.N.Y. 2020)/EFTA02831997.mov"
"https://www.justice.gov/epstein/files/Court Records/United States v. Maxwell, No. 120-cr-00330 (S.D.N.Y. 2020)/EFTA02832453.pdf","https://www.justice.gov/epstein/files/Court Records/United States v. Maxwell, No. 120-cr-00330 (S.D.N.Y. 2020)/EFTA02832453.mov"
"https://www.justice.gov/epstein/files/Court Records/United States v. Maxwell, No. 120-cr-00330 (S.D.N.Y. 2020)/EFTA02832510.pdf","https://www.justice.gov/epstein/files/Court Records/United States v. Maxwell, No. 120-cr-00330 (S.D.N.Y. 2020)/EFTA02832510.mov"
"https://www.justice.gov/epstein/files/Court Records/United States v. Maxwell, No. 120-cr-00330 (S.D.N.Y. 2020)/EFTA02832728.pdf","https://www.justice.gov/epstein/files/Court Records/United States v. Maxwell, No. 120-cr-00330 (S.D.N.Y. 2020)/EFTA02832728.mov"
"https://www.justice.gov/epstein/files/Court Records/United States v. Maxwell, No. 120-cr-00330 (S.D.N.Y. 2020)/EFTA02833041.pdf","https://www.justice.gov/epstein/files/Court Records/United States v. Maxwell, No. 120-cr-00330 (S.D.N.Y. 2020)/EFTA02833041.mov"
"https://www.justice.gov/epstein/files/Court Records/United States v. Maxwell, No. 120-cr-00330 (S.D.N.Y. 2020)/EFTA02833072.pdf","https://www.justice.gov/epstein/files/Court Records/United States v. Maxwell, No. 120-cr-00330 (S.D.N.Y. 2020)/EFTA02833072.mov"
"https://www.justice.gov/epstein/files/Court Records/United States v. Maxwell, No. 120-cr-00330 (S.D.N.Y. 2020)/EFTA02833112.pdf","https://www.justice.gov/epstein/files/Court Records/United States v. Maxwell, No. 120-cr-00330 (S.D.N.Y. 2020)/EFTA02833112.mov"
"https://www.justice.gov/epstein/files/Court Records/United States v. Maxwell, No. 120-cr-00330 (S.D.N.Y. 2020)/EFTA02833296.pdf","https://www.justice.gov/epstein/files/Court Records/United States v. Maxwell, No. 120-cr-00330 (S.D.N.Y. 2020)/EFTA02833296.mov"
"https://www.justice.gov/epstein/files/Court Records/United States v. Maxwell, No. 120-cr-00330 (S.D.N.Y. 2020)/EFTA02833298.pdf","https://www.justice.gov/epstein/files/Court Records/United States v. Maxwell, No. 120-cr-00330 (S.D.N.Y. 2020)/EFTA02833298.mov"
"https://www.justice.gov/epstein/files/Court Records/United States v. Maxwell, No. 120-cr-00330 (S.D.N.Y. 2020)/EFTA02833797.pdf","https://www.justice.gov/epstein/files/Court Records/United States v. Maxwell, No. 120-cr-00330 (S.D.N.Y. 2020)/EFTA02833797.mov"
"https://www.justice.gov/epstein/files/Court Records/United States v. Maxwell, No. 120-cr-00330 (S.D.N.Y. 2020)/EFTA02833887.pdf","https://www.justice.gov/epstein/files/Court Records/United States v. Maxwell, No. 120-cr-00330 (S.D.N.Y. 2020)/EFTA02833887.mov"
"https://www.justice.gov/epstein/files/Court Records/United States v. Maxwell, No. 120-cr-00330 (S.D.N.Y. 2020)/EFTA02834095.pdf","https://www.justice.gov/epstein/files/Court Records/United States v. Maxwell, No. 120-cr-00330 (S.D.N.Y. 2020)/EFTA02834095.mov"
"https://www.justice.gov/epstein/files/Court Records/United States v. Maxwell, No. 120-cr-00330 (S.D.N.Y. 2020)/EFTA02834889.pdf","https://www.justice.gov/epstein/files/Court Records/United States v. Maxwell, No. 120-cr-00330 (S.D.N.Y. 2020)/EFTA02834889.mov"
"https://www.justice.gov/epstein/files/Court Records/United States v. Maxwell, No. 120-cr-00330 (S.D.N.Y. 2020)/EFTA02836193.pdf","https://www.justice.gov/epstein/files/Court Records/United States v. Maxwell, No. 120-cr-00330 (S.D.N.Y. 2020)/EFTA02836193.mov"
"https://www.justice.gov/epstein/files/Court Records/United States v. Maxwell, No. 120-cr-00330 (S.D.N.Y. 2020)/EFTA02836277.pdf","https://www.justice.gov/epstein/files/Court Records/United States v. Maxwell, No. 120-cr-00330 (S.D.N.Y. 2020)/EFTA02836277.mov"
"https://www.justice.gov/epstein/files/Court Records/United States v. Maxwell, No. 120-cr-00330 (S.D.N.Y. 2020)/EFTA02836282.pdf","https://www.justice.gov/epstein/files/Court Records/United States v. Maxwell, No. 120-cr-00330 (S.D.N.Y. 2020)/EFTA02836282.mov"
"https://www.justice.gov/epstein/files/Court Records/United States v. Maxwell, No. 120-cr-00330 (S.D.N.Y. 2020)/EFTA02836946.pdf","https://www.justice.gov/epstein/files/Court Records/United States v. Maxwell, No. 120-cr-00330 (S.D.N.Y. 2020)/EFTA02836946.mov"
"https://www.justice.gov/epstein/files/Court Records/United States v. Maxwell, No. 120-cr-00330 (S.D.N.Y. 2020)/EFTA02837462.pdf","https://www.justice.gov/epstein/files/Court Records/United States v. Maxwell, No. 120-cr-00330 (S.D.N.Y. 2020)/EFTA02837462.mov"
"https://www.justice.gov/epstein/files/Court Records/United States v. Maxwell, No. 120-cr-00330 (S.D.N.Y. 2020)/EFTA02837529.pdf","https://www.justice.gov/epstein/files/Court Records/United States v. Maxwell, No. 120-cr-00330 (S.D.N.Y. 2020)/EFTA02837529.mov"
"https://www.justice.gov/epstein/files/Court Records/United States v. Maxwell, No. 120-cr-00330 (S.D.N.Y. 2020)/EFTA02838571.pdf","https://www.justice.gov/epstein/files/Court Records/United States v. Maxwell, No. 120-cr-00330 (S.D.N.Y. 2020)/EFTA02838571.mov"
"https://www.justice.gov/epstein/files/Court Records/United States v. Maxwell, No. 120-cr-00330 (S.D.N.Y. 2020)/EFTA02842893.pdf","https://www.justice.gov/epstein/files/Court Records/United States v. Maxwell, No. 120-cr-00330 (S.D.N.Y. 2020)/EFTA02842893.mov"
"https://www.justice.gov/epstein/files/Court Records/United States v. Maxwell, No. 120-mj-00132 (D.N.H. 2020)/EFTA02843063.pdf","https://www.justice.gov/epstein/files/Court Records/United States v. Maxwell, No. 120-mj-00132 (D.N.H. 2020)/EFTA02843063.mov"
"https://www.justice.gov/epstein/files/Court Records/United States v. Noel, No. 119-cr-00830 (S.D.N.Y. 2019)/EFTA02845821.pdf","https://www.justice.gov/epstein/files/Court Records/United States v. Noel, No. 119-cr-00830 (S.D.N.Y. 2019)/EFTA02845821.mov"
"https://www.justice.gov/epstein/files/Court Records/VE v. Nine East 71st Street, No. 119-cv-07625 (S.D.N.Y. 2019)/EFTA02846030.pdf","https://www.justice.gov/epstein/files/Court Records/VE v. Nine East 71st Street, No. 119-cv-07625 (S.D.N.Y. 2019)/EFTA02846030.mov"
"https://www.justice.gov/epstein/files/Court Records/VE v. Nine East 71st Street, No. 119-cv-07625 (S.D.N.Y. 2019)/EFTA02846097.pdf","https://www.justice.gov/epstein/files/Court Records/VE v. Nine East 71st Street, No. 119-cv-07625 (S.D.N.Y. 2019)/EFTA02846097.mov"
"https://www.justice.gov/epstein/files/Court Records/VE v. Nine East 71st Street, No. 119-cv-07625 (S.D.N.Y. 2019)/EFTA02846138.pdf","https://www.justice.gov/epstein/files/Court Records/VE v. Nine East 71st Street, No. 119-cv-07625 (S.D.N.Y. 2019)/EFTA02846138.mov"
"https://www.justice.gov/epstein/files/Court Records/VE v. Nine East 71st Street, No. 119-cv-07625 (S.D.N.Y. 2019)/EFTA02846389.pdf","https://www.justice.gov/epstein/files/Court Records/VE v. Nine East 71st Street, No. 119-cv-07625 (S.D.N.Y. 2019)/EFTA02846389.mov"
"https://www.justice.gov/epstein/files/Court Records/VE v. Nine East 71st Street, No. 119-cv-07625 (S.D.N.Y. 2019)/EFTA02846410.pdf","https://www.justice.gov/epstein/files/Court Records/VE v. Nine East 71st Street, No. 119-cv-07625 (S.D.N.Y. 2019)/EFTA02846410.mov"
"https://www.justice.gov/epstein/files/Court Records/v. Epstein, 909-cv-81092 (S.D. Fla. 2009)/EFTA02820708.pdf","https://www.justice.gov/epstein/files/Court Records/v. Epstein, 909-cv-81092 (S.D. Fla. 2009)/EFTA02820708.mov"
"https://www.justice.gov/epstein/files/Court Records/v. Epstein, 909-cv-81092 (S.D. Fla. 2009)/EFTA02820897.pdf","https://www.justice.gov/epstein/files/Court Records/v. Epstein, 909-cv-81092 (S.D. Fla. 2009)/EFTA02820897.mov"
"https://www.justice.gov/epstein/files/Court Records/v. Epstein, 909-cv-81092 (S.D. Fla. 2009)/EFTA02820982.pdf","https://www.justice.gov/epstein/files/Court Records/v. Epstein, 909-cv-81092 (S.D. Fla. 2009)/EFTA02820982.mov"
"https://www.justice.gov/epstein/files/Court Records/v. Epstein, No. 910-cv-80447 (S.D. Fla. 2010)/EFTA02732320.pdf","https://www.justice.gov/epstein/files/Court Records/v. Epstein, No. 910-cv-80447 (S.D. Fla. 2010)/EFTA02732320.mov"
"https://www.justice.gov/epstein/files/Court Records/v. Epstein, No. 910-cv-80447 (S.D. Fla. 2010)/EFTA02732394.pdf","https://www.justice.gov/epstein/files/Court Records/v. Epstein, No. 910-cv-80447 (S.D. Fla. 2010)/EFTA02732394.mov"
"https://www.justice.gov/epstein/files/Court Records/v. Epstein, No. 910-cv-81111 (S.D. Fla. 2010)/EFTA02821174.pdf","https://www.justice.gov/epstein/files/Court Records/v. Epstein, No. 910-cv-81111 (S.D. Fla. 2010)/EFTA02821174.mov"
"https://www.justice.gov/epstein/files/Court Records/v. Epstein, No. 910-cv-81111 (S.D. Fla. 2010)/EFTA02821359.pdf","https://www.justice.gov/epstein/files/Court Records/v. Epstein, No. 910-cv-81111 (S.D. Fla. 2010)/EFTA02821359.mov"
"https://www.justice.gov/epstein/files/Court Records/v. Epstein, No. 910-cv-81111 (S.D. Fla. 2010)/EFTA02821369.pdf","https://www.justice.gov/epstein/files/Court Records/v. Epstein, No. 910-cv-81111 (S.D. Fla. 2010)/EFTA02821369.mov"
"https://www.justice.gov/epstein/files/Court Records/v. Epstein, No. 910-cv-81111 (S.D. Fla. 2010)/EFTA02821561.pdf","https://www.justice.gov/epstein/files/Court Records/v. Epstein, No. 910-cv-81111 (S.D. Fla. 2010)/EFTA02821561.mov"
"https://www.justice.gov/epstein/files/Court Records/v. Indyke, No. 119-cv-10474 (S.D.N.Y. 2019)/EFTA02777597.pdf","https://www.justice.gov/epstein/files/Court Records/v. Indyke, No. 119-cv-10474 (S.D.N.Y. 2019)/EFTA02777597.mov"
"https://www.justice.gov/epstein/files/Court Records/v. Indyke, No. 119-cv-10475 (S.D.N.Y. 2019)/EFTA02777731.pdf","https://www.justice.gov/epstein/files/Court Records/v. Indyke, No. 119-cv-10475 (S.D.N.Y. 2019)/EFTA02777731.mov"
"https://www.justice.gov/epstein/files/Court Records/v. Indyke, No. 119-cv-10475 (S.D.N.Y. 2019)/EFTA02777741.pdf","https://www.justice.gov/epstein/files/Court Records/v. Indyke, No. 119-cv-10475 (S.D.N.Y. 2019)/EFTA02777741.mov"
"https://www.justice.gov/epstein/files/Court Records/v. Indyke, No. 119-cv-10475 (S.D.N.Y. 2019)/EFTA02777755.pdf","https://www.justice.gov/epstein/files/Court Records/v. Indyke, No. 119-cv-10475 (S.D.N.Y. 2019)/EFTA02777755.mov"
"https://www.justice.gov/epstein/files/Court Records/v. Indyke, No. 119-cv-10475 (S.D.N.Y. 2019)/EFTA02777900.pdf","https://www.justice.gov/epstein/files/Court Records/v. Indyke, No. 119-cv-10475 (S.D.N.Y. 2019)/EFTA02777900.mov"
"https://www.justice.gov/epstein/files/Court Records/v. Indyke, No. 119-cv-10475 (S.D.N.Y. 2019)/EFTA02777942.pdf","https://www.justice.gov/epstein/files/Court Records/v. Indyke, No. 119-cv-10475 (S.D.N.Y. 2019)/EFTA02777942.mov"
"https://www.justice.gov/epstein/files/Court Records/v. Indyke, No. 119-cv-10475 (S.D.N.Y. 2019)/EFTA02777953.pdf","https://www.justice.gov/epstein/files/Court Records/v. Indyke, No. 119-cv-10475 (S.D.N.Y. 2019)/EFTA02777953.mov"
"https://www.justice.gov/epstein/files/Court Records/v. Indyke, No. 119-cv-10475 (S.D.N.Y. 2019)/EFTA02778213.pdf","https://www.justice.gov/epstein/files/Court Records/v. Indyke, No. 119-cv-10475 (S.D.N.Y. 2019)/EFTA02778213.mov"
"https://www.justice.gov/epstein/files/Court Records/v. Indyke, No. 119-cv-10475 (S.D.N.Y. 2019)/EFTA02778282.pdf","https://www.justice.gov/epstein/files/Court Records/v. Indyke, No. 119-cv-10475 (S.D.N.Y. 2019)/EFTA02778282.mov"
"https://www.justice.gov/epstein/files/Court Records/v. Indyke, No. 119-cv-10475 (S.D.N.Y. 2019)/EFTA02778375.pdf","https://www.justice.gov/epstein/files/Court Records/v. Indyke, No. 119-cv-10475 (S.D.N.Y. 2019)/EFTA02778375.mov"
"https://www.justice.gov/epstein/files/Court Records/v. Indyke, No. 119-cv-10475 (S.D.N.Y. 2019)/EFTA02778430.pdf","https://www.justice.gov/epstein/files/Court Records/v. Indyke, No. 119-cv-10475 (S.D.N.Y. 2019)/EFTA02778430.mov"
"https://www.justice.gov/epstein/files/Court Records/v. Indyke, No. 119-cv-10476 (S.D.N.Y. 2019)/EFTA02819086.pdf","https://www.justice.gov/epstein/files/Court Records/v. Indyke, No. 119-cv-10476 (S.D.N.Y. 2019)/EFTA02819086.mov"
"https://www.justice.gov/epstein/files/Court Records/v. Indyke, No. 119-cv-10476 (S.D.N.Y. 2019)/EFTA02819140.pdf","https://www.justice.gov/epstein/files/Court Records/v. Indyke, No. 119-cv-10476 (S.D.N.Y. 2019)/EFTA02819140.mov"
"https://www.justice.gov/epstein/files/Court Records/v. Indyke, No. 119-cv-10476 (S.D.N.Y. 2019)/EFTA02819144.pdf","https://www.justice.gov/epstein/files/Court Records/v. Indyke, No. 119-cv-10476 (S.D.N.Y. 2019)/EFTA02819144.mov"
"https://www.justice.gov/epstein/files/Court Records/v. Indyke, No. 119-cv-10476 (S.D.N.Y. 2019)/EFTA02819167.pdf","https://www.justice.gov/epstein/files/Court Records/v. Indyke, No. 119-cv-10476 (S.D.N.Y. 2019)/EFTA02819167.mov"
"https://www.justice.gov/epstein/files/Court Records/v. Indyke, No. 119-cv-10476 (S.D.N.Y. 2019)/EFTA02819221.pdf","https://www.justice.gov/epstein/files/Court Records/v. Indyke, No. 119-cv-10476 (S.D.N.Y. 2019)/EFTA02819221.mov"
"https://www.justice.gov/epstein/files/Court Records/v. Indyke, No. 119-cv-10476 (S.D.N.Y. 2019)/EFTA02819237.pdf","https://www.justice.gov/epstein/files/Court Records/v. Indyke, No. 119-cv-10476 (S.D.N.Y. 2019)/EFTA02819237.mov"
"https://www.justice.gov/epstein/files/Court Records/v. Indyke, No. 119-cv-10476 (S.D.N.Y. 2019)/EFTA02819346.pdf","https://www.justice.gov/epstein/files/Court Records/v. Indyke, No. 119-cv-10476 (S.D.N.Y. 2019)/EFTA02819346.mov"
"https://www.justice.gov/epstein/files/Court Records/v. Indyke, No. 119-cv-10476 (S.D.N.Y. 2019)/EFTA02819467.pdf","https://www.justice.gov/epstein/files/Court Records/v. Indyke, No. 119-cv-10476 (S.D.N.Y. 2019)/EFTA02819467.mov"
"https://www.justice.gov/epstein/files/Court Records/v. Indyke, No. 119-cv-10479 (S.D.N.Y. 2019)/EFTA02731969.pdf","https://www.justice.gov/epstein/files/Court Records/v. Indyke, No. 119-cv-10479 (S.D.N.Y. 2019)/EFTA02731969.mov"
"https://www.justice.gov/epstein/files/Court Records/v. Indyke, No. 119-cv-10479 (S.D.N.Y. 2019)/EFTA02731970.pdf","https://www.justice.gov/epstein/files/Court Records/v. Indyke, No. 119-cv-10479 (S.D.N.Y. 2019)/EFTA02731970.mov"
"https://www.justice.gov/epstein/files/Court Records/v. Indyke, No. 119-cv-10479 (S.D.N.Y. 2019)/EFTA02732006.pdf","https://www.justice.gov/epstein/files/Court Records/v. Indyke, No. 119-cv-10479 (S.D.N.Y. 2019)/EFTA02732006.mov"
"https://www.justice.gov/epstein/files/Court Records/v. Indyke, No. 119-cv-10479 (S.D.N.Y. 2019)/EFTA02732140.pdf","https://www.justice.gov/epstein/files/Court Records/v. Indyke, No. 119-cv-10479 (S.D.N.Y. 2019)/EFTA02732140.mov"
"https://www.justice.gov/epstein/files/Court Records/v. Indyke, No. 119-cv-10788 (S.D.N.Y. 2019)/EFTA02737244.pdf","https://www.justice.gov/epstein/files/Court Records/v. Indyke, No. 119-cv-10788 (S.D.N.Y. 2019)/EFTA02737244.mov"
"https://www.justice.gov/epstein/files/Court Records/v. Indyke, No. 119-cv-10788 (S.D.N.Y. 2019)/EFTA02737254.pdf","https://www.justice.gov/epstein/files/Court Records/v. Indyke, No. 119-cv-10788 (S.D.N.Y. 2019)/EFTA02737254.mov"
"https://www.justice.gov/epstein/files/Court Records/v. Indyke, No. 119-cv-10788 (S.D.N.Y. 2019)/EFTA02737417.pdf","https://www.justice.gov/epstein/files/Court Records/v. Indyke, No. 119-cv-10788 (S.D.N.Y. 2019)/EFTA02737417.mov"
"https://www.justice.gov/epstein/files/Court Records/v. Maxwell, No. 115-cv-07433 (S.D.N.Y. 2015)/EFTA02778452.pdf","https://www.justice.gov/epstein/files/Court Records/v. Maxwell, No. 115-cv-07433 (S.D.N.Y. 2015)/EFTA02778452.mov"
"https://www.justice.gov/epstein/files/Court Records/v. Maxwell, No. 115-cv-07433 (S.D.N.Y. 2015)/EFTA02778571.pdf","https://www.justice.gov/epstein/files/Court Records/v. Maxwell, No. 115-cv-07433 (S.D.N.Y. 2015)/EFTA02778571.mov"
"https://www.justice.gov/epstein/files/Court Records/v. Maxwell, No. 115-cv-07433 (S.D.N.Y. 2015)/EFTA02778764.pdf","https://www.justice.gov/epstein/files/Court Records/v. Maxwell, No. 115-cv-07433 (S.D.N.Y. 2015)/EFTA02778764.mov"
"https://www.justice.gov/epstein/files/Court Records/v. Maxwell, No. 115-cv-07433 (S.D.N.Y. 2015)/EFTA02778929.pdf","https://www.justice.gov/epstein/files/Court Records/v. Maxwell, No. 115-cv-07433 (S.D.N.Y. 2015)/EFTA02778929.mov"
"https://www.justice.gov/epstein/files/Court Records/v. Maxwell, No. 115-cv-07433 (S.D.N.Y. 2015)/EFTA02779060.pdf","https://www.justice.gov/epstein/files/Court Records/v. Maxwell, No. 115-cv-07433 (S.D.N.Y. 2015)/EFTA02779060.mov"
"https://www.justice.gov/epstein/files/Court Records/v. Maxwell, No. 115-cv-07433 (S.D.N.Y. 2015)/EFTA02779207.pdf","https://www.justice.gov/epstein/files/Court Records/v. Maxwell, No. 115-cv-07433 (S.D.N.Y. 2015)/EFTA02779207.mov"
"https://www.justice.gov/epstein/files/Court Records/v. Maxwell, No. 115-cv-07433 (S.D.N.Y. 2015)/EFTA02779210.pdf","https://www.justice.gov/epstein/files/Court Records/v. Maxwell, No. 115-cv-07433 (S.D.N.Y. 2015)/EFTA02779210.mov"
"https://www.justice.gov/epstein/files/Court Records/v. Maxwell, No. 115-cv-07433 (S.D.N.Y. 2015)/EFTA02779301.pdf","https://www.justice.gov/epstein/files/Court Records/v. Maxwell, No. 115-cv-07433 (S.D.N.Y. 2015)/EFTA02779301.mov"
"https://www.justice.gov/epstein/files/Court Records/v. Maxwell, No. 115-cv-07433 (S.D.N.Y. 2015)/EFTA02779392.pdf","https://www.justice.gov/epstein/files/Court Records/v. Maxwell, No. 115-cv-07433 (S.D.N.Y. 2015)/EFTA02779392.mov"
"https://www.justice.gov/epstein/files/Court Records/v. Maxwell, No. 115-cv-07433 (S.D.N.Y. 2015)/EFTA02779441.pdf","https://www.justice.gov/epstein/files/Court Records/v. Maxwell, No. 115-cv-07433 (S.D.N.Y. 2015)/EFTA02779441.mov"
"https://www.justice.gov/epstein/files/Court Records/v. Maxwell, No. 115-cv-07433 (S.D.N.Y. 2015)/EFTA02779578.pdf","https://www.justice.gov/epstein/files/Court Records/v. Maxwell, No. 115-cv-07433 (S.D.N.Y. 2015)/EFTA02779578.mov"
"https://www.justice.gov/epstein/files/Court Records/v. Maxwell, No. 115-cv-07433 (S.D.N.Y. 2015)/EFTA02779648.pdf","https://www.justice.gov/epstein/files/Court Records/v. Maxwell, No. 115-cv-07433 (S.D.N.Y. 2015)/EFTA02779648.mov"
"https://www.justice.gov/epstein/files/Court Records/v. Maxwell, No. 115-cv-07433 (S.D.N.Y. 2015)/EFTA02779865.pdf","https://www.justice.gov/epstein/files/Court Records/v. Maxwell, No. 115-cv-07433 (S.D.N.Y. 2015)/EFTA02779865.mov"
"https://www.justice.gov/epstein/files/Court Records/v. Maxwell, No. 115-cv-07433 (S.D.N.Y. 2015)/EFTA02780283.pdf","https://www.justice.gov/epstein/files/Court Records/v. Maxwell, No. 115-cv-07433 (S.D.N.Y. 2015)/EFTA02780283.mov"
"https://www.justice.gov/epstein/files/Court Records/v. Maxwell, No. 115-cv-07433 (S.D.N.Y. 2015)/EFTA02780331.pdf","https://www.justice.gov/epstein/files/Court Records/v. Maxwell, No. 115-cv-07433 (S.D.N.Y. 2015)/EFTA02780331.mov"
"https://www.justice.gov/epstein/files/Court Records/v. Maxwell, No. 115-cv-07433 (S.D.N.Y. 2015)/EFTA02780565.pdf","https://www.justice.gov/epstein/files/Court Records/v. Maxwell, No. 115-cv-07433 (S.D.N.Y. 2015)/EFTA02780565.mov"
"https://www.justice.gov/epstein/files/Court Records/v. Maxwell, No. 115-cv-07433 (S.D.N.Y. 2015)/EFTA02780610.pdf","https://www.justice.gov/epstein/files/Court Records/v. Maxwell, No. 115-cv-07433 (S.D.N.Y. 2015)/EFTA02780610.mov"
"https://www.justice.gov/epstein/files/Court Records/v. Maxwell, No. 115-cv-07433 (S.D.N.Y. 2015)/EFTA02780747.pdf","https://www.justice.gov/epstein/files/Court Records/v. Maxwell, No. 115-cv-07433 (S.D.N.Y. 2015)/EFTA02780747.mov"
"https://www.justice.gov/epstein/files/Court Records/v. Maxwell, No. 115-cv-07433 (S.D.N.Y. 2015)/EFTA02780835.pdf","https://www.justice.gov/epstein/files/Court Records/v. Maxwell, No. 115-cv-07433 (S.D.N.Y. 2015)/EFTA02780835.mov"
"https://www.justice.gov/epstein/files/Court Records/v. Maxwell, No. 115-cv-07433 (S.D.N.Y. 2015)/EFTA02780969.pdf","https://www.justice.gov/epstein/files/Court Records/v. Maxwell, No. 115-cv-07433 (S.D.N.Y. 2015)/EFTA02780969.mov"
"https://www.justice.gov/epstein/files/Court Records/v. Maxwell, No. 115-cv-07433 (S.D.N.Y. 2015)/EFTA02781166.pdf","https://www.justice.gov/epstein/files/Court Records/v. Maxwell, No. 115-cv-07433 (S.D.N.Y. 2015)/EFTA02781166.mov"
"https://www.justice.gov/epstein/files/Court Records/v. Maxwell, No. 115-cv-07433 (S.D.N.Y. 2015)/EFTA02781168.pdf","https://www.justice.gov/epstein/files/Court Records/v. Maxwell, No. 115-cv-07433 (S.D.N.Y. 2015)/EFTA02781168.mov"
"https://www.justice.gov/epstein/files/Court Records/v. Maxwell, No. 115-cv-07433 (S.D.N.Y. 2015)/EFTA02781223.pdf","https://www.justice.gov/epstein/files/Court Records/v. Maxwell, No. 115-cv-07433 (S.D.N.Y. 2015)/EFTA02781223.mov"
"https://www.justice.gov/epstein/files/Court Records/v. Maxwell, No. 115-cv-07433 (S.D.N.Y. 2015)/EFTA02781236.pdf","https://www.justice.gov/epstein/files/Court Records/v. Maxwell, No. 115-cv-07433 (S.D.N.Y. 2015)/EFTA02781236.mov"
"https://www.justice.gov/epstein/files/Court Records/v. Maxwell, No. 115-cv-07433 (S.D.N.Y. 2015)/EFTA02781424.pdf","https://www.justice.gov/epstein/files/Court Records/v. Maxwell, No. 115-cv-07433 (S.D.N.Y. 2015)/EFTA02781424.mov"
"https://www.justice.gov/epstein/files/Court Records/v. Maxwell, No. 115-cv-07433 (S.D.N.Y. 2015)/EFTA02781425.pdf","https://www.justice.gov/epstein/files/Court Records/v. Maxwell, No. 115-cv-07433 (S.D.N.Y. 2015)/EFTA02781425.mov"
"https://www.justice.gov/epstein/files/Court Records/v. Maxwell, No. 115-cv-07433 (S.D.N.Y. 2015)/EFTA02781473.pdf","https://www.justice.gov/epstein/files/Court Records/v. Maxwell, No. 115-cv-07433 (S.D.N.Y. 2015)/EFTA02781473.mov"
"https://www.justice.gov/epstein/files/Court Records/v. Maxwell, No. 115-cv-07433 (S.D.N.Y. 2015)/EFTA02781545.pdf","https://www.justice.gov/epstein/files/Court Records/v. Maxwell, No. 115-cv-07433 (S.D.N.Y. 2015)/EFTA02781545.mov"
"https://www.justice.gov/epstein/files/Court Records/v. Maxwell, No. 115-cv-07433 (S.D.N.Y. 2015)/EFTA02781576.pdf","https://www.justice.gov/epstein/files/Court Records/v. Maxwell, No. 115-cv-07433 (S.D.N.Y. 2015)/EFTA02781576.mov"
"https://www.justice.gov/epstein/files/Court Records/v. Maxwell, No. 115-cv-07433 (S.D.N.Y. 2015)/EFTA02781655.pdf","https://www.justice.gov/epstein/files/Court Records/v. Maxwell, No. 115-cv-07433 (S.D.N.Y. 2015)/EFTA02781655.mov"
"https://www.justice.gov/epstein/files/Court Records/v. Maxwell, No. 115-cv-07433 (S.D.N.Y. 2015)/EFTA02781670.pdf","https://www.justice.gov/epstein/files/Court Records/v. Maxwell, No. 115-cv-07433 (S.D.N.Y. 2015)/EFTA02781670.mov"
"https://www.justice.gov/epstein/files/Court Records/v. Maxwell, No. 115-cv-07433 (S.D.N.Y. 2015)/EFTA02781808.pdf","https://www.justice.gov/epstein/files/Court Records/v. Maxwell, No. 115-cv-07433 (S.D.N.Y. 2015)/EFTA02781808.mov"
"https://www.justice.gov/epstein/files/Court Records/v. Maxwell, No. 115-cv-07433 (S.D.N.Y. 2015)/EFTA02781908.pdf","https://www.justice.gov/epstein/files/Court Records/v. Maxwell, No. 115-cv-07433 (S.D.N.Y. 2015)/EFTA02781908.mov"
"https://www.justice.gov/epstein/files/Court Records/v. Maxwell, No. 115-cv-07433 (S.D.N.Y. 2015)/EFTA02781917.pdf","https://www.justice.gov/epstein/files/Court Records/v. Maxwell, No. 115-cv-07433 (S.D.N.Y. 2015)/EFTA02781917.mov"
"https://www.justice.gov/epstein/files/Court Records/v. Maxwell, No. 115-cv-07433 (S.D.N.Y. 2015)/EFTA02781946.pdf","https://www.justice.gov/epstein/files/Court Records/v. Maxwell, No. 115-cv-07433 (S.D.N.Y. 2015)/EFTA02781946.mov"
"https://www.justice.gov/epstein/files/Court Records/v. Maxwell, No. 115-cv-07433 (S.D.N.Y. 2015)/EFTA02782270.pdf","https://www.justice.gov/epstein/files/Court Records/v. Maxwell, No. 115-cv-07433 (S.D.N.Y. 2015)/EFTA02782270.mov"
"https://www.justice.gov/epstein/files/Court Records/v. Maxwell, No. 115-cv-07433 (S.D.N.Y. 2015)/EFTA02782310.pdf","https://www.justice.gov/epstein/files/Court Records/v. Maxwell, No. 115-cv-07433 (S.D.N.Y. 2015)/EFTA02782310.mov"
"https://www.justice.gov/epstein/files/Court Records/v. Maxwell, No. 115-cv-07433 (S.D.N.Y. 2015)/EFTA02782327.pdf","https://www.justice.gov/epstein/files/Court Records/v. Maxwell, No. 115-cv-07433 (S.D.N.Y. 2015)/EFTA02782327.mov"
"https://www.justice.gov/epstein/files/Court Records/v. Maxwell, No. 115-cv-07433 (S.D.N.Y. 2015)/EFTA02782413.pdf","https://www.justice.gov/epstein/files/Court Records/v. Maxwell, No. 115-cv-07433 (S.D.N.Y. 2015)/EFTA02782413.mov"
"https://www.justice.gov/epstein/files/Court Records/v. Maxwell, No. 115-cv-07433 (S.D.N.Y. 2015)/EFTA02782527.pdf","https://www.justice.gov/epstein/files/Court Records/v. Maxwell, No. 115-cv-07433 (S.D.N.Y. 2015)/EFTA02782527.mov"
"https://www.justice.gov/epstein/files/Court Records/v. Maxwell, No. 115-cv-07433 (S.D.N.Y. 2015)/EFTA02782885.pdf","https://www.justice.gov/epstein/files/Court Records/v. Maxwell, No. 115-cv-07433 (S.D.N.Y. 2015)/EFTA02782885.mov"
"https://www.justice.gov/epstein/files/Court Records/v. Maxwell, No. 115-cv-07433 (S.D.N.Y. 2015)/EFTA02783010.pdf","https://www.justice.gov/epstein/files/Court Records/v. Maxwell, No. 115-cv-07433 (S.D.N.Y. 2015)/EFTA02783010.mov"
"https://www.justice.gov/epstein/files/Court Records/v. Maxwell, No. 115-cv-07433 (S.D.N.Y. 2015)/EFTA02783011.pdf","https://www.justice.gov/epstein/files/Court Records/v. Maxwell, No. 115-cv-07433 (S.D.N.Y. 2015)/EFTA02783011.mov"
"https://www.justice.gov/epstein/files/Court Records/v. Maxwell, No. 115-cv-07433 (S.D.N.Y. 2015)/EFTA02783033.pdf","https://www.justice.gov/epstein/files/Court Records/v. Maxwell, No. 115-cv-07433 (S.D.N.Y. 2015)/EFTA02783033.mov"
"https://www.justice.gov/epstein/files/Court Records/v. Maxwell, No. 115-cv-07433 (S.D.N.Y. 2015)/EFTA02783205.pdf","https://www.justice.gov/epstein/files/Court Records/v. Maxwell, No. 115-cv-07433 (S.D.N.Y. 2015)/EFTA02783205.mov"
"https://www.justice.gov/epstein/files/Court Records/v. Maxwell, No. 115-cv-07433 (S.D.N.Y. 2015)/EFTA02783231.pdf","https://www.justice.gov/epstein/files/Court Records/v. Maxwell, No. 115-cv-07433 (S.D.N.Y. 2015)/EFTA02783231.mov"
"https://www.justice.gov/epstein/files/Court Records/v. Maxwell, No. 115-cv-07433 (S.D.N.Y. 2015)/EFTA02783243.pdf","https://www.justice.gov/epstein/files/Court Records/v. Maxwell, No. 115-cv-07433 (S.D.N.Y. 2015)/EFTA02783243.mov"
"https://www.justice.gov/epstein/files/Court Records/v. Maxwell, No. 115-cv-07433 (S.D.N.Y. 2015)/EFTA02783244.pdf","https://www.justice.gov/epstein/files/Court Records/v. Maxwell, No. 115-cv-07433 (S.D.N.Y. 2015)/EFTA02783244.mov"
"https://www.justice.gov/epstein/files/Court Records/v. Maxwell, No. 115-cv-07433 (S.D.N.Y. 2015)/EFTA02783408.pdf","https://www.justice.gov/epstein/files/Court Records/v. Maxwell, No. 115-cv-07433 (S.D.N.Y. 2015)/EFTA02783408.mov"
"https://www.justice.gov/epstein/files/Court Records/v. Maxwell, No. 115-cv-07433 (S.D.N.Y. 2015)/EFTA02783941.pdf","https://www.justice.gov/epstein/files/Court Records/v. Maxwell, No. 115-cv-07433 (S.D.N.Y. 2015)/EFTA02783941.mov"
"https://www.justice.gov/epstein/files/Court Records/v. Maxwell, No. 115-cv-07433 (S.D.N.Y. 2015)/EFTA02784061.pdf","https://www.justice.gov/epstein/files/Court Records/v. Maxwell, No. 115-cv-07433 (S.D.N.Y. 2015)/EFTA02784061.mov"
"https://www.justice.gov/epstein/files/Court Records/v. Maxwell, No. 115-cv-07433 (S.D.N.Y. 2015)/EFTA02784091.pdf","https://www.justice.gov/epstein/files/Court Records/v. Maxwell, No. 115-cv-07433 (S.D.N.Y. 2015)/EFTA02784091.mov"
"https://www.justice.gov/epstein/files/Court Records/v. Maxwell, No. 115-cv-07433 (S.D.N.Y. 2015)/EFTA02784170.pdf","https://www.justice.gov/epstein/files/Court Records/v. Maxwell, No. 115-cv-07433 (S.D.N.Y. 2015)/EFTA02784170.mov"
"https://www.justice.gov/epstein/files/Court Records/v. Maxwell, No. 115-cv-07433 (S.D.N.Y. 2015)/EFTA02784342.pdf","https://www.justice.gov/epstein/files/Court Records/v. Maxwell, No. 115-cv-07433 (S.D.N.Y. 2015)/EFTA02784342.mov"
"https://www.justice.gov/epstein/files/Court Records/v. Maxwell, No. 115-cv-07433 (S.D.N.Y. 2015)/EFTA02784343.pdf","https://www.justice.gov/epstein/files/Court Records/v. Maxwell, No. 115-cv-07433 (S.D.N.Y. 2015)/EFTA02784343.mov"
"https://www.justice.gov/epstein/files/Court Records/v. Maxwell, No. 115-cv-07433 (S.D.N.Y. 2015)/EFTA02784346.pdf","https://www.justice.gov/epstein/files/Court Records/v. Maxwell, No. 115-cv-07433 (S.D.N.Y. 2015)/EFTA02784346.mov"
"https://www.justice.gov/epstein/files/Court Records/v. Maxwell, No. 115-cv-07433 (S.D.N.Y. 2015)/EFTA02784497.pdf","https://www.justice.gov/epstein/files/Court Records/v. Maxwell, No. 115-cv-07433 (S.D.N.Y. 2015)/EFTA02784497.mov"
"https://www.justice.gov/epstein/files/Court Records/v. Maxwell, No. 115-cv-07433 (S.D.N.Y. 2015)/EFTA02784748.pdf","https://www.justice.gov/epstein/files/Court Records/v. Maxwell, No. 115-cv-07433 (S.D.N.Y. 2015)/EFTA02784748.mov"
"https://www.justice.gov/epstein/files/Court Records/v. Maxwell, No. 115-cv-07433 (S.D.N.Y. 2015)/EFTA02784762.pdf","https://www.justice.gov/epstein/files/Court Records/v. Maxwell, No. 115-cv-07433 (S.D.N.Y. 2015)/EFTA02784762.mov"
"https://www.justice.gov/epstein/files/Court Records/v. Maxwell, No. 115-cv-07433 (S.D.N.Y. 2015)/EFTA02784791.pdf","https://www.justice.gov/epstein/files/Court Records/v. Maxwell, No. 115-cv-07433 (S.D.N.Y. 2015)/EFTA02784791.mov"
"https://www.justice.gov/epstein/files/Court Records/v. Maxwell, No. 115-cv-07433 (S.D.N.Y. 2015)/EFTA02784841.pdf","https://www.justice.gov/epstein/files/Court Records/v. Maxwell, No. 115-cv-07433 (S.D.N.Y. 2015)/EFTA02784841.mov"
"https://www.justice.gov/epstein/files/Court Records/v. Maxwell, No. 115-cv-07433 (S.D.N.Y. 2015)/EFTA02784854.pdf","https://www.justice.gov/epstein/files/Court Records/v. Maxwell, No. 115-cv-07433 (S.D.N.Y. 2015)/EFTA02784854.mov"
"https://www.justice.gov/epstein/files/Court Records/v. Maxwell, No. 115-cv-07433 (S.D.N.Y. 2015)/EFTA02784945.pdf","https://www.justice.gov/epstein/files/Court Records/v. Maxwell, No. 115-cv-07433 (S.D.N.Y. 2015)/EFTA02784945.mov"
"https://www.justice.gov/epstein/files/Court Records/v. Maxwell, No. 115-cv-07433 (S.D.N.Y. 2015)/EFTA02784957.pdf","https://www.justice.gov/epstein/files/Court Records/v. Maxwell, No. 115-cv-07433 (S.D.N.Y. 2015)/EFTA02784957.mov"
"https://www.justice.gov/epstein/files/Court Records/v. Maxwell, No. 115-cv-07433 (S.D.N.Y. 2015)/EFTA02785048.pdf","https://www.justice.gov/epstein/files/Court Records/v. Maxwell, No. 115-cv-07433 (S.D.N.Y. 2015)/EFTA02785048.mov"
"https://www.justice.gov/epstein/files/Court Records/v. Maxwell, No. 115-cv-07433 (S.D.N.Y. 2015)/EFTA02785107.pdf","https://www.justice.gov/epstein/files/Court Records/v. Maxwell, No. 115-cv-07433 (S.D.N.Y. 2015)/EFTA02785107.mov"
"https://www.justice.gov/epstein/files/Court Records/v. Maxwell, No. 115-cv-07433 (S.D.N.Y. 2015)/EFTA02785126.pdf","https://www.justice.gov/epstein/files/Court Records/v. Maxwell, No. 115-cv-07433 (S.D.N.Y. 2015)/EFTA02785126.mov"
"https://www.justice.gov/epstein/files/Court Records/v. Maxwell, No. 115-cv-07433 (S.D.N.Y. 2015)/EFTA02785291.pdf","https://www.justice.gov/epstein/files/Court Records/v. Maxwell, No. 115-cv-07433 (S.D.N.Y. 2015)/EFTA02785291.mov"
"https://www.justice.gov/epstein/files/Court Records/v. Maxwell, No. 115-cv-07433 (S.D.N.Y. 2015)/EFTA02785434.pdf","https://www.justice.gov/epstein/files/Court Records/v. Maxwell, No. 115-cv-07433 (S.D.N.Y. 2015)/EFTA02785434.mov"
"https://www.justice.gov/epstein/files/Court Records/v. Maxwell, No. 115-cv-07433 (S.D.N.Y. 2015)/EFTA02785632.pdf","https://www.justice.gov/epstein/files/Court Records/v. Maxwell, No. 115-cv-07433 (S.D.N.Y. 2015)/EFTA02785632.mov"
"https://www.justice.gov/epstein/files/Court Records/v. Maxwell, No. 115-cv-07433 (S.D.N.Y. 2015)/EFTA02785706.pdf","https://www.justice.gov/epstein/files/Court Records/v. Maxwell, No. 115-cv-07433 (S.D.N.Y. 2015)/EFTA02785706.mov"
"https://www.justice.gov/epstein/files/Court Records/v. Maxwell, No. 115-cv-07433 (S.D.N.Y. 2015)/EFTA02785719.pdf","https://www.justice.gov/epstein/files/Court Records/v. Maxwell, No. 115-cv-07433 (S.D.N.Y. 2015)/EFTA02785719.mov"
"https://www.justice.gov/epstein/files/Court Records/v. Maxwell, No. 115-cv-07433 (S.D.N.Y. 2015)/EFTA02785723.pdf","https://www.justice.gov/epstein/files/Court Records/v. Maxwell, No. 115-cv-07433 (S.D.N.Y. 2015)/EFTA02785723.mov"
"https://www.justice.gov/epstein/files/Court Records/v. Maxwell, No. 115-cv-07433 (S.D.N.Y. 2015)/EFTA02785839.pdf","https://www.justice.gov/epstein/files/Court Records/v. Maxwell, No. 115-cv-07433 (S.D.N.Y. 2015)/EFTA02785839.mov"
"https://www.justice.gov/epstein/files/Court Records/v. Maxwell, No. 115-cv-07433 (S.D.N.Y. 2015)/EFTA02786005.pdf","https://www.justice.gov/epstein/files/Court Records/v. Maxwell, No. 115-cv-07433 (S.D.N.Y. 2015)/EFTA02786005.mov"
"https://www.justice.gov/epstein/files/Court Records/v. Maxwell, No. 115-cv-07433 (S.D.N.Y. 2015)/EFTA02786048.pdf","https://www.justice.gov/epstein/files/Court Records/v. Maxwell, No. 115-cv-07433 (S.D.N.Y. 2015)/EFTA02786048.mov"
"https://www.justice.gov/epstein/files/Court Records/v. Maxwell, No. 115-cv-07433 (S.D.N.Y. 2015)/EFTA02786601.pdf","https://www.justice.gov/epstein/files/Court Records/v. Maxwell, No. 115-cv-07433 (S.D.N.Y. 2015)/EFTA02786601.mov"
"https://www.justice.gov/epstein/files/Court Records/v. Maxwell, No. 115-cv-07433 (S.D.N.Y. 2015)/EFTA02786742.pdf","https://www.justice.gov/epstein/files/Court Records/v. Maxwell, No. 115-cv-07433 (S.D.N.Y. 2015)/EFTA02786742.mov"
"https://www.justice.gov/epstein/files/Court Records/v. Maxwell, No. 115-cv-07433 (S.D.N.Y. 2015)/EFTA02786746.pdf","https://www.justice.gov/epstein/files/Court Records/v. Maxwell, No. 115-cv-07433 (S.D.N.Y. 2015)/EFTA02786746.mov"
"https://www.justice.gov/epstein/files/Court Records/v. Maxwell, No. 115-cv-07433 (S.D.N.Y. 2015)/EFTA02786808.pdf","https://www.justice.gov/epstein/files/Court Records/v. Maxwell, No. 115-cv-07433 (S.D.N.Y. 2015)/EFTA02786808.mov"
"https://www.justice.gov/epstein/files/Court Records/v. Maxwell, No. 115-cv-07433 (S.D.N.Y. 2015)/EFTA02786891.pdf","https://www.justice.gov/epstein/files/Court Records/v. Maxwell, No. 115-cv-07433 (S.D.N.Y. 2015)/EFTA02786891.mov"
"https://www.justice.gov/epstein/files/Court Records/v. Maxwell, No. 115-cv-07433 (S.D.N.Y. 2015)/EFTA02787113.pdf","https://www.justice.gov/epstein/files/Court Records/v. Maxwell, No. 115-cv-07433 (S.D.N.Y. 2015)/EFTA02787113.mov"
"https://www.justice.gov/epstein/files/Court Records/v. Maxwell, No. 115-cv-07433 (S.D.N.Y. 2015)/EFTA02787116.pdf","https://www.justice.gov/epstein/files/Court Records/v. Maxwell, No. 115-cv-07433 (S.D.N.Y. 2015)/EFTA02787116.mov"
"https://www.justice.gov/epstein/files/Court Records/v. Maxwell, No. 115-cv-07433 (S.D.N.Y. 2015)/EFTA02787144.pdf","https://www.justice.gov/epstein/files/Court Records/v. Maxwell, No. 115-cv-07433 (S.D.N.Y. 2015)/EFTA02787144.mov"
"https://www.justice.gov/epstein/files/Court Records/v. Maxwell, No. 115-cv-07433 (S.D.N.Y. 2015)/EFTA02787189.pdf","https://www.justice.gov/epstein/files/Court Records/v. Maxwell, No. 115-cv-07433 (S.D.N.Y. 2015)/EFTA02787189.mov"
"https://www.justice.gov/epstein/files/Court Records/v. Maxwell, No. 115-cv-07433 (S.D.N.Y. 2015)/EFTA02787270.pdf","https://www.justice.gov/epstein/files/Court Records/v. Maxwell, No. 115-cv-07433 (S.D.N.Y. 2015)/EFTA02787270.mov"
"https://www.justice.gov/epstein/files/Court Records/v. Maxwell, No. 115-cv-07433 (S.D.N.Y. 2015)/EFTA02787343.pdf","https://www.justice.gov/epstein/files/Court Records/v. Maxwell, No. 115-cv-07433 (S.D.N.Y. 2015)/EFTA02787343.mov"
"https://www.justice.gov/epstein/files/Court Records/v. Maxwell, No. 115-cv-07433 (S.D.N.Y. 2015)/EFTA02787386.pdf","https://www.justice.gov/epstein/files/Court Records/v. Maxwell, No. 115-cv-07433 (S.D.N.Y. 2015)/EFTA02787386.mov"
"https://www.justice.gov/epstein/files/Court Records/v. Maxwell, No. 115-cv-07433 (S.D.N.Y. 2015)/EFTA02787400.pdf","https://www.justice.gov/epstein/files/Court Records/v. Maxwell, No. 115-cv-07433 (S.D.N.Y. 2015)/EFTA02787400.mov"
"https://www.justice.gov/epstein/files/Court Records/v. Maxwell, No. 115-cv-07433 (S.D.N.Y. 2015)/EFTA02787426.pdf","https://www.justice.gov/epstein/files/Court Records/v. Maxwell, No. 115-cv-07433 (S.D.N.Y. 2015)/EFTA02787426.mov"
"https://www.justice.gov/epstein/files/Court Records/v. Maxwell, No. 115-cv-07433 (S.D.N.Y. 2015)/EFTA02787461.pdf","https://www.justice.gov/epstein/files/Court Records/v. Maxwell, No. 115-cv-07433 (S.D.N.Y. 2015)/EFTA02787461.mov"
"https://www.justice.gov/epstein/files/Court Records/v. Maxwell, No. 115-cv-07433 (S.D.N.Y. 2015)/EFTA02787604.pdf","https://www.justice.gov/epstein/files/Court Records/v. Maxwell, No. 115-cv-07433 (S.D.N.Y. 2015)/EFTA02787604.mov"
"https://www.justice.gov/epstein/files/Court Records/v. Maxwell, No. 115-cv-07433 (S.D.N.Y. 2015)/EFTA02788272.pdf","https://www.justice.gov/epstein/files/Court Records/v. Maxwell, No. 115-cv-07433 (S.D.N.Y. 2015)/EFTA02788272.mov"
"https://www.justice.gov/epstein/files/Court Records/v. Maxwell, No. 115-cv-07433 (S.D.N.Y. 2015)/EFTA02788470.pdf","https://www.justice.gov/epstein/files/Court Records/v. Maxwell, No. 115-cv-07433 (S.D.N.Y. 2015)/EFTA02788470.mov"
"https://www.justice.gov/epstein/files/Court Records/v. Maxwell, No. 115-cv-07433 (S.D.N.Y. 2015)/EFTA02789046.pdf","https://www.justice.gov/epstein/files/Court Records/v. Maxwell, No. 115-cv-07433 (S.D.N.Y. 2015)/EFTA02789046.mov"
"https://www.justice.gov/epstein/files/Court Records/v. Maxwell, No. 115-cv-07433 (S.D.N.Y. 2015)/EFTA02789276.pdf","https://www.justice.gov/epstein/files/Court Records/v. Maxwell, No. 115-cv-07433 (S.D.N.Y. 2015)/EFTA02789276.mov"
"https://www.justice.gov/epstein/files/Court Records/v. Maxwell, No. 115-cv-07433 (S.D.N.Y. 2015)/EFTA02789428.pdf","https://www.justice.gov/epstein/files/Court Records/v. Maxwell, No. 115-cv-07433 (S.D.N.Y. 2015)/EFTA02789428.mov"
"https://www.justice.gov/epstein/files/Court Records/v. Maxwell, No. 115-cv-07433 (S.D.N.Y. 2015)/EFTA02789454.pdf","https://www.justice.gov/epstein/files/Court Records/v. Maxwell, No. 115-cv-07433 (S.D.N.Y. 2015)/EFTA02789454.mov"
"https://www.justice.gov/epstein/files/Court Records/v. Maxwell, No. 115-cv-07433 (S.D.N.Y. 2015)/EFTA02789504.pdf","https://www.justice.gov/epstein/files/Court Records/v. Maxwell, No. 115-cv-07433 (S.D.N.Y. 2015)/EFTA02789504.mov"
"https://www.justice.gov/epstein/files/Court Records/v. Maxwell, No. 115-cv-07433 (S.D.N.Y. 2015)/EFTA02789654.pdf","https://www.justice.gov/epstein/files/Court Records/v. Maxwell, No. 115-cv-07433 (S.D.N.Y. 2015)/EFTA02789654.mov"
"https://www.justice.gov/epstein/files/Court Records/v. Maxwell, No. 115-cv-07433 (S.D.N.Y. 2015)/EFTA02789657.pdf","https://www.justice.gov/epstein/files/Court Records/v. Maxwell, No. 115-cv-07433 (S.D.N.Y. 2015)/EFTA02789657.mov"
"https://www.justice.gov/epstein/files/Court Records/v. Maxwell, No. 115-cv-07433 (S.D.N.Y. 2015)/EFTA02790247.pdf","https://www.justice.gov/epstein/files/Court Records/v. Maxwell, No. 115-cv-07433 (S.D.N.Y. 2015)/EFTA02790247.mov"
"https://www.justice.gov/epstein/files/Court Records/v. Maxwell, No. 115-cv-07433 (S.D.N.Y. 2015)/EFTA02790346.pdf","https://www.justice.gov/epstein/files/Court Records/v. Maxwell, No. 115-cv-07433 (S.D.N.Y. 2015)/EFTA02790346.mov"
"https://www.justice.gov/epstein/files/Court Records/v. Maxwell, No. 115-cv-07433 (S.D.N.Y. 2015)/EFTA02790949.pdf","https://www.justice.gov/epstein/files/Court Records/v. Maxwell, No. 115-cv-07433 (S.D.N.Y. 2015)/EFTA02790949.mov"
"https://www.justice.gov/epstein/files/Court Records/v. Maxwell, No. 115-cv-07433 (S.D.N.Y. 2015)/EFTA02791158.pdf","https://www.justice.gov/epstein/files/Court Records/v. Maxwell, No. 115-cv-07433 (S.D.N.Y. 2015)/EFTA02791158.mov"
"https://www.justice.gov/epstein/files/Court Records/v. Maxwell, No. 115-cv-07433 (S.D.N.Y. 2015)/EFTA02791999.pdf","https://www.justice.gov/epstein/files/Court Records/v. Maxwell, No. 115-cv-07433 (S.D.N.Y. 2015)/EFTA02791999.mov"
"https://www.justice.gov/epstein/files/Court Records/v. Maxwell, No. 115-cv-07433 (S.D.N.Y. 2015)/EFTA02792016.pdf","https://www.justice.gov/epstein/files/Court Records/v. Maxwell, No. 115-cv-07433 (S.D.N.Y. 2015)/EFTA02792016.mov"
"https://www.justice.gov/epstein/files/Court Records/v. Maxwell, No. 115-cv-07433 (S.D.N.Y. 2015)/EFTA02792473.pdf","https://www.justice.gov/epstein/files/Court Records/v. Maxwell, No. 115-cv-07433 (S.D.N.Y. 2015)/EFTA02792473.mov"
"https://www.justice.gov/epstein/files/Court Records/v. Maxwell, No. 115-cv-07433 (S.D.N.Y. 2015)/EFTA02792530.pdf","https://www.justice.gov/epstein/files/Court Records/v. Maxwell, No. 115-cv-07433 (S.D.N.Y. 2015)/EFTA02792530.mov"
"https://www.justice.gov/epstein/files/Court Records/v. Maxwell, No. 115-cv-07433 (S.D.N.Y. 2015)/EFTA02792841.pdf","https://www.justice.gov/epstein/files/Court Records/v. Maxwell, No. 115-cv-07433 (S.D.N.Y. 2015)/EFTA02792841.mov"
"https://www.justice.gov/epstein/files/Court Records/v. Maxwell, No. 115-cv-07433 (S.D.N.Y. 2015)/EFTA02792921.pdf","https://www.justice.gov/epstein/files/Court Records/v. Maxwell, No. 115-cv-07433 (S.D.N.Y. 2015)/EFTA02792921.mov"
"https://www.justice.gov/epstein/files/Court Records/v. Maxwell, No. 115-cv-07433 (S.D.N.Y. 2015)/EFTA02792955.pdf","https://www.justice.gov/epstein/files/Court Records/v. Maxwell, No. 115-cv-07433 (S.D.N.Y. 2015)/EFTA02792955.mov"
"https://www.justice.gov/epstein/files/Court Records/v. Maxwell, No. 115-cv-07433 (S.D.N.Y. 2015)/EFTA02793030.pdf","https://www.justice.gov/epstein/files/Court Records/v. Maxwell, No. 115-cv-07433 (S.D.N.Y. 2015)/EFTA02793030.mov"
"https://www.justice.gov/epstein/files/Court Records/v. Maxwell, No. 115-cv-07433 (S.D.N.Y. 2015)/EFTA02793223.pdf","https://www.justice.gov/epstein/files/Court Records/v. Maxwell, No. 115-cv-07433 (S.D.N.Y. 2015)/EFTA02793223.mov"
"https://www.justice.gov/epstein/files/Court Records/v. Maxwell, No. 115-cv-07433 (S.D.N.Y. 2015)/EFTA02793258.pdf","https://www.justice.gov/epstein/files/Court Records/v. Maxwell, No. 115-cv-07433 (S.D.N.Y. 2015)/EFTA02793258.mov"
"https://www.justice.gov/epstein/files/Court Records/v. Maxwell, No. 115-cv-07433 (S.D.N.Y. 2015)/EFTA02793285.pdf","https://www.justice.gov/epstein/files/Court Records/v. Maxwell, No. 115-cv-07433 (S.D.N.Y. 2015)/EFTA02793285.mov"
"https://www.justice.gov/epstein/files/Court Records/v. Maxwell, No. 115-cv-07433 (S.D.N.Y. 2015)/EFTA02793462.pdf","https://www.justice.gov/epstein/files/Court Records/v. Maxwell, No. 115-cv-07433 (S.D.N.Y. 2015)/EFTA02793462.mov"
"https://www.justice.gov/epstein/files/Court Records/v. Maxwell, No. 115-cv-07433 (S.D.N.Y. 2015)/EFTA02793479.pdf","https://www.justice.gov/epstein/files/Court Records/v. Maxwell, No. 115-cv-07433 (S.D.N.Y. 2015)/EFTA02793479.mov"
"https://www.justice.gov/epstein/files/Court Records/v. Maxwell, No. 115-cv-07433 (S.D.N.Y. 2015)/EFTA02793496.pdf","https://www.justice.gov/epstein/files/Court Records/v. Maxwell, No. 115-cv-07433 (S.D.N.Y. 2015)/EFTA02793496.mov"
"https://www.justice.gov/epstein/files/Court Records/v. Maxwell, No. 115-cv-07433 (S.D.N.Y. 2015)/EFTA02793868.pdf","https://www.justice.gov/epstein/files/Court Records/v. Maxwell, No. 115-cv-07433 (S.D.N.Y. 2015)/EFTA02793868.mov"
"https://www.justice.gov/epstein/files/Court Records/v. Maxwell, No. 115-cv-07433 (S.D.N.Y. 2015)/EFTA02793953.pdf","https://www.justice.gov/epstein/files/Court Records/v. Maxwell, No. 115-cv-07433 (S.D.N.Y. 2015)/EFTA02793953.mov"
"https://www.justice.gov/epstein/files/Court Records/v. Maxwell, No. 115-cv-07433 (S.D.N.Y. 2015)/EFTA02794023.pdf","https://www.justice.gov/epstein/files/Court Records/v. Maxwell, No. 115-cv-07433 (S.D.N.Y. 2015)/EFTA02794023.mov"
"https://www.justice.gov/epstein/files/Court Records/v. Maxwell, No. 115-cv-07433 (S.D.N.Y. 2015)/EFTA02794118.pdf","https://www.justice.gov/epstein/files/Court Records/v. Maxwell, No. 115-cv-07433 (S.D.N.Y. 2015)/EFTA02794118.mov"
"https://www.justice.gov/epstein/files/Court Records/v. Maxwell, No. 115-cv-07433 (S.D.N.Y. 2015)/EFTA02794124.pdf","https://www.justice.gov/epstein/files/Court Records/v. Maxwell, No. 115-cv-07433 (S.D.N.Y. 2015)/EFTA02794124.mov"
"https://www.justice.gov/epstein/files/Court Records/v. Maxwell, No. 115-cv-07433 (S.D.N.Y. 2015)/EFTA02794212.pdf","https://www.justice.gov/epstein/files/Court Records/v. Maxwell, No. 115-cv-07433 (S.D.N.Y. 2015)/EFTA02794212.mov"
"https://www.justice.gov/epstein/files/Court Records/v. Maxwell, No. 115-cv-07433 (S.D.N.Y. 2015)/EFTA02794306.pdf","https://www.justice.gov/epstein/files/Court Records/v. Maxwell, No. 115-cv-07433 (S.D.N.Y. 2015)/EFTA02794306.mov"
"https://www.justice.gov/epstein/files/Court Records/v. Maxwell, No. 115-cv-07433 (S.D.N.Y. 2015)/EFTA02794430.pdf","https://www.justice.gov/epstein/files/Court Records/v. Maxwell, No. 115-cv-07433 (S.D.N.Y. 2015)/EFTA02794430.mov"
"https://www.justice.gov/epstein/files/Court Records/v. Maxwell, No. 115-cv-07433 (S.D.N.Y. 2015)/EFTA02794432.pdf","https://www.justice.gov/epstein/files/Court Records/v. Maxwell, No. 115-cv-07433 (S.D.N.Y. 2015)/EFTA02794432.mov"
"https://www.justice.gov/epstein/files/Court Records/v. Maxwell, No. 115-cv-07433 (S.D.N.Y. 2015)/EFTA02794498.pdf","https://www.justice.gov/epstein/files/Court Records/v. Maxwell, No. 115-cv-07433 (S.D.N.Y. 2015)/EFTA02794498.mov"
"https://www.justice.gov/epstein/files/Court Records/v. Maxwell, No. 115-cv-07433 (S.D.N.Y. 2015)/EFTA02794653.pdf","https://www.justice.gov/epstein/files/Court Records/v. Maxwell, No. 115-cv-07433 (S.D.N.Y. 2015)/EFTA02794653.mov"
"https://www.justice.gov/epstein/files/Court Records/v. Maxwell, No. 115-cv-07433 (S.D.N.Y. 2015)/EFTA02794708.pdf","https://www.justice.gov/epstein/files/Court Records/v. Maxwell, No. 115-cv-07433 (S.D.N.Y. 2015)/EFTA02794708.mov"
"https://www.justice.gov/epstein/files/Court Records/v. Maxwell, No. 115-cv-07433 (S.D.N.Y. 2015)/EFTA02794908.pdf","https://www.justice.gov/epstein/files/Court Records/v. Maxwell, No. 115-cv-07433 (S.D.N.Y. 2015)/EFTA02794908.mov"
"https://www.justice.gov/epstein/files/Court Records/v. Maxwell, No. 115-cv-07433 (S.D.N.Y. 2015)/EFTA02796734.pdf","https://www.justice.gov/epstein/files/Court Records/v. Maxwell, No. 115-cv-07433 (S.D.N.Y. 2015)/EFTA02796734.mov"
"https://www.justice.gov/epstein/files/Court Records/v. Maxwell, No. 115-cv-07433 (S.D.N.Y. 2015)/EFTA02796773.pdf","https://www.justice.gov/epstein/files/Court Records/v. Maxwell, No. 115-cv-07433 (S.D.N.Y. 2015)/EFTA02796773.mov"
"https://www.justice.gov/epstein/files/Court Records/v. Maxwell, No. 115-cv-07433 (S.D.N.Y. 2015)/EFTA02796795.pdf","https://www.justice.gov/epstein/files/Court Records/v. Maxwell, No. 115-cv-07433 (S.D.N.Y. 2015)/EFTA02796795.mov"
"https://www.justice.gov/epstein/files/Court Records/v. Maxwell, No. 115-cv-07433 (S.D.N.Y. 2015)/EFTA02796837.pdf","https://www.justice.gov/epstein/files/Court Records/v. Maxwell, No. 115-cv-07433 (S.D.N.Y. 2015)/EFTA02796837.mov"
"https://www.justice.gov/epstein/files/Court Records/v. Maxwell, No. 115-cv-07433 (S.D.N.Y. 2015)/EFTA02796901.pdf","https://www.justice.gov/epstein/files/Court Records/v. Maxwell, No. 115-cv-07433 (S.D.N.Y. 2015)/EFTA02796901.mov"
"https://www.justice.gov/epstein/files/Court Records/v. Maxwell, No. 115-cv-07433 (S.D.N.Y. 2015)/EFTA02797076.pdf","https://www.justice.gov/epstein/files/Court Records/v. Maxwell, No. 115-cv-07433 (S.D.N.Y. 2015)/EFTA02797076.mov"
"https://www.justice.gov/epstein/files/Court Records/v. Maxwell, No. 115-cv-07433 (S.D.N.Y. 2015)/EFTA02797091.pdf","https://www.justice.gov/epstein/files/Court Records/v. Maxwell, No. 115-cv-07433 (S.D.N.Y. 2015)/EFTA02797091.mov"
"https://www.justice.gov/epstein/files/Court Records/v. Maxwell, No. 115-cv-07433 (S.D.N.Y. 2015)/EFTA02797117.pdf","https://www.justice.gov/epstein/files/Court Records/v. Maxwell, No. 115-cv-07433 (S.D.N.Y. 2015)/EFTA02797117.mov"
"https://www.justice.gov/epstein/files/Court Records/v. Maxwell, No. 115-cv-07433 (S.D.N.Y. 2015)/EFTA02797152.pdf","https://www.justice.gov/epstein/files/Court Records/v. Maxwell, No. 115-cv-07433 (S.D.N.Y. 2015)/EFTA02797152.mov"
"https://www.justice.gov/epstein/files/Court Records/v. Maxwell, No. 115-cv-07433 (S.D.N.Y. 2015)/EFTA02797212.pdf","https://www.justice.gov/epstein/files/Court Records/v. Maxwell, No. 115-cv-07433 (S.D.N.Y. 2015)/EFTA02797212.mov"
"https://www.justice.gov/epstein/files/Court Records/v. Maxwell, No. 115-cv-07433 (S.D.N.Y. 2015)/EFTA02797240.pdf","https://www.justice.gov/epstein/files/Court Records/v. Maxwell, No. 115-cv-07433 (S.D.N.Y. 2015)/EFTA02797240.mov"
"https://www.justice.gov/epstein/files/Court Records/v. Maxwell, No. 115-cv-07433 (S.D.N.Y. 2015)/EFTA02797312.pdf","https://www.justice.gov/epstein/files/Court Records/v. Maxwell, No. 115-cv-07433 (S.D.N.Y. 2015)/EFTA02797312.mov"
"https://www.justice.gov/epstein/files/Court Records/v. Maxwell, No. 115-cv-07433 (S.D.N.Y. 2015)/EFTA02797404.pdf","https://www.justice.gov/epstein/files/Court Records/v. Maxwell, No. 115-cv-07433 (S.D.N.Y. 2015)/EFTA02797404.mov"
"https://www.justice.gov/epstein/files/Court Records/v. Maxwell, No. 115-cv-07433 (S.D.N.Y. 2015)/EFTA02797557.pdf","https://www.justice.gov/epstein/files/Court Records/v. Maxwell, No. 115-cv-07433 (S.D.N.Y. 2015)/EFTA02797557.mov"
"https://www.justice.gov/epstein/files/Court Records/v. Maxwell, No. 115-cv-07433 (S.D.N.Y. 2015)/EFTA02797570.pdf","https://www.justice.gov/epstein/files/Court Records/v. Maxwell, No. 115-cv-07433 (S.D.N.Y. 2015)/EFTA02797570.mov"
"https://www.justice.gov/epstein/files/Court Records/v. Maxwell, No. 115-cv-07433 (S.D.N.Y. 2015)/EFTA02797796.pdf","https://www.justice.gov/epstein/files/Court Records/v. Maxwell, No. 115-cv-07433 (S.D.N.Y. 2015)/EFTA02797796.mov"
"https://www.justice.gov/epstein/files/Court Records/v. Maxwell, No. 115-cv-07433 (S.D.N.Y. 2015)/EFTA02797801.pdf","https://www.justice.gov/epstein/files/Court Records/v. Maxwell, No. 115-cv-07433 (S.D.N.Y. 2015)/EFTA02797801.mov"
"https://www.justice.gov/epstein/files/Court Records/v. Maxwell, No. 115-cv-07433 (S.D.N.Y. 2015)/EFTA02797884.pdf","https://www.justice.gov/epstein/files/Court Records/v. Maxwell, No. 115-cv-07433 (S.D.N.Y. 2015)/EFTA02797884.mov"
"https://www.justice.gov/epstein/files/Court Records/v. Maxwell, No. 115-cv-07433 (S.D.N.Y. 2015)/EFTA02798033.pdf","https://www.justice.gov/epstein/files/Court Records/v. Maxwell, No. 115-cv-07433 (S.D.N.Y. 2015)/EFTA02798033.mov"
"https://www.justice.gov/epstein/files/Court Records/v. Maxwell, No. 115-cv-07433 (S.D.N.Y. 2015)/EFTA02798149.pdf","https://www.justice.gov/epstein/files/Court Records/v. Maxwell, No. 115-cv-07433 (S.D.N.Y. 2015)/EFTA02798149.mov"
"https://www.justice.gov/epstein/files/Court Records/v. Maxwell, No. 115-cv-07433 (S.D.N.Y. 2015)/EFTA02798159.pdf","https://www.justice.gov/epstein/files/Court Records/v. Maxwell, No. 115-cv-07433 (S.D.N.Y. 2015)/EFTA02798159.mov"
"https://www.justice.gov/epstein/files/Court Records/v. Maxwell, No. 115-cv-07433 (S.D.N.Y. 2015)/EFTA02798238.pdf","https://www.justice.gov/epstein/files/Court Records/v. Maxwell, No. 115-cv-07433 (S.D.N.Y. 2015)/EFTA02798238.mov"
"https://www.justice.gov/epstein/files/Court Records/v. Maxwell, No. 115-cv-07433 (S.D.N.Y. 2015)/EFTA02798251.pdf","https://www.justice.gov/epstein/files/Court Records/v. Maxwell, No. 115-cv-07433 (S.D.N.Y. 2015)/EFTA02798251.mov"
"https://www.justice.gov/epstein/files/Court Records/v. Maxwell, No. 115-cv-07433 (S.D.N.Y. 2015)/EFTA02798269.pdf","https://www.justice.gov/epstein/files/Court Records/v. Maxwell, No. 115-cv-07433 (S.D.N.Y. 2015)/EFTA02798269.mov"
"https://www.justice.gov/epstein/files/Court Records/v. Maxwell, No. 115-cv-07433 (S.D.N.Y. 2015)/EFTA02798404.pdf","https://www.justice.gov/epstein/files/Court Records/v. Maxwell, No. 115-cv-07433 (S.D.N.Y. 2015)/EFTA02798404.mov"
"https://www.justice.gov/epstein/files/Court Records/v. Maxwell, No. 115-cv-07433 (S.D.N.Y. 2015)/EFTA02798405.pdf","https://www.justice.gov/epstein/files/Court Records/v. Maxwell, No. 115-cv-07433 (S.D.N.Y. 2015)/EFTA02798405.mov"
"https://www.justice.gov/epstein/files/Court Records/v. Maxwell, No. 115-cv-07433 (S.D.N.Y. 2015)/EFTA02798501.pdf","https://www.justice.gov/epstein/files/Court Records/v. Maxwell, No. 115-cv-07433 (S.D.N.Y. 2015)/EFTA02798501.mov"
"https://www.justice.gov/epstein/files/Court Records/v. Maxwell, No. 115-cv-07433 (S.D.N.Y. 2015)/EFTA02798564.pdf","https://www.justice.gov/epstein/files/Court Records/v. Maxwell, No. 115-cv-07433 (S.D.N.Y. 2015)/EFTA02798564.mov"
"https://www.justice.gov/epstein/files/Court Records/v. Maxwell, No. 115-cv-07433 (S.D.N.Y. 2015)/EFTA02798962.pdf","https://www.justice.gov/epstein/files/Court Records/v. Maxwell, No. 115-cv-07433 (S.D.N.Y. 2015)/EFTA02798962.mov"
"https://www.justice.gov/epstein/files/Court Records/v. Maxwell, No. 115-cv-07433 (S.D.N.Y. 2015)/EFTA02798973.pdf","https://www.justice.gov/epstein/files/Court Records/v. Maxwell, No. 115-cv-07433 (S.D.N.Y. 2015)/EFTA02798973.mov"
"https://www.justice.gov/epstein/files/Court Records/v. Maxwell, No. 115-cv-07433 (S.D.N.Y. 2015)/EFTA02798989.pdf","https://www.justice.gov/epstein/files/Court Records/v. Maxwell, No. 115-cv-07433 (S.D.N.Y. 2015)/EFTA02798989.mov"
"https://www.justice.gov/epstein/files/Court Records/v. Maxwell, No. 115-cv-07433 (S.D.N.Y. 2015)/EFTA02798996.pdf","https://www.justice.gov/epstein/files/Court Records/v. Maxwell, No. 115-cv-07433 (S.D.N.Y. 2015)/EFTA02798996.mov"
"https://www.justice.gov/epstein/files/Court Records/v. Maxwell, No. 115-cv-07433 (S.D.N.Y. 2015)/EFTA02799047.pdf","https://www.justice.gov/epstein/files/Court Records/v. Maxwell, No. 115-cv-07433 (S.D.N.Y. 2015)/EFTA02799047.mov"
"https://www.justice.gov/epstein/files/Court Records/v. Maxwell, No. 115-cv-07433 (S.D.N.Y. 2015)/EFTA02799129.pdf","https://www.justice.gov/epstein/files/Court Records/v. Maxwell, No. 115-cv-07433 (S.D.N.Y. 2015)/EFTA02799129.mov"
"https://www.justice.gov/epstein/files/Court Records/v. Maxwell, No. 115-cv-07433 (S.D.N.Y. 2015)/EFTA02799192.pdf","https://www.justice.gov/epstein/files/Court Records/v. Maxwell, No. 115-cv-07433 (S.D.N.Y. 2015)/EFTA02799192.mov"
"https://www.justice.gov/epstein/files/Court Records/v. Maxwell, No. 115-cv-07433 (S.D.N.Y. 2015)/EFTA02799391.pdf","https://www.justice.gov/epstein/files/Court Records/v. Maxwell, No. 115-cv-07433 (S.D.N.Y. 2015)/EFTA02799391.mov"
"https://www.justice.gov/epstein/files/Court Records/v. Maxwell, No. 115-cv-07433 (S.D.N.Y. 2015)/EFTA02799465.pdf","https://www.justice.gov/epstein/files/Court Records/v. Maxwell, No. 115-cv-07433 (S.D.N.Y. 2015)/EFTA02799465.mov"
"https://www.justice.gov/epstein/files/Court Records/v. Maxwell, No. 115-cv-07433 (S.D.N.Y. 2015)/EFTA02799472.pdf","https://www.justice.gov/epstein/files/Court Records/v. Maxwell, No. 115-cv-07433 (S.D.N.Y. 2015)/EFTA02799472.mov"
"https://www.justice.gov/epstein/files/Court Records/v. Maxwell, No. 115-cv-07433 (S.D.N.Y. 2015)/EFTA02799496.pdf","https://www.justice.gov/epstein/files/Court Records/v. Maxwell, No. 115-cv-07433 (S.D.N.Y. 2015)/EFTA02799496.mov"
"https://www.justice.gov/epstein/files/Court Records/v. Maxwell, No. 115-cv-07433 (S.D.N.Y. 2015)/EFTA02799509.pdf","https://www.justice.gov/epstein/files/Court Records/v. Maxwell, No. 115-cv-07433 (S.D.N.Y. 2015)/EFTA02799509.mov"
"https://www.justice.gov/epstein/files/Court Records/v. Maxwell, No. 115-cv-07433 (S.D.N.Y. 2015)/EFTA02799634.pdf","https://www.justice.gov/epstein/files/Court Records/v. Maxwell, No. 115-cv-07433 (S.D.N.Y. 2015)/EFTA02799634.mov"
"https://www.justice.gov/epstein/files/Court Records/v. Maxwell, No. 115-cv-07433 (S.D.N.Y. 2015)/EFTA02799661.pdf","https://www.justice.gov/epstein/files/Court Records/v. Maxwell, No. 115-cv-07433 (S.D.N.Y. 2015)/EFTA02799661.mov"
"https://www.justice.gov/epstein/files/Court Records/v. Maxwell, No. 115-cv-07433 (S.D.N.Y. 2015)/EFTA02799692.pdf","https://www.justice.gov/epstein/files/Court Records/v. Maxwell, No. 115-cv-07433 (S.D.N.Y. 2015)/EFTA02799692.mov"
"https://www.justice.gov/epstein/files/Court Records/v. Maxwell, No. 115-cv-07433 (S.D.N.Y. 2015)/EFTA02799707.pdf","https://www.justice.gov/epstein/files/Court Records/v. Maxwell, No. 115-cv-07433 (S.D.N.Y. 2015)/EFTA02799707.mov"
"https://www.justice.gov/epstein/files/Court Records/v. Maxwell, No. 115-cv-07433 (S.D.N.Y. 2015)/EFTA02799869.pdf","https://www.justice.gov/epstein/files/Court Records/v. Maxwell, No. 115-cv-07433 (S.D.N.Y. 2015)/EFTA02799869.mov"
"https://www.justice.gov/epstein/files/Court Records/v. Maxwell, No. 115-cv-07433 (S.D.N.Y. 2015)/EFTA02799918.pdf","https://www.justice.gov/epstein/files/Court Records/v. Maxwell, No. 115-cv-07433 (S.D.N.Y. 2015)/EFTA02799918.mov"
"https://www.justice.gov/epstein/files/Court Records/v. Maxwell, No. 115-cv-07433 (S.D.N.Y. 2015)/EFTA02800008.pdf","https://www.justice.gov/epstein/files/Court Records/v. Maxwell, No. 115-cv-07433 (S.D.N.Y. 2015)/EFTA02800008.mov"
"https://www.justice.gov/epstein/files/Court Records/v. Maxwell, No. 115-cv-07433 (S.D.N.Y. 2015)/EFTA02800097.pdf","https://www.justice.gov/epstein/files/Court Records/v. Maxwell, No. 115-cv-07433 (S.D.N.Y. 2015)/EFTA02800097.mov"
"https://www.justice.gov/epstein/files/Court Records/v. Maxwell, No. 115-cv-07433 (S.D.N.Y. 2015)/EFTA02800221.pdf","https://www.justice.gov/epstein/files/Court Records/v. Maxwell, No. 115-cv-07433 (S.D.N.Y. 2015)/EFTA02800221.mov"
"https://www.justice.gov/epstein/files/Court Records/v. Maxwell, No. 115-cv-07433 (S.D.N.Y. 2015)/EFTA02800240.pdf","https://www.justice.gov/epstein/files/Court Records/v. Maxwell, No. 115-cv-07433 (S.D.N.Y. 2015)/EFTA02800240.mov"
"https://www.justice.gov/epstein/files/Court Records/v. Maxwell, No. 115-cv-07433 (S.D.N.Y. 2015)/EFTA02800257.pdf","https://www.justice.gov/epstein/files/Court Records/v. Maxwell, No. 115-cv-07433 (S.D.N.Y. 2015)/EFTA02800257.mov"
"https://www.justice.gov/epstein/files/Court Records/v. Maxwell, No. 115-cv-07433 (S.D.N.Y. 2015)/EFTA02800289.pdf","https://www.justice.gov/epstein/files/Court Records/v. Maxwell, No. 115-cv-07433 (S.D.N.Y. 2015)/EFTA02800289.mov"
"https://www.justice.gov/epstein/files/Court Records/v. Maxwell, No. 115-cv-07433 (S.D.N.Y. 2015)/EFTA02800340.pdf","https://www.justice.gov/epstein/files/Court Records/v. Maxwell, No. 115-cv-07433 (S.D.N.Y. 2015)/EFTA02800340.mov"
"https://www.justice.gov/epstein/files/Court Records/v. Maxwell, No. 115-cv-07433 (S.D.N.Y. 2015)/EFTA02800447.pdf","https://www.justice.gov/epstein/files/Court Records/v. Maxwell, No. 115-cv-07433 (S.D.N.Y. 2015)/EFTA02800447.mov"
"https://www.justice.gov/epstein/files/Court Records/v. Maxwell, No. 115-cv-07433 (S.D.N.Y. 2015)/EFTA02800542.pdf","https://www.justice.gov/epstein/files/Court Records/v. Maxwell, No. 115-cv-07433 (S.D.N.Y. 2015)/EFTA02800542.mov"
"https://www.justice.gov/epstein/files/Court Records/v. Maxwell, No. 115-cv-07433 (S.D.N.Y. 2015)/EFTA02800543.pdf","https://www.justice.gov/epstein/files/Court Records/v. Maxwell, No. 115-cv-07433 (S.D.N.Y. 2015)/EFTA02800543.mov"
"https://www.justice.gov/epstein/files/Court Records/v. Maxwell, No. 115-cv-07433 (S.D.N.Y. 2015)/EFTA02800550.pdf","https://www.justice.gov/epstein/files/Court Records/v. Maxwell, No. 115-cv-07433 (S.D.N.Y. 2015)/EFTA02800550.mov"
"https://www.justice.gov/epstein/files/Court Records/v. Maxwell, No. 115-cv-07433 (S.D.N.Y. 2015)/EFTA02800654.pdf","https://www.justice.gov/epstein/files/Court Records/v. Maxwell, No. 115-cv-07433 (S.D.N.Y. 2015)/EFTA02800654.mov"
"https://www.justice.gov/epstein/files/Court Records/v. Maxwell, No. 115-cv-07433 (S.D.N.Y. 2015)/EFTA02800726.pdf","https://www.justice.gov/epstein/files/Court Records/v. Maxwell, No. 115-cv-07433 (S.D.N.Y. 2015)/EFTA02800726.mov"
"https://www.justice.gov/epstein/files/Court Records/v. Maxwell, No. 115-cv-07433 (S.D.N.Y. 2015)/EFTA02800733.pdf","https://www.justice.gov/epstein/files/Court Records/v. Maxwell, No. 115-cv-07433 (S.D.N.Y. 2015)/EFTA02800733.mov"
"https://www.justice.gov/epstein/files/Court Records/v. Maxwell, No. 115-cv-07433 (S.D.N.Y. 2015)/EFTA02800835.pdf","https://www.justice.gov/epstein/files/Court Records/v. Maxwell, No. 115-cv-07433 (S.D.N.Y. 2015)/EFTA02800835.mov"
"https://www.justice.gov/epstein/files/Court Records/v. Maxwell, No. 115-cv-07433 (S.D.N.Y. 2015)/EFTA02800849.pdf","https://www.justice.gov/epstein/files/Court Records/v. Maxwell, No. 115-cv-07433 (S.D.N.Y. 2015)/EFTA02800849.mov"
"https://www.justice.gov/epstein/files/Court Records/v. Maxwell, No. 115-cv-07433 (S.D.N.Y. 2015)/EFTA02801031.pdf","https://www.justice.gov/epstein/files/Court Records/v. Maxwell, No. 115-cv-07433 (S.D.N.Y. 2015)/EFTA02801031.mov"
"https://www.justice.gov/epstein/files/Court Records/v. Maxwell, No. 115-cv-07433 (S.D.N.Y. 2015)/EFTA02801047.pdf","https://www.justice.gov/epstein/files/Court Records/v. Maxwell, No. 115-cv-07433 (S.D.N.Y. 2015)/EFTA02801047.mov"
"https://www.justice.gov/epstein/files/Court Records/v. Maxwell, No. 115-cv-07433 (S.D.N.Y. 2015)/EFTA02801057.pdf","https://www.justice.gov/epstein/files/Court Records/v. Maxwell, No. 115-cv-07433 (S.D.N.Y. 2015)/EFTA02801057.mov"
"https://www.justice.gov/epstein/files/Court Records/v. Maxwell, No. 115-cv-07433 (S.D.N.Y. 2015)/EFTA02801257.pdf","https://www.justice.gov/epstein/files/Court Records/v. Maxwell, No. 115-cv-07433 (S.D.N.Y. 2015)/EFTA02801257.mov"
"https://www.justice.gov/epstein/files/Court Records/v. Maxwell, No. 115-cv-07433 (S.D.N.Y. 2015)/EFTA02801270.pdf","https://www.justice.gov/epstein/files/Court Records/v. Maxwell, No. 115-cv-07433 (S.D.N.Y. 2015)/EFTA02801270.mov"
"https://www.justice.gov/epstein/files/Court Records/v. Maxwell, No. 115-cv-07433 (S.D.N.Y. 2015)/EFTA02801272.pdf","https://www.justice.gov/epstein/files/Court Records/v. Maxwell, No. 115-cv-07433 (S.D.N.Y. 2015)/EFTA02801272.mov"
"https://www.justice.gov/epstein/files/Court Records/v. Maxwell, No. 115-cv-07433 (S.D.N.Y. 2015)/EFTA02801301.pdf","https://www.justice.gov/epstein/files/Court Records/v. Maxwell, No. 115-cv-07433 (S.D.N.Y. 2015)/EFTA02801301.mov"
"https://www.justice.gov/epstein/files/Court Records/v. Maxwell, No. 115-cv-07433 (S.D.N.Y. 2015)/EFTA02801321.pdf","https://www.justice.gov/epstein/files/Court Records/v. Maxwell, No. 115-cv-07433 (S.D.N.Y. 2015)/EFTA02801321.mov"
"https://www.justice.gov/epstein/files/Court Records/v. Maxwell, No. 115-cv-07433 (S.D.N.Y. 2015)/EFTA02801411.pdf","https://www.justice.gov/epstein/files/Court Records/v. Maxwell, No. 115-cv-07433 (S.D.N.Y. 2015)/EFTA02801411.mov"
"https://www.justice.gov/epstein/files/Court Records/v. Maxwell, No. 115-cv-07433 (S.D.N.Y. 2015)/EFTA02801431.pdf","https://www.justice.gov/epstein/files/Court Records/v. Maxwell, No. 115-cv-07433 (S.D.N.Y. 2015)/EFTA02801431.mov"
"https://www.justice.gov/epstein/files/Court Records/v. Maxwell, No. 115-cv-07433 (S.D.N.Y. 2015)/EFTA02801573.pdf","https://www.justice.gov/epstein/files/Court Records/v. Maxwell, No. 115-cv-07433 (S.D.N.Y. 2015)/EFTA02801573.mov"
"https://www.justice.gov/epstein/files/Court Records/v. Maxwell, No. 115-cv-07433 (S.D.N.Y. 2015)/EFTA02801582.pdf","https://www.justice.gov/epstein/files/Court Records/v. Maxwell, No. 115-cv-07433 (S.D.N.Y. 2015)/EFTA02801582.mov"
"https://www.justice.gov/epstein/files/Court Records/v. Maxwell, No. 115-cv-07433 (S.D.N.Y. 2015)/EFTA02801660.pdf","https://www.justice.gov/epstein/files/Court Records/v. Maxwell, No. 115-cv-07433 (S.D.N.Y. 2015)/EFTA02801660.mov"
"https://www.justice.gov/epstein/files/Court Records/v. Maxwell, No. 115-cv-07433 (S.D.N.Y. 2015)/EFTA02801839.pdf","https://www.justice.gov/epstein/files/Court Records/v. Maxwell, No. 115-cv-07433 (S.D.N.Y. 2015)/EFTA02801839.mov"
"https://www.justice.gov/epstein/files/Court Records/v. Maxwell, No. 115-cv-07433 (S.D.N.Y. 2015)/EFTA02801956.pdf","https://www.justice.gov/epstein/files/Court Records/v. Maxwell, No. 115-cv-07433 (S.D.N.Y. 2015)/EFTA02801956.mov"
"https://www.justice.gov/epstein/files/Court Records/v. Maxwell, No. 115-cv-07433 (S.D.N.Y. 2015)/EFTA02801977.pdf","https://www.justice.gov/epstein/files/Court Records/v. Maxwell, No. 115-cv-07433 (S.D.N.Y. 2015)/EFTA02801977.mov"
"https://www.justice.gov/epstein/files/Court Records/v. Maxwell, No. 115-cv-07433 (S.D.N.Y. 2015)/EFTA02801986.pdf","https://www.justice.gov/epstein/files/Court Records/v. Maxwell, No. 115-cv-07433 (S.D.N.Y. 2015)/EFTA02801986.mov"
"https://www.justice.gov/epstein/files/Court Records/v. Maxwell, No. 115-cv-07433 (S.D.N.Y. 2015)/EFTA02802021.pdf","https://www.justice.gov/epstein/files/Court Records/v. Maxwell, No. 115-cv-07433 (S.D.N.Y. 2015)/EFTA02802021.mov"
"https://www.justice.gov/epstein/files/Court Records/v. Maxwell, No. 115-cv-07433 (S.D.N.Y. 2015)/EFTA02802258.pdf","https://www.justice.gov/epstein/files/Court Records/v. Maxwell, No. 115-cv-07433 (S.D.N.Y. 2015)/EFTA02802258.mov"
"https://www.justice.gov/epstein/files/Court Records/v. Maxwell, No. 115-cv-07433 (S.D.N.Y. 2015)/EFTA02802267.pdf","https://www.justice.gov/epstein/files/Court Records/v. Maxwell, No. 115-cv-07433 (S.D.N.Y. 2015)/EFTA02802267.mov"
"https://www.justice.gov/epstein/files/Court Records/v. Maxwell, No. 115-cv-07433 (S.D.N.Y. 2015)/EFTA02802268.pdf","https://www.justice.gov/epstein/files/Court Records/v. Maxwell, No. 115-cv-07433 (S.D.N.Y. 2015)/EFTA02802268.mov"
"https://www.justice.gov/epstein/files/Court Records/v. Maxwell, No. 115-cv-07433 (S.D.N.Y. 2015)/EFTA02802332.pdf","https://www.justice.gov/epstein/files/Court Records/v. Maxwell, No. 115-cv-07433 (S.D.N.Y. 2015)/EFTA02802332.mov"
"https://www.justice.gov/epstein/files/Court Records/v. Maxwell, No. 115-cv-07433 (S.D.N.Y. 2015)/EFTA02802392.pdf","https://www.justice.gov/epstein/files/Court Records/v. Maxwell, No. 115-cv-07433 (S.D.N.Y. 2015)/EFTA02802392.mov"
"https://www.justice.gov/epstein/files/Court Records/v. Maxwell, No. 115-cv-07433 (S.D.N.Y. 2015)/EFTA02802399.pdf","https://www.justice.gov/epstein/files/Court Records/v. Maxwell, No. 115-cv-07433 (S.D.N.Y. 2015)/EFTA02802399.mov"
"https://www.justice.gov/epstein/files/Court Records/v. Maxwell, No. 115-cv-07433 (S.D.N.Y. 2015)/EFTA02802407.pdf","https://www.justice.gov/epstein/files/Court Records/v. Maxwell, No. 115-cv-07433 (S.D.N.Y. 2015)/EFTA02802407.mov"
"https://www.justice.gov/epstein/files/Court Records/v. Maxwell, No. 115-cv-07433 (S.D.N.Y. 2015)/EFTA02802483.pdf","https://www.justice.gov/epstein/files/Court Records/v. Maxwell, No. 115-cv-07433 (S.D.N.Y. 2015)/EFTA02802483.mov"
"https://www.justice.gov/epstein/files/Court Records/v. Maxwell, No. 115-cv-07433 (S.D.N.Y. 2015)/EFTA02802622.pdf","https://www.justice.gov/epstein/files/Court Records/v. Maxwell, No. 115-cv-07433 (S.D.N.Y. 2015)/EFTA02802622.mov"
"https://www.justice.gov/epstein/files/Court Records/v. Maxwell, No. 115-cv-07433 (S.D.N.Y. 2015)/EFTA02802689.pdf","https://www.justice.gov/epstein/files/Court Records/v. Maxwell, No. 115-cv-07433 (S.D.N.Y. 2015)/EFTA02802689.mov"
"https://www.justice.gov/epstein/files/Court Records/v. Maxwell, No. 115-cv-07433 (S.D.N.Y. 2015)/EFTA02802774.pdf","https://www.justice.gov/epstein/files/Court Records/v. Maxwell, No. 115-cv-07433 (S.D.N.Y. 2015)/EFTA02802774.mov"
"https://www.justice.gov/epstein/files/Court Records/v. Maxwell, No. 115-cv-07433 (S.D.N.Y. 2015)/EFTA02802974.pdf","https://www.justice.gov/epstein/files/Court Records/v. Maxwell, No. 115-cv-07433 (S.D.N.Y. 2015)/EFTA02802974.mov"
"https://www.justice.gov/epstein/files/Court Records/v. Maxwell, No. 115-cv-07433 (S.D.N.Y. 2015)/EFTA02802987.pdf","https://www.justice.gov/epstein/files/Court Records/v. Maxwell, No. 115-cv-07433 (S.D.N.Y. 2015)/EFTA02802987.mov"
"https://www.justice.gov/epstein/files/Court Records/v. Maxwell, No. 115-cv-07433 (S.D.N.Y. 2015)/EFTA02803030.pdf","https://www.justice.gov/epstein/files/Court Records/v. Maxwell, No. 115-cv-07433 (S.D.N.Y. 2015)/EFTA02803030.mov"
"https://www.justice.gov/epstein/files/Court Records/v. Maxwell, No. 115-cv-07433 (S.D.N.Y. 2015)/EFTA02803045.pdf","https://www.justice.gov/epstein/files/Court Records/v. Maxwell, No. 115-cv-07433 (S.D.N.Y. 2015)/EFTA02803045.mov"
"https://www.justice.gov/epstein/files/Court Records/v. Maxwell, No. 115-cv-07433 (S.D.N.Y. 2015)/EFTA02803088.pdf","https://www.justice.gov/epstein/files/Court Records/v. Maxwell, No. 115-cv-07433 (S.D.N.Y. 2015)/EFTA02803088.mov"
"https://www.justice.gov/epstein/files/Court Records/v. Maxwell, No. 115-cv-07433 (S.D.N.Y. 2015)/EFTA02803304.pdf","https://www.justice.gov/epstein/files/Court Records/v. Maxwell, No. 115-cv-07433 (S.D.N.Y. 2015)/EFTA02803304.mov"
"https://www.justice.gov/epstein/files/Court Records/v. Maxwell, No. 115-cv-07433 (S.D.N.Y. 2015)/EFTA02803305.pdf","https://www.justice.gov/epstein/files/Court Records/v. Maxwell, No. 115-cv-07433 (S.D.N.Y. 2015)/EFTA02803305.mov"
"https://www.justice.gov/epstein/files/Court Records/v. Maxwell, No. 115-cv-07433 (S.D.N.Y. 2015)/EFTA02803313.pdf","https://www.justice.gov/epstein/files/Court Records/v. Maxwell, No. 115-cv-07433 (S.D.N.Y. 2015)/EFTA02803313.mov"
"https://www.justice.gov/epstein/files/Court Records/v. Maxwell, No. 115-cv-07433 (S.D.N.Y. 2015)/EFTA02803375.pdf","https://www.justice.gov/epstein/files/Court Records/v. Maxwell, No. 115-cv-07433 (S.D.N.Y. 2015)/EFTA02803375.mov"
"https://www.justice.gov/epstein/files/Court Records/v. Maxwell, No. 115-cv-07433 (S.D.N.Y. 2015)/EFTA02803378.pdf","https://www.justice.gov/epstein/files/Court Records/v. Maxwell, No. 115-cv-07433 (S.D.N.Y. 2015)/EFTA02803378.mov"
"https://www.justice.gov/epstein/files/Court Records/v. Maxwell, No. 115-cv-07433 (S.D.N.Y. 2015)/EFTA02803618.pdf","https://www.justice.gov/epstein/files/Court Records/v. Maxwell, No. 115-cv-07433 (S.D.N.Y. 2015)/EFTA02803618.mov"
"https://www.justice.gov/epstein/files/Court Records/v. Maxwell, No. 115-cv-07433 (S.D.N.Y. 2015)/EFTA02803625.pdf","https://www.justice.gov/epstein/files/Court Records/v. Maxwell, No. 115-cv-07433 (S.D.N.Y. 2015)/EFTA02803625.mov"
"https://www.justice.gov/epstein/files/Court Records/v. Maxwell, No. 115-cv-07433 (S.D.N.Y. 2015)/EFTA02803660.pdf","https://www.justice.gov/epstein/files/Court Records/v. Maxwell, No. 115-cv-07433 (S.D.N.Y. 2015)/EFTA02803660.mov"
"https://www.justice.gov/epstein/files/Court Records/v. Maxwell, No. 115-cv-07433 (S.D.N.Y. 2015)/EFTA02803671.pdf","https://www.justice.gov/epstein/files/Court Records/v. Maxwell, No. 115-cv-07433 (S.D.N.Y. 2015)/EFTA02803671.mov"
"https://www.justice.gov/epstein/files/Court Records/v. Maxwell, No. 115-cv-07433 (S.D.N.Y. 2015)/EFTA02803706.pdf","https://www.justice.gov/epstein/files/Court Records/v. Maxwell, No. 115-cv-07433 (S.D.N.Y. 2015)/EFTA02803706.mov"
"https://www.justice.gov/epstein/files/Court Records/v. Maxwell, No. 115-cv-07433 (S.D.N.Y. 2015)/EFTA02803779.pdf","https://www.justice.gov/epstein/files/Court Records/v. Maxwell, No. 115-cv-07433 (S.D.N.Y. 2015)/EFTA02803779.mov"
"https://www.justice.gov/epstein/files/Court Records/v. Maxwell, No. 115-cv-07433 (S.D.N.Y. 2015)/EFTA02803883.pdf","https://www.justice.gov/epstein/files/Court Records/v. Maxwell, No. 115-cv-07433 (S.D.N.Y. 2015)/EFTA02803883.mov"
"https://www.justice.gov/epstein/files/Court Records/v. Maxwell, No. 115-cv-07433 (S.D.N.Y. 2015)/EFTA02803884.pdf","https://www.justice.gov/epstein/files/Court Records/v. Maxwell, No. 115-cv-07433 (S.D.N.Y. 2015)/EFTA02803884.mov"
"https://www.justice.gov/epstein/files/Court Records/v. Maxwell, No. 115-cv-07433 (S.D.N.Y. 2015)/EFTA02803892.pdf","https://www.justice.gov/epstein/files/Court Records/v. Maxwell, No. 115-cv-07433 (S.D.N.Y. 2015)/EFTA02803892.mov"
"https://www.justice.gov/epstein/files/Court Records/v. Maxwell, No. 115-cv-07433 (S.D.N.Y. 2015)/EFTA02804608.pdf","https://www.justice.gov/epstein/files/Court Records/v. Maxwell, No. 115-cv-07433 (S.D.N.Y. 2015)/EFTA02804608.mov"
"https://www.justice.gov/epstein/files/Court Records/v. Maxwell, No. 115-cv-07433 (S.D.N.Y. 2015)/EFTA02804663.pdf","https://www.justice.gov/epstein/files/Court Records/v. Maxwell, No. 115-cv-07433 (S.D.N.Y. 2015)/EFTA02804663.mov"
"https://www.justice.gov/epstein/files/Court Records/v. Maxwell, No. 115-cv-07433 (S.D.N.Y. 2015)/EFTA02804695.pdf","https://www.justice.gov/epstein/files/Court Records/v. Maxwell, No. 115-cv-07433 (S.D.N.Y. 2015)/EFTA02804695.mov"
"https://www.justice.gov/epstein/files/Court Records/v. Maxwell, No. 115-cv-07433 (S.D.N.Y. 2015)/EFTA02804754.pdf","https://www.justice.gov/epstein/files/Court Records/v. Maxwell, No. 115-cv-07433 (S.D.N.Y. 2015)/EFTA02804754.mov"
"https://www.justice.gov/epstein/files/Court Records/v. Maxwell, No. 115-cv-07433 (S.D.N.Y. 2015)/EFTA02804803.pdf","https://www.justice.gov/epstein/files/Court Records/v. Maxwell, No. 115-cv-07433 (S.D.N.Y. 2015)/EFTA02804803.mov"
"https://www.justice.gov/epstein/files/Court Records/v. Maxwell, No. 115-cv-07433 (S.D.N.Y. 2015)/EFTA02804836.pdf","https://www.justice.gov/epstein/files/Court Records/v. Maxwell, No. 115-cv-07433 (S.D.N.Y. 2015)/EFTA02804836.mov"
"https://www.justice.gov/epstein/files/Court Records/v. Maxwell, No. 115-cv-07433 (S.D.N.Y. 2015)/EFTA02804837.pdf","https://www.justice.gov/epstein/files/Court Records/v. Maxwell, No. 115-cv-07433 (S.D.N.Y. 2015)/EFTA02804837.mov"
"https://www.justice.gov/epstein/files/Court Records/v. Maxwell, No. 115-cv-07433 (S.D.N.Y. 2015)/EFTA02805054.pdf","https://www.justice.gov/epstein/files/Court Records/v. Maxwell, No. 115-cv-07433 (S.D.N.Y. 2015)/EFTA02805054.mov"
"https://www.justice.gov/epstein/files/Court Records/v. Maxwell, No. 115-cv-07433 (S.D.N.Y. 2015)/EFTA02805060.pdf","https://www.justice.gov/epstein/files/Court Records/v. Maxwell, No. 115-cv-07433 (S.D.N.Y. 2015)/EFTA02805060.mov"
"https://www.justice.gov/epstein/files/Court Records/v. Maxwell, No. 115-cv-07433 (S.D.N.Y. 2015)/EFTA02805067.pdf","https://www.justice.gov/epstein/files/Court Records/v. Maxwell, No. 115-cv-07433 (S.D.N.Y. 2015)/EFTA02805067.mov"
"https://www.justice.gov/epstein/files/Court Records/v. Maxwell, No. 115-cv-07433 (S.D.N.Y. 2015)/EFTA02805084.pdf","https://www.justice.gov/epstein/files/Court Records/v. Maxwell, No. 115-cv-07433 (S.D.N.Y. 2015)/EFTA02805084.mov"
"https://www.justice.gov/epstein/files/Court Records/v. Maxwell, No. 115-cv-07433 (S.D.N.Y. 2015)/EFTA02805089.pdf","https://www.justice.gov/epstein/files/Court Records/v. Maxwell, No. 115-cv-07433 (S.D.N.Y. 2015)/EFTA02805089.mov"
"https://www.justice.gov/epstein/files/Court Records/v. Maxwell, No. 115-cv-07433 (S.D.N.Y. 2015)/EFTA02805171.pdf","https://www.justice.gov/epstein/files/Court Records/v. Maxwell, No. 115-cv-07433 (S.D.N.Y. 2015)/EFTA02805171.mov"
"https://www.justice.gov/epstein/files/Court Records/v. Maxwell, No. 115-cv-07433 (S.D.N.Y. 2015)/EFTA02805391.pdf","https://www.justice.gov/epstein/files/Court Records/v. Maxwell, No. 115-cv-07433 (S.D.N.Y. 2015)/EFTA02805391.mov"
"https://www.justice.gov/epstein/files/Court Records/v. Maxwell, No. 117-mc-00025 (S.D.N.Y. 2016)/EFTA02758843.pdf","https://www.justice.gov/epstein/files/Court Records/v. Maxwell, No. 117-mc-00025 (S.D.N.Y. 2016)/EFTA02758843.mov"
"https://www.justice.gov/epstein/files/Court Records/v. Maxwell, No. 117-mc-00025 (S.D.N.Y. 2016)/EFTA02758885.pdf","https://www.justice.gov/epstein/files/Court Records/v. Maxwell, No. 117-mc-00025 (S.D.N.Y. 2016)/EFTA02758885.mov"
"https://www.justice.gov/epstein/files/Court Records/v. Maxwell, No. 117-mc-00025 (S.D.N.Y. 2016)/EFTA02758892.pdf","https://www.justice.gov/epstein/files/Court Records/v. Maxwell, No. 117-mc-00025 (S.D.N.Y. 2016)/EFTA02758892.mov"
"https://www.justice.gov/epstein/files/Court Records/v. Maxwell, No. 117-mc-00025 (S.D.N.Y. 2016)/EFTA02758974.pdf","https://www.justice.gov/epstein/files/Court Records/v. Maxwell, No. 117-mc-00025 (S.D.N.Y. 2016)/EFTA02758974.mov"
"https://www.justice.gov/epstein/files/Court Records/v. Maxwell, No. 117-mc-00025 (S.D.N.Y. 2016)/EFTA02759020.pdf","https://www.justice.gov/epstein/files/Court Records/v. Maxwell, No. 117-mc-00025 (S.D.N.Y. 2016)/EFTA02759020.mov"
"https://www.justice.gov/epstein/files/Court Records/v. Nine East 71st Street, No. 119-cv-07625 (S.D.N.Y. 2019)/EFTA02845999.pdf","https://www.justice.gov/epstein/files/Court Records/v. Nine East 71st Street, No. 119-cv-07625 (S.D.N.Y. 2019)/EFTA02845999.mov"
"https://www.justice.gov/epstein/files/Court Records/v. Nine East 71st Street, No. 119-cv-07625 (S.D.N.Y. 2019)/EFTA02846030.pdf","https://www.justice.gov/epstein/files/Court Records/v. Nine East 71st Street, No. 119-cv-07625 (S.D.N.Y. 2019)/EFTA02846030.mov"
"https://www.justice.gov/epstein/files/Court Records/v. Nine East 71st Street, No. 119-cv-07625 (S.D.N.Y. 2019)/EFTA02846099.pdf","https://www.justice.gov/epstein/files/Court Records/v. Nine East 71st Street, No. 119-cv-07625 (S.D.N.Y. 2019)/EFTA02846099.mov"
"https://www.justice.gov/epstein/files/Court Records/v. Nine East 71st Street, No. 119-cv-07625 (S.D.N.Y. 2019)/EFTA02846101.pdf","https://www.justice.gov/epstein/files/Court Records/v. Nine East 71st Street, No. 119-cv-07625 (S.D.N.Y. 2019)/EFTA02846101.mov"
"https://www.justice.gov/epstein/files/Court Records/v. Nine East 71st Street, No. 119-cv-07625 (S.D.N.Y. 2019)/EFTA02846103.pdf","https://www.justice.gov/epstein/files/Court Records/v. Nine East 71st Street, No. 119-cv-07625 (S.D.N.Y. 2019)/EFTA02846103.mov"
"https://www.justice.gov/epstein/files/Court Records/v. Nine East 71st Street, No. 119-cv-07625 (S.D.N.Y. 2019)/EFTA02846125.pdf","https://www.justice.gov/epstein/files/Court Records/v. Nine East 71st Street, No. 119-cv-07625 (S.D.N.Y. 2019)/EFTA02846125.mov"
"https://www.justice.gov/epstein/files/Court Records/v. Nine East 71st Street, No. 119-cv-07625 (S.D.N.Y. 2019)/EFTA02846245.pdf","https://www.justice.gov/epstein/files/Court Records/v. Nine East 71st Street, No. 119-cv-07625 (S.D.N.Y. 2019)/EFTA02846245.mov"
"https://www.justice.gov/epstein/files/Court Records/v. Nine East 71st Street, No. 119-cv-07625 (S.D.N.Y. 2019)/EFTA02846411.pdf","https://www.justice.gov/epstein/files/Court Records/v. Nine East 71st Street, No. 119-cv-07625 (S.D.N.Y. 2019)/EFTA02846411.mov"
"https://www.justice.gov/epstein/files/Court Records/v. Nine East 71st Street, No. 119-cv-07625 (S.D.N.Y. 2019)/EFTA02846445.pdf","https://www.justice.gov/epstein/files/Court Records/v. Nine East 71st Street, No. 119-cv-07625 (S.D.N.Y. 2019)/EFTA02846445.mov"
"https://www.justice.gov/epstein/files/Court Records/v. Nine East 71st Street, No. 119-cv-07625 (S.D.N.Y. 2019)/EFTA02846447.pdf","https://www.justice.gov/epstein/files/Court Records/v. Nine East 71st Street, No. 119-cv-07625 (S.D.N.Y. 2019)/EFTA02846447.mov"
"https://www.justice.gov/epstein/files/Court Records/v. Nine East 71st Street, No. 119-cv-07625 (S.D.N.Y. 2019)/EFTA02846450.pdf","https://www.justice.gov/epstein/files/Court Records/v. Nine East 71st Street, No. 119-cv-07625 (S.D.N.Y. 2019)/EFTA02846450.mov"
https://www.justice.gov/epstein/files/DataSet 10/EFTA01263089.pdf,https://www.justice.gov/epstein/files/DataSet 10/EFTA01263089.mov
https://www.justice.gov/epstein/files/DataSet 10/EFTA01266040.pdf,https://www.justice.gov/epstein/files/DataSet 10/EFTA01266040.mov
https://www.justice.gov/epstein/files/DataSet 10/EFTA01266074.pdf,https://www.justice.gov/epstein/files/DataSet 10/EFTA01266074.mov
https://www.justice.gov/epstein/files/DataSet 10/EFTA01266108.pdf,https://www.justice.gov/epstein/files/DataSet 10/EFTA01266108.mov
https://www.justice.gov/epstein/files/DataSet 10/EFTA01268470.pdf,https://www.justice.gov/epstein/files/DataSet 10/EFTA01268470.mov
https://www.justice.gov/epstein/files/DataSet 10/EFTA01268555.pdf,https://www.justice.gov/epstein/files/DataSet 10/EFTA01268555.mov
https://www.justice.gov/epstein/files/DataSet 10/EFTA01273249.pdf,https://www.justice.gov/epstein/files/DataSet 10/EFTA01273249.mov
https://www.justice.gov/epstein/files/DataSet 10/EFTA01276243.pdf,https://www.justice.gov/epstein/files/DataSet 10/EFTA01276243.mov
https://www.justice.gov/epstein/files/DataSet 10/EFTA01278123.pdf,https://www.justice.gov/epstein/files/DataSet 10/EFTA01278123.mov
https://www.justice.gov/epstein/files/DataSet 10/EFTA01279943.pdf,https://www.justice.gov/epstein/files/DataSet 10/EFTA01279943.mov
https://www.justice.gov/epstein/files/DataSet 10/EFTA01280549.pdf,https://www.justice.gov/epstein/files/DataSet 10/EFTA01280549.mov
https://www.justice.gov/epstein/files/DataSet 10/EFTA01281081.pdf,https://www.justice.gov/epstein/files/DataSet 10/EFTA01281081.mov
https://www.justice.gov/epstein/files/DataSet 10/EFTA01281303.pdf,https://www.justice.gov/epstein/files/DataSet 10/EFTA01281303.mov
https://www.justice.gov/epstein/files/DataSet 10/EFTA01281876.pdf,https://www.justice.gov/epstein/files/DataSet 10/EFTA01281876.mov
https://www.justice.gov/epstein/files/DataSet 10/EFTA01282628.pdf,https://www.justice.gov/epstein/files/DataSet 10/EFTA01282628.mov
https://www.justice.gov/epstein/files/DataSet 10/EFTA01282820.pdf,https://www.justice.gov/epstein/files/DataSet 10/EFTA01282820.mov
https://www.justice.gov/epstein/files/DataSet 10/EFTA01284574.pdf,https://www.justice.gov/epstein/files/DataSet 10/EFTA01284574.mov
https://www.justice.gov/epstein/files/DataSet 10/EFTA01284906.pdf,https://www.justice.gov/epstein/files/DataSet 10/EFTA01284906.mov
https://www.justice.gov/epstein/files/DataSet 10/EFTA01285012.pdf,https://www.justice.gov/epstein/files/DataSet 10/EFTA01285012.mov
https://www.justice.gov/epstein/files/DataSet 10/EFTA01285449.pdf,https://www.justice.gov/epstein/files/DataSet 10/EFTA01285449.mov
https://www.justice.gov/epstein/files/DataSet 10/EFTA01285797.pdf,https://www.justice.gov/epstein/files/DataSet 10/EFTA01285797.mov
https://www.justice.gov/epstein/files/DataSet 10/EFTA01286183.pdf,https://www.justice.gov/epstein/files/DataSet 10/EFTA01286183.mov
https://www.justice.gov/epstein/files/DataSet 10/EFTA01287156.pdf,https://www.justice.gov/epstein/files/DataSet 10/EFTA01287156.mov
https://www.justice.gov/epstein/files/DataSet 10/EFTA01287708.pdf,https://www.justice.gov/epstein/files/DataSet 10/EFTA01287708.mov
https://www.justice.gov/epstein/files/DataSet 10/EFTA01287947.pdf,https://www.justice.gov/epstein/files/DataSet 10/EFTA01287947.mov
https://www.justice.gov/epstein/files/DataSet 10/EFTA01288022.pdf,https://www.justice.gov/epstein/files/DataSet 10/EFTA01288022.mov
https://www.justice.gov/epstein/files/DataSet 10/EFTA01288348.pdf,https://www.justice.gov/epstein/files/DataSet 10/EFTA01288348.mov
https://www.justice.gov/epstein/files/DataSet 10/EFTA01293126.pdf,https://www.justice.gov/epstein/files/DataSet 10/EFTA01293126.mov
https://www.justice.gov/epstein/files/DataSet 10/EFTA01295143.pdf,https://www.justice.gov/epstein/files/DataSet 10/EFTA01295143.mov
https://www.justice.gov/epstein/files/DataSet 10/EFTA01295339.pdf,https://www.justice.gov/epstein/files/DataSet 10/EFTA01295339.mov
https://www.justice.gov/epstein/files/DataSet 10/EFTA01296016.pdf,https://www.justice.gov/epstein/files/DataSet 10/EFTA01296016.mov
https://www.justice.gov/epstein/files/DataSet 10/EFTA01296170.pdf,https://www.justice.gov/epstein/files/DataSet 10/EFTA01296170.mov
https://www.justice.gov/epstein/files/DataSet 10/EFTA01297422.pdf,https://www.justice.gov/epstein/files/DataSet 10/EFTA01297422.mov
https://www.justice.gov/epstein/files/DataSet 10/EFTA01298364.pdf,https://www.justice.gov/epstein/files/DataSet 10/EFTA01298364.mov
https://www.justice.gov/epstein/files/DataSet 10/EFTA01298498.pdf,https://www.justice.gov/epstein/files/DataSet 10/EFTA01298498.mov
https://www.justice.gov/epstein/files/DataSet 10/EFTA01298561.pdf,https://www.justice.gov/epstein/files/DataSet 10/EFTA01298561.mov
https://www.justice.gov/epstein/files/DataSet 10/EFTA01298564.pdf,https://www.justice.gov/epstein/files/DataSet 10/EFTA01298564.mov
https://www.justice.gov/epstein/files/DataSet 10/EFTA01298585.pdf,https://www.justice.gov/epstein/files/DataSet 10/EFTA01298585.mov
https://www.justice.gov/epstein/files/DataSet 10/EFTA01298641.pdf,https://www.justice.gov/epstein/files/DataSet 10/EFTA01298641.mov
https://www.justice.gov/epstein/files/DataSet 10/EFTA01299472.pdf,https://www.justice.gov/epstein/files/DataSet 10/EFTA01299472.mov
https://www.justice.gov/epstein/files/DataSet 10/EFTA01299722.pdf,https://www.justice.gov/epstein/files/DataSet 10/EFTA01299722.mov
https://www.justice.gov/epstein/files/DataSet 10/EFTA01299731.pdf,https://www.justice.gov/epstein/files/DataSet 10/EFTA01299731.mov
https://www.justice.gov/epstein/files/DataSet 10/EFTA01303785.pdf,https://www.justice.gov/epstein/files/DataSet 10/EFTA01303785.mov
https://www.justice.gov/epstein/files/DataSet 10/EFTA01307282.pdf,https://www.justice.gov/epstein/files/DataSet 10/EFTA01307282.mov
https://www.justice.gov/epstein/files/DataSet 10/EFTA01307795.pdf,https://www.justice.gov/epstein/files/DataSet 10/EFTA01307795.mov
https://www.justice.gov/epstein/files/DataSet 10/EFTA01309593.pdf,https://www.justice.gov/epstein/files/DataSet 10/EFTA01309593.mov
https://www.justice.gov/epstein/files/DataSet 10/EFTA01311890.pdf,https://www.justice.gov/epstein/files/DataSet 10/EFTA01311890.mov
https://www.justice.gov/epstein/files/DataSet 10/EFTA01334105.pdf,https://www.justice.gov/epstein/files/DataSet 10/EFTA01334105.mov
https://www.justice.gov/epstein/files/DataSet 10/EFTA01334123.pdf,https://www.justice.gov/epstein/files/DataSet 10/EFTA01334123.mov
https://www.justice.gov/epstein/files/DataSet 10/EFTA01334259.pdf,https://www.justice.gov/epstein/files/DataSet 10/EFTA01334259.mov
https://www.justice.gov/epstein/files/DataSet 10/EFTA01335688.pdf,https://www.justice.gov/epstein/files/DataSet 10/EFTA01335688.mov
https://www.justice.gov/epstein/files/DataSet 10/EFTA01338364.pdf,https://www.justice.gov/epstein/files/DataSet 10/EFTA01338364.mov
https://www.justice.gov/epstein/files/DataSet 10/EFTA01343927.pdf,https://www.justice.gov/epstein/files/DataSet 10/EFTA01343927.mov
https://www.justice.gov/epstein/files/DataSet 10/EFTA01343955.pdf,https://www.justice.gov/epstein/files/DataSet 10/EFTA01343955.mov
https://www.justice.gov/epstein/files/DataSet 10/EFTA01344006.pdf,https://www.justice.gov/epstein/files/DataSet 10/EFTA01344006.mov
https://www.justice.gov/epstein/files/DataSet 10/EFTA01344111.pdf,https://www.justice.gov/epstein/files/DataSet 10/EFTA01344111.mov
https://www.justice.gov/epstein/files/DataSet 10/EFTA01344116.pdf,https://www.justice.gov/epstein/files/DataSet 10/EFTA01344116.mov
https://www.justice.gov/epstein/files/DataSet 10/EFTA01345107.pdf,https://www.justice.gov/epstein/files/DataSet 10/EFTA01345107.mov
https://www.justice.gov/epstein/files/DataSet 10/EFTA01345473.pdf,https://www.justice.gov/epstein/files/DataSet 10/EFTA01345473.mov
https://www.justice.gov/epstein/files/DataSet 10/EFTA01346403.pdf,https://www.justice.gov/epstein/files/DataSet 10/EFTA01346403.mov
https://www.justice.gov/epstein/files/DataSet 10/EFTA01347387.pdf,https://www.justice.gov/epstein/files/DataSet 10/EFTA01347387.mov
https://www.justice.gov/epstein/files/DataSet 10/EFTA01347401.pdf,https://www.justice.gov/epstein/files/DataSet 10/EFTA01347401.mov
https://www.justice.gov/epstein/files/DataSet 10/EFTA01347489.pdf,https://www.justice.gov/epstein/files/DataSet 10/EFTA01347489.mov
https://www.justice.gov/epstein/files/DataSet 10/EFTA01347751.pdf,https://www.justice.gov/epstein/files/DataSet 10/EFTA01347751.mov
https://www.justice.gov/epstein/files/DataSet 10/EFTA01347888.pdf,https://www.justice.gov/epstein/files/DataSet 10/EFTA01347888.mov
https://www.justice.gov/epstein/files/DataSet 10/EFTA01348329.pdf,https://www.justice.gov/epstein/files/DataSet 10/EFTA01348329.mov
https://www.justice.gov/epstein/files/DataSet 10/EFTA01348355.pdf,https://www.justice.gov/epstein/files/DataSet 10/EFTA01348355.mov
https://www.justice.gov/epstein/files/DataSet 10/EFTA01348437.pdf,https://www.justice.gov/epstein/files/DataSet 10/EFTA01348437.mov
https://www.justice.gov/epstein/files/DataSet 10/EFTA01350743.pdf,https://www.justice.gov/epstein/files/DataSet 10/EFTA01350743.mov
https://www.justice.gov/epstein/files/DataSet 10/EFTA01350895.pdf,https://www.justice.gov/epstein/files/DataSet 10/EFTA01350895.mov
https://www.justice.gov/epstein/files/DataSet 10/EFTA01350899.pdf,https://www.justice.gov/epstein/files/DataSet 10/EFTA01350899.mov
https://www.justice.gov/epstein/files/DataSet 10/EFTA01350966.pdf,https://www.justice.gov/epstein/files/DataSet 10/EFTA01350966.mov
https://www.justice.gov/epstein/files/DataSet 10/EFTA01353667.pdf,https://www.justice.gov/epstein/files/DataSet 10/EFTA01353667.mov
https://www.justice.gov/epstein/files/DataSet 10/EFTA01353669.pdf,https://www.justice.gov/epstein/files/DataSet 10/EFTA01353669.mov
https://www.justice.gov/epstein/files/DataSet 10/EFTA01353711.pdf,https://www.justice.gov/epstein/files/DataSet 10/EFTA01353711.mov
https://www.justice.gov/epstein/files/DataSet 10/EFTA01353860.pdf,https://www.justice.gov/epstein/files/DataSet 10/EFTA01353860.mov
https://www.justice.gov/epstein/files/DataSet 10/EFTA01354262.pdf,https://www.justice.gov/epstein/files/DataSet 10/EFTA01354262.mov
https://www.justice.gov/epstein/files/DataSet 10/EFTA01354358.pdf,https://www.justice.gov/epstein/files/DataSet 10/EFTA01354358.mov
https://www.justice.gov/epstein/files/DataSet 10/EFTA01354676.pdf,https://www.justice.gov/epstein/files/DataSet 10/EFTA01354676.mov
https://www.justice.gov/epstein/files/DataSet 10/EFTA01354791.pdf,https://www.justice.gov/epstein/files/DataSet 10/EFTA01354791.mov
https://www.justice.gov/epstein/files/DataSet 10/EFTA01354800.pdf,https://www.justice.gov/epstein/files/DataSet 10/EFTA01354800.mov
https://www.justice.gov/epstein/files/DataSet 10/EFTA01354837.pdf,https://www.justice.gov/epstein/files/DataSet 10/EFTA01354837.mov
https://www.justice.gov/epstein/files/DataSet 10/EFTA01355019.pdf,https://www.justice.gov/epstein/files/DataSet 10/EFTA01355019.mov
https://www.justice.gov/epstein/files/DataSet 10/EFTA01355020.pdf,https://www.justice.gov/epstein/files/DataSet 10/EFTA01355020.mov
https://www.justice.gov/epstein/files/DataSet 10/EFTA01355025.pdf,https://www.justice.gov/epstein/files/DataSet 10/EFTA01355025.mov
https://www.justice.gov/epstein/files/DataSet 10/EFTA01355206.pdf,https://www.justice.gov/epstein/files/DataSet 10/EFTA01355206.mov
https://www.justice.gov/epstein/files/DataSet 10/EFTA01355211.pdf,https://www.justice.gov/epstein/files/DataSet 10/EFTA01355211.mov
https://www.justice.gov/epstein/files/DataSet 10/EFTA01355275.pdf,https://www.justice.gov/epstein/files/DataSet 10/EFTA01355275.mov
https://www.justice.gov/epstein/files/DataSet 10/EFTA01355350.pdf,https://www.justice.gov/epstein/files/DataSet 10/EFTA01355350.mov
https://www.justice.gov/epstein/files/DataSet 10/EFTA01355501.pdf,https://www.justice.gov/epstein/files/DataSet 10/EFTA01355501.mov
https://www.justice.gov/epstein/files/DataSet 10/EFTA01355615.pdf,https://www.justice.gov/epstein/files/DataSet 10/EFTA01355615.mov
https://www.justice.gov/epstein/files/DataSet 10/EFTA01355625.pdf,https://www.justice.gov/epstein/files/DataSet 10/EFTA01355625.mov
https://www.justice.gov/epstein/files/DataSet 10/EFTA01355626.pdf,https://www.justice.gov/epstein/files/DataSet 10/EFTA01355626.mov
https://www.justice.gov/epstein/files/DataSet 10/EFTA01355836.pdf,https://www.justice.gov/epstein/files/DataSet 10/EFTA01355836.mov
https://www.justice.gov/epstein/files/DataSet 10/EFTA01355895.pdf,https://www.justice.gov/epstein/files/DataSet 10/EFTA01355895.mov
https://www.justice.gov/epstein/files/DataSet 10/EFTA01355926.pdf,https://www.justice.gov/epstein/files/DataSet 10/EFTA01355926.mov
https://www.justice.gov/epstein/files/DataSet 10/EFTA01355969.pdf,https://www.justice.gov/epstein/files/DataSet 10/EFTA01355969.mov
https://www.justice.gov/epstein/files/DataSet 10/EFTA01356026.pdf,https://www.justice.gov/epstein/files/DataSet 10/EFTA01356026.mov
https://www.justice.gov/epstein/files/DataSet 10/EFTA01356099.pdf,https://www.justice.gov/epstein/files/DataSet 10/EFTA01356099.mov
https://www.justice.gov/epstein/files/DataSet 10/EFTA01356320.pdf,https://www.justice.gov/epstein/files/DataSet 10/EFTA01356320.mov
https://www.justice.gov/epstein/files/DataSet 10/EFTA01356937.pdf,https://www.justice.gov/epstein/files/DataSet 10/EFTA01356937.mov
https://www.justice.gov/epstein/files/DataSet 10/EFTA01356980.pdf,https://www.justice.gov/epstein/files/DataSet 10/EFTA01356980.mov
https://www.justice.gov/epstein/files/DataSet 10/EFTA01357130.pdf,https://www.justice.gov/epstein/files/DataSet 10/EFTA01357130.mov
https://www.justice.gov/epstein/files/DataSet 10/EFTA01357255.pdf,https://www.justice.gov/epstein/files/DataSet 10/EFTA01357255.mov
https://www.justice.gov/epstein/files/DataSet 10/EFTA01357511.pdf,https://www.justice.gov/epstein/files/DataSet 10/EFTA01357511.mov
https://www.justice.gov/epstein/files/DataSet 10/EFTA01357950.pdf,https://www.justice.gov/epstein/files/DataSet 10/EFTA01357950.mov
https://www.justice.gov/epstein/files/DataSet 10/EFTA01357974.pdf,https://www.justice.gov/epstein/files/DataSet 10/EFTA01357974.mov
https://www.justice.gov/epstein/files/DataSet 10/EFTA01358181.pdf,https://www.justice.gov/epstein/files/DataSet 10/EFTA01358181.mov
https://www.justice.gov/epstein/files/DataSet 10/EFTA01358232.pdf,https://www.justice.gov/epstein/files/DataSet 10/EFTA01358232.mov
https://www.justice.gov/epstein/files/DataSet 10/EFTA01358599.pdf,https://www.justice.gov/epstein/files/DataSet 10/EFTA01358599.mov
https://www.justice.gov/epstein/files/DataSet 10/EFTA01358866.pdf,https://www.justice.gov/epstein/files/DataSet 10/EFTA01358866.mov
https://www.justice.gov/epstein/files/DataSet 10/EFTA01359025.pdf,https://www.justice.gov/epstein/files/DataSet 10/EFTA01359025.mov
https://www.justice.gov/epstein/files/DataSet 10/EFTA01359026.pdf,https://www.justice.gov/epstein/files/DataSet 10/EFTA01359026.mov
https://www.justice.gov/epstein/files/DataSet 10/EFTA01359173.pdf,https://www.justice.gov/epstein/files/DataSet 10/EFTA01359173.mov
https://www.justice.gov/epstein/files/DataSet 10/EFTA01359259.pdf,https://www.justice.gov/epstein/files/DataSet 10/EFTA01359259.mov
https://www.justice.gov/epstein/files/DataSet 10/EFTA01359268.pdf,https://www.justice.gov/epstein/files/DataSet 10/EFTA01359268.mov
https://www.justice.gov/epstein/files/DataSet 10/EFTA01359465.pdf,https://www.justice.gov/epstein/files/DataSet 10/EFTA01359465.mov
https://www.justice.gov/epstein/files/DataSet 10/EFTA01359613.pdf,https://www.justice.gov/epstein/files/DataSet 10/EFTA01359613.mov
https://www.justice.gov/epstein/files/DataSet 10/EFTA01359614.pdf,https://www.justice.gov/epstein/files/DataSet 10/EFTA01359614.mov
https://www.justice.gov/epstein/files/DataSet 10/EFTA01359616.pdf,https://www.justice.gov/epstein/files/DataSet 10/EFTA01359616.mov
https://www.justice.gov/epstein/files/DataSet 10/EFTA01359768.pdf,https://www.justice.gov/epstein/files/DataSet 10/EFTA01359768.mov
https://www.justice.gov/epstein/files/DataSet 10/EFTA01359806.pdf,https://www.justice.gov/epstein/files/DataSet 10/EFTA01359806.mov
https://www.justice.gov/epstein/files/DataSet 10/EFTA01359895.pdf,https://www.justice.gov/epstein/files/DataSet 10/EFTA01359895.mov
https://www.justice.gov/epstein/files/DataSet 10/EFTA01359942.pdf,https://www.justice.gov/epstein/files/DataSet 10/EFTA01359942.mov
https://www.justice.gov/epstein/files/DataSet 10/EFTA01360226.pdf,https://www.justice.gov/epstein/files/DataSet 10/EFTA01360226.mov
https://www.justice.gov/epstein/files/DataSet 10/EFTA01360227.pdf,https://www.justice.gov/epstein/files/DataSet 10/EFTA01360227.mov
https://www.justice.gov/epstein/files/DataSet 10/EFTA01360286.pdf,https://www.justice.gov/epstein/files/DataSet 10/EFTA01360286.mov
https://www.justice.gov/epstein/files/DataSet 10/EFTA01360305.pdf,https://www.justice.gov/epstein/files/DataSet 10/EFTA01360305.mov
https://www.justice.gov/epstein/files/DataSet 10/EFTA01360364.pdf,https://www.justice.gov/epstein/files/DataSet 10/EFTA01360364.mov
https://www.justice.gov/epstein/files/DataSet 10/EFTA01360382.pdf,https://www.justice.gov/epstein/files/DataSet 10/EFTA01360382.mov
https://www.justice.gov/epstein/files/DataSet 10/EFTA01360784.pdf,https://www.justice.gov/epstein/files/DataSet 10/EFTA01360784.mov
https://www.justice.gov/epstein/files/DataSet 10/EFTA01360869.pdf,https://www.justice.gov/epstein/files/DataSet 10/EFTA01360869.mov
https://www.justice.gov/epstein/files/DataSet 10/EFTA01360957.pdf,https://www.justice.gov/epstein/files/DataSet 10/EFTA01360957.mov
https://www.justice.gov/epstein/files/DataSet 10/EFTA01360990.pdf,https://www.justice.gov/epstein/files/DataSet 10/EFTA01360990.mov
https://www.justice.gov/epstein/files/DataSet 10/EFTA01361042.pdf,https://www.justice.gov/epstein/files/DataSet 10/EFTA01361042.mov
https://www.justice.gov/epstein/files/DataSet 10/EFTA01361070.pdf,https://www.justice.gov/epstein/files/DataSet 10/EFTA01361070.mov
https://www.justice.gov/epstein/files/DataSet 10/EFTA01361108.pdf,https://www.justice.gov/epstein/files/DataSet 10/EFTA01361108.mov
https://www.justice.gov/epstein/files/DataSet 10/EFTA01361128.pdf,https://www.justice.gov/epstein/files/DataSet 10/EFTA01361128.mov
https://www.justice.gov/epstein/files/DataSet 10/EFTA01361152.pdf,https://www.justice.gov/epstein/files/DataSet 10/EFTA01361152.mov
https://www.justice.gov/epstein/files/DataSet 10/EFTA01361170.pdf,https://www.justice.gov/epstein/files/DataSet 10/EFTA01361170.mov
https://www.justice.gov/epstein/files/DataSet 10/EFTA01361221.pdf,https://www.justice.gov/epstein/files/DataSet 10/EFTA01361221.mov
https://www.justice.gov/epstein/files/DataSet 10/EFTA01361239.pdf,https://www.justice.gov/epstein/files/DataSet 10/EFTA01361239.mov
https://www.justice.gov/epstein/files/DataSet 10/EFTA01361270.pdf,https://www.justice.gov/epstein/files/DataSet 10/EFTA01361270.mov
https://www.justice.gov/epstein/files/DataSet 10/EFTA01361279.pdf,https://www.justice.gov/epstein/files/DataSet 10/EFTA01361279.mov
https://www.justice.gov/epstein/files/DataSet 10/EFTA01362736.pdf,https://www.justice.gov/epstein/files/DataSet 10/EFTA01362736.mov
https://www.justice.gov/epstein/files/DataSet 10/EFTA01363367.pdf,https://www.justice.gov/epstein/files/DataSet 10/EFTA01363367.mov
https://www.justice.gov/epstein/files/DataSet 10/EFTA01364181.pdf,https://www.justice.gov/epstein/files/DataSet 10/EFTA01364181.mov
https://www.justice.gov/epstein/files/DataSet 10/EFTA01364755.pdf,https://www.justice.gov/epstein/files/DataSet 10/EFTA01364755.mov
https://www.justice.gov/epstein/files/DataSet 10/EFTA01364888.pdf,https://www.justice.gov/epstein/files/DataSet 10/EFTA01364888.mov
https://www.justice.gov/epstein/files/DataSet 10/EFTA01365017.pdf,https://www.justice.gov/epstein/files/DataSet 10/EFTA01365017.mov
https://www.justice.gov/epstein/files/DataSet 10/EFTA01365282.pdf,https://www.justice.gov/epstein/files/DataSet 10/EFTA01365282.mov
https://www.justice.gov/epstein/files/DataSet 10/EFTA01365373.pdf,https://www.justice.gov/epstein/files/DataSet 10/EFTA01365373.mov
https://www.justice.gov/epstein/files/DataSet 10/EFTA01365392.pdf,https://www.justice.gov/epstein/files/DataSet 10/EFTA01365392.mov
https://www.justice.gov/epstein/files/DataSet 10/EFTA01365405.pdf,https://www.justice.gov/epstein/files/DataSet 10/EFTA01365405.mov
https://www.justice.gov/epstein/files/DataSet 10/EFTA01365617.pdf,https://www.justice.gov/epstein/files/DataSet 10/EFTA01365617.mov
https://www.justice.gov/epstein/files/DataSet 10/EFTA01365857.pdf,https://www.justice.gov/epstein/files/DataSet 10/EFTA01365857.mov
https://www.justice.gov/epstein/files/DataSet 10/EFTA01365860.pdf,https://www.justice.gov/epstein/files/DataSet 10/EFTA01365860.mov
https://www.justice.gov/epstein/files/DataSet 10/EFTA01365861.pdf,https://www.justice.gov/epstein/files/DataSet 10/EFTA01365861.mov
https://www.justice.gov/epstein/files/DataSet 10/EFTA01366420.pdf,https://www.justice.gov/epstein/files/DataSet 10/EFTA01366420.mov
https://www.justice.gov/epstein/files/DataSet 10/EFTA01367293.pdf,https://www.justice.gov/epstein/files/DataSet 10/EFTA01367293.mov
https://www.justice.gov/epstein/files/DataSet 10/EFTA01368820.pdf,https://www.justice.gov/epstein/files/DataSet 10/EFTA01368820.mov
https://www.justice.gov/epstein/files/DataSet 10/EFTA01368884.pdf,https://www.justice.gov/epstein/files/DataSet 10/EFTA01368884.mov
https://www.justice.gov/epstein/files/DataSet 10/EFTA01369135.pdf,https://www.justice.gov/epstein/files/DataSet 10/EFTA01369135.mov
https://www.justice.gov/epstein/files/DataSet 10/EFTA01369142.pdf,https://www.justice.gov/epstein/files/DataSet 10/EFTA01369142.mov
https://www.justice.gov/epstein/files/DataSet 10/EFTA01369894.pdf,https://www.justice.gov/epstein/files/DataSet 10/EFTA01369894.mov
https://www.justice.gov/epstein/files/DataSet 10/EFTA01369907.pdf,https://www.justice.gov/epstein/files/DataSet 10/EFTA01369907.mov
https://www.justice.gov/epstein/files/DataSet 10/EFTA01370565.pdf,https://www.justice.gov/epstein/files/DataSet 10/EFTA01370565.mov
https://www.justice.gov/epstein/files/DataSet 10/EFTA01370575.pdf,https://www.justice.gov/epstein/files/DataSet 10/EFTA01370575.mov
https://www.justice.gov/epstein/files/DataSet 10/EFTA01370851.pdf,https://www.justice.gov/epstein/files/DataSet 10/EFTA01370851.mov
https://www.justice.gov/epstein/files/DataSet 10/EFTA01371372.pdf,https://www.justice.gov/epstein/files/DataSet 10/EFTA01371372.mov
https://www.justice.gov/epstein/files/DataSet 10/EFTA01374025.pdf,https://www.justice.gov/epstein/files/DataSet 10/EFTA01374025.mov
https://www.justice.gov/epstein/files/DataSet 10/EFTA01374854.pdf,https://www.justice.gov/epstein/files/DataSet 10/EFTA01374854.mov
https://www.justice.gov/epstein/files/DataSet 10/EFTA01375335.pdf,https://www.justice.gov/epstein/files/DataSet 10/EFTA01375335.mov
https://www.justice.gov/epstein/files/DataSet 10/EFTA01376409.pdf,https://www.justice.gov/epstein/files/DataSet 10/EFTA01376409.mov
https://www.justice.gov/epstein/files/DataSet 10/EFTA01376963.pdf,https://www.justice.gov/epstein/files/DataSet 10/EFTA01376963.mov
https://www.justice.gov/epstein/files/DataSet 10/EFTA01377601.pdf,https://www.justice.gov/epstein/files/DataSet 10/EFTA01377601.mov
https://www.justice.gov/epstein/files/DataSet 10/EFTA01378168.pdf,https://www.justice.gov/epstein/files/DataSet 10/EFTA01378168.mov
https://www.justice.gov/epstein/files/DataSet 10/EFTA01378595.pdf,https://www.justice.gov/epstein/files/DataSet 10/EFTA01378595.mov
https://www.justice.gov/epstein/files/DataSet 10/EFTA01378597.pdf,https://www.justice.gov/epstein/files/DataSet 10/EFTA01378597.mov
https://www.justice.gov/epstein/files/DataSet 10/EFTA01378600.pdf,https://www.justice.gov/epstein/files/DataSet 10/EFTA01378600.mov
https://www.justice.gov/epstein/files/DataSet 10/EFTA01379185.pdf,https://www.justice.gov/epstein/files/DataSet 10/EFTA01379185.mov
https://www.justice.gov/epstein/files/DataSet 10/EFTA01379573.pdf,https://www.justice.gov/epstein/files/DataSet 10/EFTA01379573.mov
https://www.justice.gov/epstein/files/DataSet 10/EFTA01380042.pdf,https://www.justice.gov/epstein/files/DataSet 10/EFTA01380042.mov
https://www.justice.gov/epstein/files/DataSet 10/EFTA01380117.pdf,https://www.justice.gov/epstein/files/DataSet 10/EFTA01380117.mov
https://www.justice.gov/epstein/files/DataSet 10/EFTA01380888.pdf,https://www.justice.gov/epstein/files/DataSet 10/EFTA01380888.mov
https://www.justice.gov/epstein/files/DataSet 10/EFTA01381015.pdf,https://www.justice.gov/epstein/files/DataSet 10/EFTA01381015.mov
https://www.justice.gov/epstein/files/DataSet 10/EFTA01381089.pdf,https://www.justice.gov/epstein/files/DataSet 10/EFTA01381089.mov
https://www.justice.gov/epstein/files/DataSet 10/EFTA01381133.pdf,https://www.justice.gov/epstein/files/DataSet 10/EFTA01381133.mov
https://www.justice.gov/epstein/files/DataSet 10/EFTA01381240.pdf,https://www.justice.gov/epstein/files/DataSet 10/EFTA01381240.mov
https://www.justice.gov/epstein/files/DataSet 10/EFTA01381784.pdf,https://www.justice.gov/epstein/files/DataSet 10/EFTA01381784.mov
https://www.justice.gov/epstein/files/DataSet 10/EFTA01381921.pdf,https://www.justice.gov/epstein/files/DataSet 10/EFTA01381921.mov
https://www.justice.gov/epstein/files/DataSet 10/EFTA01381989.pdf,https://www.justice.gov/epstein/files/DataSet 10/EFTA01381989.mov
https://www.justice.gov/epstein/files/DataSet 10/EFTA01382367.pdf,https://www.justice.gov/epstein/files/DataSet 10/EFTA01382367.mov
https://www.justice.gov/epstein/files/DataSet 10/EFTA01382673.pdf,https://www.justice.gov/epstein/files/DataSet 10/EFTA01382673.mov
https://www.justice.gov/epstein/files/DataSet 10/EFTA01383399.pdf,https://www.justice.gov/epstein/files/DataSet 10/EFTA01383399.mov
https://www.justice.gov/epstein/files/DataSet 10/EFTA01383745.pdf,https://www.justice.gov/epstein/files/DataSet 10/EFTA01383745.mov
https://www.justice.gov/epstein/files/DataSet 10/EFTA01383761.pdf,https://www.justice.gov/epstein/files/DataSet 10/EFTA01383761.mov
https://www.justice.gov/epstein/files/DataSet 10/EFTA01384417.pdf,https://www.justice.gov/epstein/files/DataSet 10/EFTA01384417.mov
https://www.justice.gov/epstein/files/DataSet 10/EFTA01384482.pdf,https://www.justice.gov/epstein/files/DataSet 10/EFTA01384482.mov
https://www.justice.gov/epstein/files/DataSet 10/EFTA01384990.pdf,https://www.justice.gov/epstein/files/DataSet 10/EFTA01384990.mov
https://www.justice.gov/epstein/files/DataSet 10/EFTA01385351.pdf,https://www.justice.gov/epstein/files/DataSet 10/EFTA01385351.mov
https://www.justice.gov/epstein/files/DataSet 10/EFTA01385359.pdf,https://www.justice.gov/epstein/files/DataSet 10/EFTA01385359.mov
https://www.justice.gov/epstein/files/DataSet 10/EFTA01385369.pdf,https://www.justice.gov/epstein/files/DataSet 10/EFTA01385369.mov
https://www.justice.gov/epstein/files/DataSet 10/EFTA01385548.pdf,https://www.justice.gov/epstein/files/DataSet 10/EFTA01385548.mov
https://www.justice.gov/epstein/files/DataSet 10/EFTA01386041.pdf,https://www.justice.gov/epstein/files/DataSet 10/EFTA01386041.mov
https://www.justice.gov/epstein/files/DataSet 10/EFTA01386249.pdf,https://www.justice.gov/epstein/files/DataSet 10/EFTA01386249.mov
https://www.justice.gov/epstein/files/DataSet 10/EFTA01386463.pdf,https://www.justice.gov/epstein/files/DataSet 10/EFTA01386463.mov
https://www.justice.gov/epstein/files/DataSet 10/EFTA01386546.pdf,https://www.justice.gov/epstein/files/DataSet 10/EFTA01386546.mov
https://www.justice.gov/epstein/files/DataSet 10/EFTA01386633.pdf,https://www.justice.gov/epstein/files/DataSet 10/EFTA01386633.mov
https://www.justice.gov/epstein/files/DataSet 10/EFTA01386814.pdf,https://www.justice.gov/epstein/files/DataSet 10/EFTA01386814.mov
https://www.justice.gov/epstein/files/DataSet 10/EFTA01386818.pdf,https://www.justice.gov/epstein/files/DataSet 10/EFTA01386818.mov
https://www.justice.gov/epstein/files/DataSet 10/EFTA01386823.pdf,https://www.justice.gov/epstein/files/DataSet 10/EFTA01386823.mov
https://www.justice.gov/epstein/files/DataSet 10/EFTA01387158.pdf,https://www.justice.gov/epstein/files/DataSet 10/EFTA01387158.mov
https://www.justice.gov/epstein/files/DataSet 10/EFTA01387361.pdf,https://www.justice.gov/epstein/files/DataSet 10/EFTA01387361.mov
https://www.justice.gov/epstein/files/DataSet 10/EFTA01387423.pdf,https://www.justice.gov/epstein/files/DataSet 10/EFTA01387423.mov
https://www.justice.gov/epstein/files/DataSet 10/EFTA01387656.pdf,https://www.justice.gov/epstein/files/DataSet 10/EFTA01387656.mov
https://www.justice.gov/epstein/files/DataSet 10/EFTA01387776.pdf,https://www.justice.gov/epstein/files/DataSet 10/EFTA01387776.mov
https://www.justice.gov/epstein/files/DataSet 10/EFTA01388230.pdf,https://www.justice.gov/epstein/files/DataSet 10/EFTA01388230.mov
https://www.justice.gov/epstein/files/DataSet 10/EFTA01388466.pdf,https://www.justice.gov/epstein/files/DataSet 10/EFTA01388466.mov
https://www.justice.gov/epstein/files/DataSet 10/EFTA01388636.pdf,https://www.justice.gov/epstein/files/DataSet 10/EFTA01388636.mov
https://www.justice.gov/epstein/files/DataSet 10/EFTA01388827.pdf,https://www.justice.gov/epstein/files/DataSet 10/EFTA01388827.mov
https://www.justice.gov/epstein/files/DataSet 10/EFTA01388962.pdf,https://www.justice.gov/epstein/files/DataSet 10/EFTA01388962.mov
https://www.justice.gov/epstein/files/DataSet 10/EFTA01388996.pdf,https://www.justice.gov/epstein/files/DataSet 10/EFTA01388996.mov
https://www.justice.gov/epstein/files/DataSet 10/EFTA01389453.pdf,https://www.justice.gov/epstein/files/DataSet 10/EFTA01389453.mov
https://www.justice.gov/epstein/files/DataSet 10/EFTA01389485.pdf,https://www.justice.gov/epstein/files/DataSet 10/EFTA01389485.mov
https://www.justice.gov/epstein/files/DataSet 10/EFTA01389770.pdf,https://www.justice.gov/epstein/files/DataSet 10/EFTA01389770.mov
https://www.justice.gov/epstein/files/DataSet 10/EFTA01389880.pdf,https://www.justice.gov/epstein/files/DataSet 10/EFTA01389880.mov
https://www.justice.gov/epstein/files/DataSet 10/EFTA01389903.pdf,https://www.justice.gov/epstein/files/DataSet 10/EFTA01389903.mov
https://www.justice.gov/epstein/files/DataSet 10/EFTA01390264.pdf,https://www.justice.gov/epstein/files/DataSet 10/EFTA01390264.mov
https://www.justice.gov/epstein/files/DataSet 10/EFTA01390473.pdf,https://www.justice.gov/epstein/files/DataSet 10/EFTA01390473.mov
https://www.justice.gov/epstein/files/DataSet 10/EFTA01390538.pdf,https://www.justice.gov/epstein/files/DataSet 10/EFTA01390538.mov
https://www.justice.gov/epstein/files/DataSet 10/EFTA01390915.pdf,https://www.justice.gov/epstein/files/DataSet 10/EFTA01390915.mov
https://www.justice.gov/epstein/files/DataSet 10/EFTA01390954.pdf,https://www.justice.gov/epstein/files/DataSet 10/EFTA01390954.mov
https://www.justice.gov/epstein/files/DataSet 10/EFTA01391334.pdf,https://www.justice.gov/epstein/files/DataSet 10/EFTA01391334.mov
https://www.justice.gov/epstein/files/DataSet 10/EFTA01391412.pdf,https://www.justice.gov/epstein/files/DataSet 10/EFTA01391412.mov
https://www.justice.gov/epstein/files/DataSet 10/EFTA01391823.pdf,https://www.justice.gov/epstein/files/DataSet 10/EFTA01391823.mov
https://www.justice.gov/epstein/files/DataSet 10/EFTA01391874.pdf,https://www.justice.gov/epstein/files/DataSet 10/EFTA01391874.mov
https://www.justice.gov/epstein/files/DataSet 10/EFTA01391954.pdf,https://www.justice.gov/epstein/files/DataSet 10/EFTA01391954.mov
https://www.justice.gov/epstein/files/DataSet 10/EFTA01392135.pdf,https://www.justice.gov/epstein/files/DataSet 10/EFTA01392135.mov
https://www.justice.gov/epstein/files/DataSet 10/EFTA01392152.pdf,https://www.justice.gov/epstein/files/DataSet 10/EFTA01392152.mov
https://www.justice.gov/epstein/files/DataSet 10/EFTA01392214.pdf,https://www.justice.gov/epstein/files/DataSet 10/EFTA01392214.mov
https://www.justice.gov/epstein/files/DataSet 10/EFTA01392215.pdf,https://www.justice.gov/epstein/files/DataSet 10/EFTA01392215.mov
https://www.justice.gov/epstein/files/DataSet 10/EFTA01392420.pdf,https://www.justice.gov/epstein/files/DataSet 10/EFTA01392420.mov
https://www.justice.gov/epstein/files/DataSet 10/EFTA01392517.pdf,https://www.justice.gov/epstein/files/DataSet 10/EFTA01392517.mov
https://www.justice.gov/epstein/files/DataSet 10/EFTA01392524.pdf,https://www.justice.gov/epstein/files/DataSet 10/EFTA01392524.mov
https://www.justice.gov/epstein/files/DataSet 10/EFTA01392536.pdf,https://www.justice.gov/epstein/files/DataSet 10/EFTA01392536.mov
https://www.justice.gov/epstein/files/DataSet 10/EFTA01392835.pdf,https://www.justice.gov/epstein/files/DataSet 10/EFTA01392835.mov
https://www.justice.gov/epstein/files/DataSet 10/EFTA01393348.pdf,https://www.justice.gov/epstein/files/DataSet 10/EFTA01393348.mov
https://www.justice.gov/epstein/files/DataSet 10/EFTA01393437.pdf,https://www.justice.gov/epstein/files/DataSet 10/EFTA01393437.mov
https://www.justice.gov/epstein/files/DataSet 10/EFTA01393889.pdf,https://www.justice.gov/epstein/files/DataSet 10/EFTA01393889.mov
https://www.justice.gov/epstein/files/DataSet 10/EFTA01393901.pdf,https://www.justice.gov/epstein/files/DataSet 10/EFTA01393901.mov
https://www.justice.gov/epstein/files/DataSet 10/EFTA01394201.pdf,https://www.justice.gov/epstein/files/DataSet 10/EFTA01394201.mov
https://www.justice.gov/epstein/files/DataSet 10/EFTA01394309.pdf,https://www.justice.gov/epstein/files/DataSet 10/EFTA01394309.mov
https://www.justice.gov/epstein/files/DataSet 10/EFTA01394312.pdf,https://www.justice.gov/epstein/files/DataSet 10/EFTA01394312.mov
https://www.justice.gov/epstein/files/DataSet 10/EFTA01394323.pdf,https://www.justice.gov/epstein/files/DataSet 10/EFTA01394323.mov
https://www.justice.gov/epstein/files/DataSet 10/EFTA01394375.pdf,https://www.justice.gov/epstein/files/DataSet 10/EFTA01394375.mov
https://www.justice.gov/epstein/files/DataSet 10/EFTA01394597.pdf,https://www.justice.gov/epstein/files/DataSet 10/EFTA01394597.mov
https://www.justice.gov/epstein/files/DataSet 10/EFTA01394705.pdf,https://www.justice.gov/epstein/files/DataSet 10/EFTA01394705.mov
https://www.justice.gov/epstein/files/DataSet 10/EFTA01394708.pdf,https://www.justice.gov/epstein/files/DataSet 10/EFTA01394708.mov
https://www.justice.gov/epstein/files/DataSet 10/EFTA01394717.pdf,https://www.justice.gov/epstein/files/DataSet 10/EFTA01394717.mov
https://www.justice.gov/epstein/files/DataSet 10/EFTA01394718.pdf,https://www.justice.gov/epstein/files/DataSet 10/EFTA01394718.mov
https://www.justice.gov/epstein/files/DataSet 10/EFTA01394727.pdf,https://www.justice.gov/epstein/files/DataSet 10/EFTA01394727.mov
https://www.justice.gov/epstein/files/DataSet 10/EFTA01394777.pdf,https://www.justice.gov/epstein/files/DataSet 10/EFTA01394777.mov
https://www.justice.gov/epstein/files/DataSet 10/EFTA01399653.pdf,https://www.justice.gov/epstein/files/DataSet 10/EFTA01399653.mov
https://www.justice.gov/epstein/files/DataSet 10/EFTA01399663.pdf,https://www.justice.gov/epstein/files/DataSet 10/EFTA01399663.mov
https://www.justice.gov/epstein/files/DataSet 10/EFTA01399970.pdf,https://www.justice.gov/epstein/files/DataSet 10/EFTA01399970.mov
https://www.justice.gov/epstein/files/DataSet 10/EFTA01400318.pdf,https://www.justice.gov/epstein/files/DataSet 10/EFTA01400318.mov
https://www.justice.gov/epstein/files/DataSet 10/EFTA01400347.pdf,https://www.justice.gov/epstein/files/DataSet 10/EFTA01400347.mov
https://www.justice.gov/epstein/files/DataSet 10/EFTA01400517.pdf,https://www.justice.gov/epstein/files/DataSet 10/EFTA01400517.mov
https://www.justice.gov/epstein/files/DataSet 10/EFTA01401597.pdf,https://www.justice.gov/epstein/files/DataSet 10/EFTA01401597.mov
https://www.justice.gov/epstein/files/DataSet 10/EFTA01401619.pdf,https://www.justice.gov/epstein/files/DataSet 10/EFTA01401619.mov
https://www.justice.gov/epstein/files/DataSet 10/EFTA01401637.pdf,https://www.justice.gov/epstein/files/DataSet 10/EFTA01401637.mov
https://www.justice.gov/epstein/files/DataSet 10/EFTA01401797.pdf,https://www.justice.gov/epstein/files/DataSet 10/EFTA01401797.mov
https://www.justice.gov/epstein/files/DataSet 10/EFTA01401799.pdf,https://www.justice.gov/epstein/files/DataSet 10/EFTA01401799.mov
https://www.justice.gov/epstein/files/DataSet 10/EFTA01402563.pdf,https://www.justice.gov/epstein/files/DataSet 10/EFTA01402563.mov
https://www.justice.gov/epstein/files/DataSet 10/EFTA01402847.pdf,https://www.justice.gov/epstein/files/DataSet 10/EFTA01402847.mov
https://www.justice.gov/epstein/files/DataSet 10/EFTA01402984.pdf,https://www.justice.gov/epstein/files/DataSet 10/EFTA01402984.mov
https://www.justice.gov/epstein/files/DataSet 10/EFTA01403562.pdf,https://www.justice.gov/epstein/files/DataSet 10/EFTA01403562.mov
https://www.justice.gov/epstein/files/DataSet 10/EFTA01403840.pdf,https://www.justice.gov/epstein/files/DataSet 10/EFTA01403840.mov
https://www.justice.gov/epstein/files/DataSet 10/EFTA01404288.pdf,https://www.justice.gov/epstein/files/DataSet 10/EFTA01404288.mov
https://www.justice.gov/epstein/files/DataSet 10/EFTA01404661.pdf,https://www.justice.gov/epstein/files/DataSet 10/EFTA01404661.mov
https://www.justice.gov/epstein/files/DataSet 10/EFTA01405354.pdf,https://www.justice.gov/epstein/files/DataSet 10/EFTA01405354.mov
https://www.justice.gov/epstein/files/DataSet 10/EFTA01407359.pdf,https://www.justice.gov/epstein/files/DataSet 10/EFTA01407359.mov
https://www.justice.gov/epstein/files/DataSet 10/EFTA01410836.pdf,https://www.justice.gov/epstein/files/DataSet 10/EFTA01410836.mov
https://www.justice.gov/epstein/files/DataSet 10/EFTA01411064.pdf,https://www.justice.gov/epstein/files/DataSet 10/EFTA01411064.mov
https://www.justice.gov/epstein/files/DataSet 10/EFTA01411708.pdf,https://www.justice.gov/epstein/files/DataSet 10/EFTA01411708.mov
https://www.justice.gov/epstein/files/DataSet 10/EFTA01411711.pdf,https://www.justice.gov/epstein/files/DataSet 10/EFTA01411711.mov
https://www.justice.gov/epstein/files/DataSet 10/EFTA01411838.pdf,https://www.justice.gov/epstein/files/DataSet 10/EFTA01411838.mov
https://www.justice.gov/epstein/files/DataSet 10/EFTA01415137.pdf,https://www.justice.gov/epstein/files/DataSet 10/EFTA01415137.mov
https://www.justice.gov/epstein/files/DataSet 10/EFTA01415154.pdf,https://www.justice.gov/epstein/files/DataSet 10/EFTA01415154.mov
https://www.justice.gov/epstein/files/DataSet 10/EFTA01415208.pdf,https://www.justice.gov/epstein/files/DataSet 10/EFTA01415208.mov
https://www.justice.gov/epstein/files/DataSet 10/EFTA01416439.pdf,https://www.justice.gov/epstein/files/DataSet 10/EFTA01416439.mov
https://www.justice.gov/epstein/files/DataSet 10/EFTA01416811.pdf,https://www.justice.gov/epstein/files/DataSet 10/EFTA01416811.mov
https://www.justice.gov/epstein/files/DataSet 10/EFTA01419046.pdf,https://www.justice.gov/epstein/files/DataSet 10/EFTA01419046.mov
https://www.justice.gov/epstein/files/DataSet 10/EFTA01419174.pdf,https://www.justice.gov/epstein/files/DataSet 10/EFTA01419174.mov
https://www.justice.gov/epstein/files/DataSet 10/EFTA01426401.pdf,https://www.justice.gov/epstein/files/DataSet 10/EFTA01426401.mov
https://www.justice.gov/epstein/files/DataSet 10/EFTA01428625.pdf,https://www.justice.gov/epstein/files/DataSet 10/EFTA01428625.mov
https://www.justice.gov/epstein/files/DataSet 10/EFTA01428791.pdf,https://www.justice.gov/epstein/files/DataSet 10/EFTA01428791.mov
https://www.justice.gov/epstein/files/DataSet 10/EFTA01430320.pdf,https://www.justice.gov/epstein/files/DataSet 10/EFTA01430320.mov
https://www.justice.gov/epstein/files/DataSet 10/EFTA01431609.pdf,https://www.justice.gov/epstein/files/DataSet 10/EFTA01431609.mov
https://www.justice.gov/epstein/files/DataSet 10/EFTA01431729.pdf,https://www.justice.gov/epstein/files/DataSet 10/EFTA01431729.mov
https://www.justice.gov/epstein/files/DataSet 10/EFTA01432599.pdf,https://www.justice.gov/epstein/files/DataSet 10/EFTA01432599.mov
https://www.justice.gov/epstein/files/DataSet 10/EFTA01433391.pdf,https://www.justice.gov/epstein/files/DataSet 10/EFTA01433391.mov
https://www.justice.gov/epstein/files/DataSet 10/EFTA01434601.pdf,https://www.justice.gov/epstein/files/DataSet 10/EFTA01434601.mov
https://www.justice.gov/epstein/files/DataSet 10/EFTA01434981.pdf,https://www.justice.gov/epstein/files/DataSet 10/EFTA01434981.mov
https://www.justice.gov/epstein/files/DataSet 10/EFTA01435708.pdf,https://www.justice.gov/epstein/files/DataSet 10/EFTA01435708.mov
https://www.justice.gov/epstein/files/DataSet 10/EFTA01438127.pdf,https://www.justice.gov/epstein/files/DataSet 10/EFTA01438127.mov
https://www.justice.gov/epstein/files/DataSet 10/EFTA01438308.pdf,https://www.justice.gov/epstein/files/DataSet 10/EFTA01438308.mov
https://www.justice.gov/epstein/files/DataSet 10/EFTA01447010.pdf,https://www.justice.gov/epstein/files/DataSet 10/EFTA01447010.mov
https://www.justice.gov/epstein/files/DataSet 10/EFTA01447151.pdf,https://www.justice.gov/epstein/files/DataSet 10/EFTA01447151.mov
https://www.justice.gov/epstein/files/DataSet 10/EFTA01447207.pdf,https://www.justice.gov/epstein/files/DataSet 10/EFTA01447207.mov
https://www.justice.gov/epstein/files/DataSet 10/EFTA01448119.pdf,https://www.justice.gov/epstein/files/DataSet 10/EFTA01448119.mov
https://www.justice.gov/epstein/files/DataSet 10/EFTA01448125.pdf,https://www.justice.gov/epstein/files/DataSet 10/EFTA01448125.mov
https://www.justice.gov/epstein/files/DataSet 10/EFTA01448221.pdf,https://www.justice.gov/epstein/files/DataSet 10/EFTA01448221.mov
https://www.justice.gov/epstein/files/DataSet 10/EFTA01448366.pdf,https://www.justice.gov/epstein/files/DataSet 10/EFTA01448366.mov
https://www.justice.gov/epstein/files/DataSet 10/EFTA01448567.pdf,https://www.justice.gov/epstein/files/DataSet 10/EFTA01448567.mov
https://www.justice.gov/epstein/files/DataSet 10/EFTA01448571.pdf,https://www.justice.gov/epstein/files/DataSet 10/EFTA01448571.mov
https://www.justice.gov/epstein/files/DataSet 10/EFTA01448742.pdf,https://www.justice.gov/epstein/files/DataSet 10/EFTA01448742.mov
https://www.justice.gov/epstein/files/DataSet 10/EFTA01448991.pdf,https://www.justice.gov/epstein/files/DataSet 10/EFTA01448991.mov
https://www.justice.gov/epstein/files/DataSet 10/EFTA01449294.pdf,https://www.justice.gov/epstein/files/DataSet 10/EFTA01449294.mov
https://www.justice.gov/epstein/files/DataSet 10/EFTA01449414.pdf,https://www.justice.gov/epstein/files/DataSet 10/EFTA01449414.mov
https://www.justice.gov/epstein/files/DataSet 10/EFTA01449842.pdf,https://www.justice.gov/epstein/files/DataSet 10/EFTA01449842.mov
https://www.justice.gov/epstein/files/DataSet 10/EFTA01449914.pdf,https://www.justice.gov/epstein/files/DataSet 10/EFTA01449914.mov
https://www.justice.gov/epstein/files/DataSet 10/EFTA01450108.pdf,https://www.justice.gov/epstein/files/DataSet 10/EFTA01450108.mov
https://www.justice.gov/epstein/files/DataSet 10/EFTA01450137.pdf,https://www.justice.gov/epstein/files/DataSet 10/EFTA01450137.mov
https://www.justice.gov/epstein/files/DataSet 10/EFTA01450403.pdf,https://www.justice.gov/epstein/files/DataSet 10/EFTA01450403.mov
https://www.justice.gov/epstein/files/DataSet 10/EFTA01450830.pdf,https://www.justice.gov/epstein/files/DataSet 10/EFTA01450830.mov
https://www.justice.gov/epstein/files/DataSet 10/EFTA01450893.pdf,https://www.justice.gov/epstein/files/DataSet 10/EFTA01450893.mov
https://www.justice.gov/epstein/files/DataSet 10/EFTA01451016.pdf,https://www.justice.gov/epstein/files/DataSet 10/EFTA01451016.mov
https://www.justice.gov/epstein/files/DataSet 10/EFTA01451046.pdf,https://www.justice.gov/epstein/files/DataSet 10/EFTA01451046.mov
https://www.justice.gov/epstein/files/DataSet 10/EFTA01451227.pdf,https://www.justice.gov/epstein/files/DataSet 10/EFTA01451227.mov
https://www.justice.gov/epstein/files/DataSet 10/EFTA01451238.pdf,https://www.justice.gov/epstein/files/DataSet 10/EFTA01451238.mov
https://www.justice.gov/epstein/files/DataSet 10/EFTA01451575.pdf,https://www.justice.gov/epstein/files/DataSet 10/EFTA01451575.mov
https://www.justice.gov/epstein/files/DataSet 10/EFTA01451577.pdf,https://www.justice.gov/epstein/files/DataSet 10/EFTA01451577.mov
https://www.justice.gov/epstein/files/DataSet 10/EFTA01451584.pdf,https://www.justice.gov/epstein/files/DataSet 10/EFTA01451584.mov
https://www.justice.gov/epstein/files/DataSet 10/EFTA01451707.pdf,https://www.justice.gov/epstein/files/DataSet 10/EFTA01451707.mov
https://www.justice.gov/epstein/files/DataSet 10/EFTA01451791.pdf,https://www.justice.gov/epstein/files/DataSet 10/EFTA01451791.mov
https://www.justice.gov/epstein/files/DataSet 10/EFTA01451792.pdf,https://www.justice.gov/epstein/files/DataSet 10/EFTA01451792.mov
https://www.justice.gov/epstein/files/DataSet 10/EFTA01451945.pdf,https://www.justice.gov/epstein/files/DataSet 10/EFTA01451945.mov
https://www.justice.gov/epstein/files/DataSet 10/EFTA01451959.pdf,https://www.justice.gov/epstein/files/DataSet 10/EFTA01451959.mov
https://www.justice.gov/epstein/files/DataSet 10/EFTA01451968.pdf,https://www.justice.gov/epstein/files/DataSet 10/EFTA01451968.mov
https://www.justice.gov/epstein/files/DataSet 10/EFTA01452147.pdf,https://www.justice.gov/epstein/files/DataSet 10/EFTA01452147.mov
https://www.justice.gov/epstein/files/DataSet 10/EFTA01452251.pdf,https://www.justice.gov/epstein/files/DataSet 10/EFTA01452251.mov
https://www.justice.gov/epstein/files/DataSet 10/EFTA01452401.pdf,https://www.justice.gov/epstein/files/DataSet 10/EFTA01452401.mov
https://www.justice.gov/epstein/files/DataSet 10/EFTA01453328.pdf,https://www.justice.gov/epstein/files/DataSet 10/EFTA01453328.mov
https://www.justice.gov/epstein/files/DataSet 10/EFTA01453483.pdf,https://www.justice.gov/epstein/files/DataSet 10/EFTA01453483.mov
https://www.justice.gov/epstein/files/DataSet 10/EFTA01453675.pdf,https://www.justice.gov/epstein/files/DataSet 10/EFTA01453675.mov
https://www.justice.gov/epstein/files/DataSet 10/EFTA01454115.pdf,https://www.justice.gov/epstein/files/DataSet 10/EFTA01454115.mov
https://www.justice.gov/epstein/files/DataSet 10/EFTA01454119.pdf,https://www.justice.gov/epstein/files/DataSet 10/EFTA01454119.mov
https://www.justice.gov/epstein/files/DataSet 10/EFTA01454174.pdf,https://www.justice.gov/epstein/files/DataSet 10/EFTA01454174.mov
https://www.justice.gov/epstein/files/DataSet 10/EFTA01454281.pdf,https://www.justice.gov/epstein/files/DataSet 10/EFTA01454281.mov
https://www.justice.gov/epstein/files/DataSet 10/EFTA01454295.pdf,https://www.justice.gov/epstein/files/DataSet 10/EFTA01454295.mov
https://www.justice.gov/epstein/files/DataSet 10/EFTA01454404.pdf,https://www.justice.gov/epstein/files/DataSet 10/EFTA01454404.mov
https://www.justice.gov/epstein/files/DataSet 10/EFTA01454480.pdf,https://www.justice.gov/epstein/files/DataSet 10/EFTA01454480.mov
https://www.justice.gov/epstein/files/DataSet 10/EFTA01454492.pdf,https://www.justice.gov/epstein/files/DataSet 10/EFTA01454492.mov
https://www.justice.gov/epstein/files/DataSet 10/EFTA01454781.pdf,https://www.justice.gov/epstein/files/DataSet 10/EFTA01454781.mov
https://www.justice.gov/epstein/files/DataSet 10/EFTA01454817.pdf,https://www.justice.gov/epstein/files/DataSet 10/EFTA01454817.mov
https://www.justice.gov/epstein/files/DataSet 10/EFTA01454824.pdf,https://www.justice.gov/epstein/files/DataSet 10/EFTA01454824.mov
https://www.justice.gov/epstein/files/DataSet 10/EFTA01454825.pdf,https://www.justice.gov/epstein/files/DataSet 10/EFTA01454825.mov
https://www.justice.gov/epstein/files/DataSet 10/EFTA01454854.pdf,https://www.justice.gov/epstein/files/DataSet 10/EFTA01454854.mov
https://www.justice.gov/epstein/files/DataSet 10/EFTA01454856.pdf,https://www.justice.gov/epstein/files/DataSet 10/EFTA01454856.mov
https://www.justice.gov/epstein/files/DataSet 10/EFTA01454987.pdf,https://www.justice.gov/epstein/files/DataSet 10/EFTA01454987.mov
https://www.justice.gov/epstein/files/DataSet 10/EFTA01455119.pdf,https://www.justice.gov/epstein/files/DataSet 10/EFTA01455119.mov
https://www.justice.gov/epstein/files/DataSet 10/EFTA01455125.pdf,https://www.justice.gov/epstein/files/DataSet 10/EFTA01455125.mov
https://www.justice.gov/epstein/files/DataSet 10/EFTA01455126.pdf,https://www.justice.gov/epstein/files/DataSet 10/EFTA01455126.mov
https://www.justice.gov/epstein/files/DataSet 10/EFTA01455152.pdf,https://www.justice.gov/epstein/files/DataSet 10/EFTA01455152.mov
https://www.justice.gov/epstein/files/DataSet 10/EFTA01455310.pdf,https://www.justice.gov/epstein/files/DataSet 10/EFTA01455310.mov
https://www.justice.gov/epstein/files/DataSet 10/EFTA01455540.pdf,https://www.justice.gov/epstein/files/DataSet 10/EFTA01455540.mov
https://www.justice.gov/epstein/files/DataSet 10/EFTA01455602.pdf,https://www.justice.gov/epstein/files/DataSet 10/EFTA01455602.mov
https://www.justice.gov/epstein/files/DataSet 10/EFTA01455797.pdf,https://www.justice.gov/epstein/files/DataSet 10/EFTA01455797.mov
https://www.justice.gov/epstein/files/DataSet 10/EFTA01455855.pdf,https://www.justice.gov/epstein/files/DataSet 10/EFTA01455855.mov
https://www.justice.gov/epstein/files/DataSet 10/EFTA01455885.pdf,https://www.justice.gov/epstein/files/DataSet 10/EFTA01455885.mov
https://www.justice.gov/epstein/files/DataSet 10/EFTA01456084.pdf,https://www.justice.gov/epstein/files/DataSet 10/EFTA01456084.mov
https://www.justice.gov/epstein/files/DataSet 10/EFTA01456096.pdf,https://www.justice.gov/epstein/files/DataSet 10/EFTA01456096.mov
https://www.justice.gov/epstein/files/DataSet 10/EFTA01456122.pdf,https://www.justice.gov/epstein/files/DataSet 10/EFTA01456122.mov
https://www.justice.gov/epstein/files/DataSet 10/EFTA01456161.pdf,https://www.justice.gov/epstein/files/DataSet 10/EFTA01456161.mov
https://www.justice.gov/epstein/files/DataSet 10/EFTA01456169.pdf,https://www.justice.gov/epstein/files/DataSet 10/EFTA01456169.mov
https://www.justice.gov/epstein/files/DataSet 10/EFTA01456171.pdf,https://www.justice.gov/epstein/files/DataSet 10/EFTA01456171.mov
https://www.justice.gov/epstein/files/DataSet 10/EFTA01456177.pdf,https://www.justice.gov/epstein/files/DataSet 10/EFTA01456177.mov
https://www.justice.gov/epstein/files/DataSet 10/EFTA01456185.pdf,https://www.justice.gov/epstein/files/DataSet 10/EFTA01456185.mov
https://www.justice.gov/epstein/files/DataSet 10/EFTA01456211.pdf,https://www.justice.gov/epstein/files/DataSet 10/EFTA01456211.mov
https://www.justice.gov/epstein/files/DataSet 10/EFTA01456380.pdf,https://www.justice.gov/epstein/files/DataSet 10/EFTA01456380.mov
https://www.justice.gov/epstein/files/DataSet 10/EFTA01456484.pdf,https://www.justice.gov/epstein/files/DataSet 10/EFTA01456484.mov
https://www.justice.gov/epstein/files/DataSet 10/EFTA01456532.pdf,https://www.justice.gov/epstein/files/DataSet 10/EFTA01456532.mov
https://www.justice.gov/epstein/files/DataSet 10/EFTA01456601.pdf,https://www.justice.gov/epstein/files/DataSet 10/EFTA01456601.mov
https://www.justice.gov/epstein/files/DataSet 10/EFTA01456816.pdf,https://www.justice.gov/epstein/files/DataSet 10/EFTA01456816.mov
https://www.justice.gov/epstein/files/DataSet 10/EFTA01456973.pdf,https://www.justice.gov/epstein/files/DataSet 10/EFTA01456973.mov
https://www.justice.gov/epstein/files/DataSet 10/EFTA01456991.pdf,https://www.justice.gov/epstein/files/DataSet 10/EFTA01456991.mov
https://www.justice.gov/epstein/files/DataSet 10/EFTA01457096.pdf,https://www.justice.gov/epstein/files/DataSet 10/EFTA01457096.mov
https://www.justice.gov/epstein/files/DataSet 10/EFTA01457418.pdf,https://www.justice.gov/epstein/files/DataSet 10/EFTA01457418.mov
https://www.justice.gov/epstein/files/DataSet 10/EFTA01457570.pdf,https://www.justice.gov/epstein/files/DataSet 10/EFTA01457570.mov
https://www.justice.gov/epstein/files/DataSet 10/EFTA01458127.pdf,https://www.justice.gov/epstein/files/DataSet 10/EFTA01458127.mov
https://www.justice.gov/epstein/files/DataSet 10/EFTA01458403.pdf,https://www.justice.gov/epstein/files/DataSet 10/EFTA01458403.mov
https://www.justice.gov/epstein/files/DataSet 10/EFTA01458569.pdf,https://www.justice.gov/epstein/files/DataSet 10/EFTA01458569.mov
https://www.justice.gov/epstein/files/DataSet 10/EFTA01458861.pdf,https://www.justice.gov/epstein/files/DataSet 10/EFTA01458861.mov
https://www.justice.gov/epstein/files/DataSet 10/EFTA01459106.pdf,https://www.justice.gov/epstein/files/DataSet 10/EFTA01459106.mov
https://www.justice.gov/epstein/files/DataSet 10/EFTA01459907.pdf,https://www.justice.gov/epstein/files/DataSet 10/EFTA01459907.mov
https://www.justice.gov/epstein/files/DataSet 10/EFTA01460333.pdf,https://www.justice.gov/epstein/files/DataSet 10/EFTA01460333.mov
https://www.justice.gov/epstein/files/DataSet 10/EFTA01461857.pdf,https://www.justice.gov/epstein/files/DataSet 10/EFTA01461857.mov
https://www.justice.gov/epstein/files/DataSet 10/EFTA01461880.pdf,https://www.justice.gov/epstein/files/DataSet 10/EFTA01461880.mov
https://www.justice.gov/epstein/files/DataSet 10/EFTA01461885.pdf,https://www.justice.gov/epstein/files/DataSet 10/EFTA01461885.mov
https://www.justice.gov/epstein/files/DataSet 10/EFTA01462165.pdf,https://www.justice.gov/epstein/files/DataSet 10/EFTA01462165.mov
https://www.justice.gov/epstein/files/DataSet 10/EFTA01462544.pdf,https://www.justice.gov/epstein/files/DataSet 10/EFTA01462544.mov
https://www.justice.gov/epstein/files/DataSet 10/EFTA01462573.pdf,https://www.justice.gov/epstein/files/DataSet 10/EFTA01462573.mov
https://www.justice.gov/epstein/files/DataSet 10/EFTA01462900.pdf,https://www.justice.gov/epstein/files/DataSet 10/EFTA01462900.mov
https://www.justice.gov/epstein/files/DataSet 10/EFTA01463075.pdf,https://www.justice.gov/epstein/files/DataSet 10/EFTA01463075.mov
https://www.justice.gov/epstein/files/DataSet 10/EFTA01463158.pdf,https://www.justice.gov/epstein/files/DataSet 10/EFTA01463158.mov
https://www.justice.gov/epstein/files/DataSet 10/EFTA01463438.pdf,https://www.justice.gov/epstein/files/DataSet 10/EFTA01463438.mov
https://www.justice.gov/epstein/files/DataSet 10/EFTA01463443.pdf,https://www.justice.gov/epstein/files/DataSet 10/EFTA01463443.mov
https://www.justice.gov/epstein/files/DataSet 10/EFTA01465039.pdf,https://www.justice.gov/epstein/files/DataSet 10/EFTA01465039.mov
https://www.justice.gov/epstein/files/DataSet 10/EFTA01465130.pdf,https://www.justice.gov/epstein/files/DataSet 10/EFTA01465130.mov
https://www.justice.gov/epstein/files/DataSet 10/EFTA01465607.pdf,https://www.justice.gov/epstein/files/DataSet 10/EFTA01465607.mov
https://www.justice.gov/epstein/files/DataSet 10/EFTA01465646.pdf,https://www.justice.gov/epstein/files/DataSet 10/EFTA01465646.mov
https://www.justice.gov/epstein/files/DataSet 10/EFTA01465748.pdf,https://www.justice.gov/epstein/files/DataSet 10/EFTA01465748.mov
https://www.justice.gov/epstein/files/DataSet 10/EFTA01465764.pdf,https://www.justice.gov/epstein/files/DataSet 10/EFTA01465764.mov
https://www.justice.gov/epstein/files/DataSet 10/EFTA01465894.pdf,https://www.justice.gov/epstein/files/DataSet 10/EFTA01465894.mov
https://www.justice.gov/epstein/files/DataSet 10/EFTA01465900.pdf,https://www.justice.gov/epstein/files/DataSet 10/EFTA01465900.mov
https://www.justice.gov/epstein/files/DataSet 10/EFTA01466097.pdf,https://www.justice.gov/epstein/files/DataSet 10/EFTA01466097.mov
https://www.justice.gov/epstein/files/DataSet 10/EFTA01466154.pdf,https://www.justice.gov/epstein/files/DataSet 10/EFTA01466154.mov
https://www.justice.gov/epstein/files/DataSet 10/EFTA01467445.pdf,https://www.justice.gov/epstein/files/DataSet 10/EFTA01467445.mov
https://www.justice.gov/epstein/files/DataSet 10/EFTA01467567.pdf,https://www.justice.gov/epstein/files/DataSet 10/EFTA01467567.mov
https://www.justice.gov/epstein/files/DataSet 10/EFTA01467579.pdf,https://www.justice.gov/epstein/files/DataSet 10/EFTA01467579.mov
https://www.justice.gov/epstein/files/DataSet 10/EFTA01467608.pdf,https://www.justice.gov/epstein/files/DataSet 10/EFTA01467608.mov
https://www.justice.gov/epstein/files/DataSet 10/EFTA01467825.pdf,https://www.justice.gov/epstein/files/DataSet 10/EFTA01467825.mov
https://www.justice.gov/epstein/files/DataSet 10/EFTA01468163.pdf,https://www.justice.gov/epstein/files/DataSet 10/EFTA01468163.mov
https://www.justice.gov/epstein/files/DataSet 10/EFTA01468483.pdf,https://www.justice.gov/epstein/files/DataSet 10/EFTA01468483.mov
https://www.justice.gov/epstein/files/DataSet 10/EFTA01468590.pdf,https://www.justice.gov/epstein/files/DataSet 10/EFTA01468590.mov
https://www.justice.gov/epstein/files/DataSet 10/EFTA01468704.pdf,https://www.justice.gov/epstein/files/DataSet 10/EFTA01468704.mov
https://www.justice.gov/epstein/files/DataSet 10/EFTA01469105.pdf,https://www.justice.gov/epstein/files/DataSet 10/EFTA01469105.mov
https://www.justice.gov/epstein/files/DataSet 10/EFTA01469200.pdf,https://www.justice.gov/epstein/files/DataSet 10/EFTA01469200.mov
https://www.justice.gov/epstein/files/DataSet 10/EFTA01469692.pdf,https://www.justice.gov/epstein/files/DataSet 10/EFTA01469692.mov
https://www.justice.gov/epstein/files/DataSet 10/EFTA01470231.pdf,https://www.justice.gov/epstein/files/DataSet 10/EFTA01470231.mov
https://www.justice.gov/epstein/files/DataSet 10/EFTA01470554.pdf,https://www.justice.gov/epstein/files/DataSet 10/EFTA01470554.mov
https://www.justice.gov/epstein/files/DataSet 10/EFTA01470746.pdf,https://www.justice.gov/epstein/files/DataSet 10/EFTA01470746.mov
https://www.justice.gov/epstein/files/DataSet 10/EFTA01470926.pdf,https://www.justice.gov/epstein/files/DataSet 10/EFTA01470926.mov
https://www.justice.gov/epstein/files/DataSet 10/EFTA01471339.pdf,https://www.justice.gov/epstein/files/DataSet 10/EFTA01471339.mov
https://www.justice.gov/epstein/files/DataSet 10/EFTA01471531.pdf,https://www.justice.gov/epstein/files/DataSet 10/EFTA01471531.mov
https://www.justice.gov/epstein/files/DataSet 10/EFTA01471665.pdf,https://www.justice.gov/epstein/files/DataSet 10/EFTA01471665.mov
https://www.justice.gov/epstein/files/DataSet 10/EFTA01471705.pdf,https://www.justice.gov/epstein/files/DataSet 10/EFTA01471705.mov
https://www.justice.gov/epstein/files/DataSet 10/EFTA01472017.pdf,https://www.justice.gov/epstein/files/DataSet 10/EFTA01472017.mov
https://www.justice.gov/epstein/files/DataSet 10/EFTA01473652.pdf,https://www.justice.gov/epstein/files/DataSet 10/EFTA01473652.mov
https://www.justice.gov/epstein/files/DataSet 10/EFTA01474042.pdf,https://www.justice.gov/epstein/files/DataSet 10/EFTA01474042.mov
https://www.justice.gov/epstein/files/DataSet 10/EFTA01474648.pdf,https://www.justice.gov/epstein/files/DataSet 10/EFTA01474648.mov
https://www.justice.gov/epstein/files/DataSet 10/EFTA01475250.pdf,https://www.justice.gov/epstein/files/DataSet 10/EFTA01475250.mov
https://www.justice.gov/epstein/files/DataSet 10/EFTA01475398.pdf,https://www.justice.gov/epstein/files/DataSet 10/EFTA01475398.mov
https://www.justice.gov/epstein/files/DataSet 10/EFTA01475425.pdf,https://www.justice.gov/epstein/files/DataSet 10/EFTA01475425.mov
https://www.justice.gov/epstein/files/DataSet 10/EFTA01475759.pdf,https://www.justice.gov/epstein/files/DataSet 10/EFTA01475759.mov
https://www.justice.gov/epstein/files/DataSet 10/EFTA01475783.pdf,https://www.justice.gov/epstein/files/DataSet 10/EFTA01475783.mov
https://www.justice.gov/epstein/files/DataSet 10/EFTA01475847.pdf,https://www.justice.gov/epstein/files/DataSet 10/EFTA01475847.mov
https://www.justice.gov/epstein/files/DataSet 10/EFTA01475915.pdf,https://www.justice.gov/epstein/files/DataSet 10/EFTA01475915.mov
https://www.justice.gov/epstein/files/DataSet 10/EFTA01478908.pdf,https://www.justice.gov/epstein/files/DataSet 10/EFTA01478908.mov
https://www.justice.gov/epstein/files/DataSet 10/EFTA01478913.pdf,https://www.justice.gov/epstein/files/DataSet 10/EFTA01478913.mov
https://www.justice.gov/epstein/files/DataSet 10/EFTA01479390.pdf,https://www.justice.gov/epstein/files/DataSet 10/EFTA01479390.mov
https://www.justice.gov/epstein/files/DataSet 10/EFTA01479487.pdf,https://www.justice.gov/epstein/files/DataSet 10/EFTA01479487.mov
https://www.justice.gov/epstein/files/DataSet 10/EFTA01479561.pdf,https://www.justice.gov/epstein/files/DataSet 10/EFTA01479561.mov
https://www.justice.gov/epstein/files/DataSet 10/EFTA01479767.pdf,https://www.justice.gov/epstein/files/DataSet 10/EFTA01479767.mov
https://www.justice.gov/epstein/files/DataSet 10/EFTA01480090.pdf,https://www.justice.gov/epstein/files/DataSet 10/EFTA01480090.mov
https://www.justice.gov/epstein/files/DataSet 10/EFTA01480519.pdf,https://www.justice.gov/epstein/files/DataSet 10/EFTA01480519.mov
https://www.justice.gov/epstein/files/DataSet 10/EFTA01480617.pdf,https://www.justice.gov/epstein/files/DataSet 10/EFTA01480617.mov
https://www.justice.gov/epstein/files/DataSet 10/EFTA01480676.pdf,https://www.justice.gov/epstein/files/DataSet 10/EFTA01480676.mov
https://www.justice.gov/epstein/files/DataSet 10/EFTA01480720.pdf,https://www.justice.gov/epstein/files/DataSet 10/EFTA01480720.mov
https://www.justice.gov/epstein/files/DataSet 10/EFTA01480842.pdf,https://www.justice.gov/epstein/files/DataSet 10/EFTA01480842.mov
https://www.justice.gov/epstein/files/DataSet 10/EFTA01480977.pdf,https://www.justice.gov/epstein/files/DataSet 10/EFTA01480977.mov
https://www.justice.gov/epstein/files/DataSet 10/EFTA01481038.pdf,https://www.justice.gov/epstein/files/DataSet 10/EFTA01481038.mov
https://www.justice.gov/epstein/files/DataSet 10/EFTA01483151.pdf,https://www.justice.gov/epstein/files/DataSet 10/EFTA01483151.mov
https://www.justice.gov/epstein/files/DataSet 10/EFTA01483194.pdf,https://www.justice.gov/epstein/files/DataSet 10/EFTA01483194.mov
https://www.justice.gov/epstein/files/DataSet 10/EFTA01483272.pdf,https://www.justice.gov/epstein/files/DataSet 10/EFTA01483272.mov
https://www.justice.gov/epstein/files/DataSet 10/EFTA01483321.pdf,https://www.justice.gov/epstein/files/DataSet 10/EFTA01483321.mov
https://www.justice.gov/epstein/files/DataSet 10/EFTA01483457.pdf,https://www.justice.gov/epstein/files/DataSet 10/EFTA01483457.mov
https://www.justice.gov/epstein/files/DataSet 10/EFTA01485999.pdf,https://www.justice.gov/epstein/files/DataSet 10/EFTA01485999.mov
https://www.justice.gov/epstein/files/DataSet 10/EFTA01486370.pdf,https://www.justice.gov/epstein/files/DataSet 10/EFTA01486370.mov
https://www.justice.gov/epstein/files/DataSet 10/EFTA01486380.pdf,https://www.justice.gov/epstein/files/DataSet 10/EFTA01486380.mov
https://www.justice.gov/epstein/files/DataSet 10/EFTA01486398.pdf,https://www.justice.gov/epstein/files/DataSet 10/EFTA01486398.mov
https://www.justice.gov/epstein/files/DataSet 10/EFTA01486400.pdf,https://www.justice.gov/epstein/files/DataSet 10/EFTA01486400.mov
https://www.justice.gov/epstein/files/DataSet 10/EFTA01486402.pdf,https://www.justice.gov/epstein/files/DataSet 10/EFTA01486402.mov
https://www.justice.gov/epstein/files/DataSet 10/EFTA01486405.pdf,https://www.justice.gov/epstein/files/DataSet 10/EFTA01486405.mov
https://www.justice.gov/epstein/files/DataSet 10/EFTA01486450.pdf,https://www.justice.gov/epstein/files/DataSet 10/EFTA01486450.mov
https://www.justice.gov/epstein/files/DataSet 10/EFTA01486564.pdf,https://www.justice.gov/epstein/files/DataSet 10/EFTA01486564.mov
https://www.justice.gov/epstein/files/DataSet 10/EFTA01486731.pdf,https://www.justice.gov/epstein/files/DataSet 10/EFTA01486731.mov
https://www.justice.gov/epstein/files/DataSet 10/EFTA01487522.pdf,https://www.justice.gov/epstein/files/DataSet 10/EFTA01487522.mov
https://www.justice.gov/epstein/files/DataSet 10/EFTA01487526.pdf,https://www.justice.gov/epstein/files/DataSet 10/EFTA01487526.mov
https://www.justice.gov/epstein/files/DataSet 10/EFTA01487548.pdf,https://www.justice.gov/epstein/files/DataSet 10/EFTA01487548.mov
https://www.justice.gov/epstein/files/DataSet 10/EFTA01487560.pdf,https://www.justice.gov/epstein/files/DataSet 10/EFTA01487560.mov
https://www.justice.gov/epstein/files/DataSet 10/EFTA01487566.pdf,https://www.justice.gov/epstein/files/DataSet 10/EFTA01487566.mov
https://www.justice.gov/epstein/files/DataSet 10/EFTA01492625.pdf,https://www.justice.gov/epstein/files/DataSet 10/EFTA01492625.mov
https://www.justice.gov/epstein/files/DataSet 10/EFTA01493355.pdf,https://www.justice.gov/epstein/files/DataSet 10/EFTA01493355.mov
https://www.justice.gov/epstein/files/DataSet 10/EFTA01494112.pdf,https://www.justice.gov/epstein/files/DataSet 10/EFTA01494112.mov
https://www.justice.gov/epstein/files/DataSet 10/EFTA01494171.pdf,https://www.justice.gov/epstein/files/DataSet 10/EFTA01494171.mov
https://www.justice.gov/epstein/files/DataSet 10/EFTA01494230.pdf,https://www.justice.gov/epstein/files/DataSet 10/EFTA01494230.mov
https://www.justice.gov/epstein/files/DataSet 10/EFTA01494243.pdf,https://www.justice.gov/epstein/files/DataSet 10/EFTA01494243.mov
https://www.justice.gov/epstein/files/DataSet 10/EFTA01494285.pdf,https://www.justice.gov/epstein/files/DataSet 10/EFTA01494285.mov
https://www.justice.gov/epstein/files/DataSet 10/EFTA01494541.pdf,https://www.justice.gov/epstein/files/DataSet 10/EFTA01494541.mov
https://www.justice.gov/epstein/files/DataSet 10/EFTA01494670.pdf,https://www.justice.gov/epstein/files/DataSet 10/EFTA01494670.mov
https://www.justice.gov/epstein/files/DataSet 10/EFTA01494710.pdf,https://www.justice.gov/epstein/files/DataSet 10/EFTA01494710.mov
https://www.justice.gov/epstein/files/DataSet 10/EFTA01494726.pdf,https://www.justice.gov/epstein/files/DataSet 10/EFTA01494726.mov
https://www.justice.gov/epstein/files/DataSet 10/EFTA01494802.pdf,https://www.justice.gov/epstein/files/DataSet 10/EFTA01494802.mov
https://www.justice.gov/epstein/files/DataSet 10/EFTA01494940.pdf,https://www.justice.gov/epstein/files/DataSet 10/EFTA01494940.mov
https://www.justice.gov/epstein/files/DataSet 10/EFTA01494956.pdf,https://www.justice.gov/epstein/files/DataSet 10/EFTA01494956.mov
https://www.justice.gov/epstein/files/DataSet 10/EFTA01494995.pdf,https://www.justice.gov/epstein/files/DataSet 10/EFTA01494995.mov
https://www.justice.gov/epstein/files/DataSet 10/EFTA01495094.pdf,https://www.justice.gov/epstein/files/DataSet 10/EFTA01495094.mov
https://www.justice.gov/epstein/files/DataSet 10/EFTA01495597.pdf,https://www.justice.gov/epstein/files/DataSet 10/EFTA01495597.mov
https://www.justice.gov/epstein/files/DataSet 10/EFTA01495605.pdf,https://www.justice.gov/epstein/files/DataSet 10/EFTA01495605.mov
https://www.justice.gov/epstein/files/DataSet 10/EFTA01495654.pdf,https://www.justice.gov/epstein/files/DataSet 10/EFTA01495654.mov
https://www.justice.gov/epstein/files/DataSet 10/EFTA01495674.pdf,https://www.justice.gov/epstein/files/DataSet 10/EFTA01495674.mov
https://www.justice.gov/epstein/files/DataSet 10/EFTA01495684.pdf,https://www.justice.gov/epstein/files/DataSet 10/EFTA01495684.mov
https://www.justice.gov/epstein/files/DataSet 10/EFTA01495757.pdf,https://www.justice.gov/epstein/files/DataSet 10/EFTA01495757.mov
https://www.justice.gov/epstein/files/DataSet 10/EFTA01495763.pdf,https://www.justice.gov/epstein/files/DataSet 10/EFTA01495763.mov
https://www.justice.gov/epstein/files/DataSet 10/EFTA01495813.pdf,https://www.justice.gov/epstein/files/DataSet 10/EFTA01495813.mov
https://www.justice.gov/epstein/files/DataSet 10/EFTA01495849.pdf,https://www.justice.gov/epstein/files/DataSet 10/EFTA01495849.mov
https://www.justice.gov/epstein/files/DataSet 10/EFTA01495936.pdf,https://www.justice.gov/epstein/files/DataSet 10/EFTA01495936.mov
https://www.justice.gov/epstein/files/DataSet 10/EFTA01495942.pdf,https://www.justice.gov/epstein/files/DataSet 10/EFTA01495942.mov
https://www.justice.gov/epstein/files/DataSet 10/EFTA01495991.pdf,https://www.justice.gov/epstein/files/DataSet 10/EFTA01495991.mov
https://www.justice.gov/epstein/files/DataSet 10/EFTA01495994.pdf,https://www.justice.gov/epstein/files/DataSet 10/EFTA01495994.mov
https://www.justice.gov/epstein/files/DataSet 10/EFTA01496008.pdf,https://www.justice.gov/epstein/files/DataSet 10/EFTA01496008.mov
https://www.justice.gov/epstein/files/DataSet 10/EFTA01496083.pdf,https://www.justice.gov/epstein/files/DataSet 10/EFTA01496083.mov
https://www.justice.gov/epstein/files/DataSet 10/EFTA01496175.pdf,https://www.justice.gov/epstein/files/DataSet 10/EFTA01496175.mov
https://www.justice.gov/epstein/files/DataSet 10/EFTA01496282.pdf,https://www.justice.gov/epstein/files/DataSet 10/EFTA01496282.mov
https://www.justice.gov/epstein/files/DataSet 10/EFTA01496308.pdf,https://www.justice.gov/epstein/files/DataSet 10/EFTA01496308.mov
https://www.justice.gov/epstein/files/DataSet 10/EFTA01496423.pdf,https://www.justice.gov/epstein/files/DataSet 10/EFTA01496423.mov
https://www.justice.gov/epstein/files/DataSet 10/EFTA01496518.pdf,https://www.justice.gov/epstein/files/DataSet 10/EFTA01496518.mov
https://www.justice.gov/epstein/files/DataSet 10/EFTA01497873.pdf,https://www.justice.gov/epstein/files/DataSet 10/EFTA01497873.mov
https://www.justice.gov/epstein/files/DataSet 10/EFTA01497963.pdf,https://www.justice.gov/epstein/files/DataSet 10/EFTA01497963.mov
https://www.justice.gov/epstein/files/DataSet 10/EFTA01498007.pdf,https://www.justice.gov/epstein/files/DataSet 10/EFTA01498007.mov
https://www.justice.gov/epstein/files/DataSet 10/EFTA01498203.pdf,https://www.justice.gov/epstein/files/DataSet 10/EFTA01498203.mov
https://www.justice.gov/epstein/files/DataSet 10/EFTA01498253.pdf,https://www.justice.gov/epstein/files/DataSet 10/EFTA01498253.mov
https://www.justice.gov/epstein/files/DataSet 10/EFTA01498301.pdf,https://www.justice.gov/epstein/files/DataSet 10/EFTA01498301.mov
https://www.justice.gov/epstein/files/DataSet 10/EFTA01498319.pdf,https://www.justice.gov/epstein/files/DataSet 10/EFTA01498319.mov
https://www.justice.gov/epstein/files/DataSet 10/EFTA01498320.pdf,https://www.justice.gov/epstein/files/DataSet 10/EFTA01498320.mov
https://www.justice.gov/epstein/files/DataSet 10/EFTA01498344.pdf,https://www.justice.gov/epstein/files/DataSet 10/EFTA01498344.mov
https://www.justice.gov/epstein/files/DataSet 10/EFTA01498377.pdf,https://www.justice.gov/epstein/files/DataSet 10/EFTA01498377.mov
https://www.justice.gov/epstein/files/DataSet 10/EFTA01498383.pdf,https://www.justice.gov/epstein/files/DataSet 10/EFTA01498383.mov
https://www.justice.gov/epstein/files/DataSet 10/EFTA01498398.pdf,https://www.justice.gov/epstein/files/DataSet 10/EFTA01498398.mov
https://www.justice.gov/epstein/files/DataSet 10/EFTA01498406.pdf,https://www.justice.gov/epstein/files/DataSet 10/EFTA01498406.mov
https://www.justice.gov/epstein/files/DataSet 10/EFTA01498419.pdf,https://www.justice.gov/epstein/files/DataSet 10/EFTA01498419.mov
https://www.justice.gov/epstein/files/DataSet 10/EFTA01498538.pdf,https://www.justice.gov/epstein/files/DataSet 10/EFTA01498538.mov
https://www.justice.gov/epstein/files/DataSet 10/EFTA01498553.pdf,https://www.justice.gov/epstein/files/DataSet 10/EFTA01498553.mov
https://www.justice.gov/epstein/files/DataSet 10/EFTA01498598.pdf,https://www.justice.gov/epstein/files/DataSet 10/EFTA01498598.mov
https://www.justice.gov/epstein/files/DataSet 10/EFTA01498746.pdf,https://www.justice.gov/epstein/files/DataSet 10/EFTA01498746.mov
https://www.justice.gov/epstein/files/DataSet 10/EFTA01498754.pdf,https://www.justice.gov/epstein/files/DataSet 10/EFTA01498754.mov
https://www.justice.gov/epstein/files/DataSet 10/EFTA01498829.pdf,https://www.justice.gov/epstein/files/DataSet 10/EFTA01498829.mov
https://www.justice.gov/epstein/files/DataSet 10/EFTA01498877.pdf,https://www.justice.gov/epstein/files/DataSet 10/EFTA01498877.mov
https://www.justice.gov/epstein/files/DataSet 10/EFTA01498899.pdf,https://www.justice.gov/epstein/files/DataSet 10/EFTA01498899.mov
https://www.justice.gov/epstein/files/DataSet 10/EFTA01498988.pdf,https://www.justice.gov/epstein/files/DataSet 10/EFTA01498988.mov
https://www.justice.gov/epstein/files/DataSet 10/EFTA01499113.pdf,https://www.justice.gov/epstein/files/DataSet 10/EFTA01499113.mov
https://www.justice.gov/epstein/files/DataSet 10/EFTA01499122.pdf,https://www.justice.gov/epstein/files/DataSet 10/EFTA01499122.mov
https://www.justice.gov/epstein/files/DataSet 10/EFTA01499148.pdf,https://www.justice.gov/epstein/files/DataSet 10/EFTA01499148.mov
https://www.justice.gov/epstein/files/DataSet 10/EFTA01499162.pdf,https://www.justice.gov/epstein/files/DataSet 10/EFTA01499162.mov
https://www.justice.gov/epstein/files/DataSet 10/EFTA01499365.pdf,https://www.justice.gov/epstein/files/DataSet 10/EFTA01499365.mov
https://www.justice.gov/epstein/files/DataSet 10/EFTA01499927.pdf,https://www.justice.gov/epstein/files/DataSet 10/EFTA01499927.mov
https://www.justice.gov/epstein/files/DataSet 10/EFTA01500476.pdf,https://www.justice.gov/epstein/files/DataSet 10/EFTA01500476.mov
https://www.justice.gov/epstein/files/DataSet 10/EFTA01500687.pdf,https://www.justice.gov/epstein/files/DataSet 10/EFTA01500687.mov
https://www.justice.gov/epstein/files/DataSet 10/EFTA01500698.pdf,https://www.justice.gov/epstein/files/DataSet 10/EFTA01500698.mov
https://www.justice.gov/epstein/files/DataSet 10/EFTA01500703.pdf,https://www.justice.gov/epstein/files/DataSet 10/EFTA01500703.mov
https://www.justice.gov/epstein/files/DataSet 10/EFTA01500705.pdf,https://www.justice.gov/epstein/files/DataSet 10/EFTA01500705.mov
https://www.justice.gov/epstein/files/DataSet 10/EFTA01500709.pdf,https://www.justice.gov/epstein/files/DataSet 10/EFTA01500709.mov
https://www.justice.gov/epstein/files/DataSet 10/EFTA01500735.pdf,https://www.justice.gov/epstein/files/DataSet 10/EFTA01500735.mov
https://www.justice.gov/epstein/files/DataSet 10/EFTA01500737.pdf,https://www.justice.gov/epstein/files/DataSet 10/EFTA01500737.mov
https://www.justice.gov/epstein/files/DataSet 10/EFTA01500782.pdf,https://www.justice.gov/epstein/files/DataSet 10/EFTA01500782.mov
https://www.justice.gov/epstein/files/DataSet 10/EFTA01501131.pdf,https://www.justice.gov/epstein/files/DataSet 10/EFTA01501131.mov
https://www.justice.gov/epstein/files/DataSet 10/EFTA01501162.pdf,https://www.justice.gov/epstein/files/DataSet 10/EFTA01501162.mov
https://www.justice.gov/epstein/files/DataSet 10/EFTA01501200.pdf,https://www.justice.gov/epstein/files/DataSet 10/EFTA01501200.mov
https://www.justice.gov/epstein/files/DataSet 10/EFTA01501339.pdf,https://www.justice.gov/epstein/files/DataSet 10/EFTA01501339.mov
https://www.justice.gov/epstein/files/DataSet 10/EFTA01501425.pdf,https://www.justice.gov/epstein/files/DataSet 10/EFTA01501425.mov
https://www.justice.gov/epstein/files/DataSet 10/EFTA01502572.pdf,https://www.justice.gov/epstein/files/DataSet 10/EFTA01502572.mov
https://www.justice.gov/epstein/files/DataSet 10/EFTA01502617.pdf,https://www.justice.gov/epstein/files/DataSet 10/EFTA01502617.mov
https://www.justice.gov/epstein/files/DataSet 10/EFTA01502695.pdf,https://www.justice.gov/epstein/files/DataSet 10/EFTA01502695.mov
https://www.justice.gov/epstein/files/DataSet 10/EFTA01502729.pdf,https://www.justice.gov/epstein/files/DataSet 10/EFTA01502729.mov
https://www.justice.gov/epstein/files/DataSet 10/EFTA01503003.pdf,https://www.justice.gov/epstein/files/DataSet 10/EFTA01503003.mov
https://www.justice.gov/epstein/files/DataSet 10/EFTA01503422.pdf,https://www.justice.gov/epstein/files/DataSet 10/EFTA01503422.mov
https://www.justice.gov/epstein/files/DataSet 10/EFTA01503435.pdf,https://www.justice.gov/epstein/files/DataSet 10/EFTA01503435.mov
https://www.justice.gov/epstein/files/DataSet 10/EFTA01503447.pdf,https://www.justice.gov/epstein/files/DataSet 10/EFTA01503447.mov
https://www.justice.gov/epstein/files/DataSet 10/EFTA01504111.pdf,https://www.justice.gov/epstein/files/DataSet 10/EFTA01504111.mov
https://www.justice.gov/epstein/files/DataSet 10/EFTA01508108.pdf,https://www.justice.gov/epstein/files/DataSet 10/EFTA01508108.mov
https://www.justice.gov/epstein/files/DataSet 10/EFTA01508131.pdf,https://www.justice.gov/epstein/files/DataSet 10/EFTA01508131.mov
https://www.justice.gov/epstein/files/DataSet 10/EFTA01508142.pdf,https://www.justice.gov/epstein/files/DataSet 10/EFTA01508142.mov
https://www.justice.gov/epstein/files/DataSet 10/EFTA01508649.pdf,https://www.justice.gov/epstein/files/DataSet 10/EFTA01508649.mov
https://www.justice.gov/epstein/files/DataSet 10/EFTA01509153.pdf,https://www.justice.gov/epstein/files/DataSet 10/EFTA01509153.mov
https://www.justice.gov/epstein/files/DataSet 10/EFTA01509236.pdf,https://www.justice.gov/epstein/files/DataSet 10/EFTA01509236.mov
https://www.justice.gov/epstein/files/DataSet 10/EFTA01509280.pdf,https://www.justice.gov/epstein/files/DataSet 10/EFTA01509280.mov
https://www.justice.gov/epstein/files/DataSet 10/EFTA01509296.pdf,https://www.justice.gov/epstein/files/DataSet 10/EFTA01509296.mov
https://www.justice.gov/epstein/files/DataSet 10/EFTA01509315.pdf,https://www.justice.gov/epstein/files/DataSet 10/EFTA01509315.mov
https://www.justice.gov/epstein/files/DataSet 10/EFTA01510540.pdf,https://www.justice.gov/epstein/files/DataSet 10/EFTA01510540.mov
https://www.justice.gov/epstein/files/DataSet 10/EFTA01510843.pdf,https://www.justice.gov/epstein/files/DataSet 10/EFTA01510843.mov
https://www.justice.gov/epstein/files/DataSet 10/EFTA01510991.pdf,https://www.justice.gov/epstein/files/DataSet 10/EFTA01510991.mov
https://www.justice.gov/epstein/files/DataSet 10/EFTA01511114.pdf,https://www.justice.gov/epstein/files/DataSet 10/EFTA01511114.mov
https://www.justice.gov/epstein/files/DataSet 10/EFTA01511241.pdf,https://www.justice.gov/epstein/files/DataSet 10/EFTA01511241.mov
https://www.justice.gov/epstein/files/DataSet 10/EFTA01511272.pdf,https://www.justice.gov/epstein/files/DataSet 10/EFTA01511272.mov
https://www.justice.gov/epstein/files/DataSet 10/EFTA01511306.pdf,https://www.justice.gov/epstein/files/DataSet 10/EFTA01511306.mov
https://www.justice.gov/epstein/files/DataSet 10/EFTA01511525.pdf,https://www.justice.gov/epstein/files/DataSet 10/EFTA01511525.mov
https://www.justice.gov/epstein/files/DataSet 10/EFTA01511679.pdf,https://www.justice.gov/epstein/files/DataSet 10/EFTA01511679.mov
https://www.justice.gov/epstein/files/DataSet 10/EFTA01511934.pdf,https://www.justice.gov/epstein/files/DataSet 10/EFTA01511934.mov
https://www.justice.gov/epstein/files/DataSet 10/EFTA01511974.pdf,https://www.justice.gov/epstein/files/DataSet 10/EFTA01511974.mov
https://www.justice.gov/epstein/files/DataSet 10/EFTA01512037.pdf,https://www.justice.gov/epstein/files/DataSet 10/EFTA01512037.mov
https://www.justice.gov/epstein/files/DataSet 10/EFTA01513035.pdf,https://www.justice.gov/epstein/files/DataSet 10/EFTA01513035.mov
https://www.justice.gov/epstein/files/DataSet 10/EFTA01513189.pdf,https://www.justice.gov/epstein/files/DataSet 10/EFTA01513189.mov
https://www.justice.gov/epstein/files/DataSet 10/EFTA01513399.pdf,https://www.justice.gov/epstein/files/DataSet 10/EFTA01513399.mov
https://www.justice.gov/epstein/files/DataSet 10/EFTA01513986.pdf,https://www.justice.gov/epstein/files/DataSet 10/EFTA01513986.mov
https://www.justice.gov/epstein/files/DataSet 10/EFTA01514205.pdf,https://www.justice.gov/epstein/files/DataSet 10/EFTA01514205.mov
https://www.justice.gov/epstein/files/DataSet 10/EFTA01514207.pdf,https://www.justice.gov/epstein/files/DataSet 10/EFTA01514207.mov
https://www.justice.gov/epstein/files/DataSet 10/EFTA01514306.pdf,https://www.justice.gov/epstein/files/DataSet 10/EFTA01514306.mov
https://www.justice.gov/epstein/files/DataSet 10/EFTA01514360.pdf,https://www.justice.gov/epstein/files/DataSet 10/EFTA01514360.mov
https://www.justice.gov/epstein/files/DataSet 10/EFTA01514787.pdf,https://www.justice.gov/epstein/files/DataSet 10/EFTA01514787.mov
https://www.justice.gov/epstein/files/DataSet 10/EFTA01514900.pdf,https://www.justice.gov/epstein/files/DataSet 10/EFTA01514900.mov
https://www.justice.gov/epstein/files/DataSet 10/EFTA01515036.pdf,https://www.justice.gov/epstein/files/DataSet 10/EFTA01515036.mov
https://www.justice.gov/epstein/files/DataSet 10/EFTA01515051.pdf,https://www.justice.gov/epstein/files/DataSet 10/EFTA01515051.mov
https://www.justice.gov/epstein/files/DataSet 10/EFTA01515066.pdf,https://www.justice.gov/epstein/files/DataSet 10/EFTA01515066.mov
https://www.justice.gov/epstein/files/DataSet 10/EFTA01515074.pdf,https://www.justice.gov/epstein/files/DataSet 10/EFTA01515074.mov
https://www.justice.gov/epstein/files/DataSet 10/EFTA01515101.pdf,https://www.justice.gov/epstein/files/DataSet 10/EFTA01515101.mov
https://www.justice.gov/epstein/files/DataSet 10/EFTA01515198.pdf,https://www.justice.gov/epstein/files/DataSet 10/EFTA01515198.mov
https://www.justice.gov/epstein/files/DataSet 10/EFTA01515218.pdf,https://www.justice.gov/epstein/files/DataSet 10/EFTA01515218.mov
https://www.justice.gov/epstein/files/DataSet 10/EFTA01515274.pdf,https://www.justice.gov/epstein/files/DataSet 10/EFTA01515274.mov
https://www.justice.gov/epstein/files/DataSet 10/EFTA01515312.pdf,https://www.justice.gov/epstein/files/DataSet 10/EFTA01515312.mov
https://www.justice.gov/epstein/files/DataSet 10/EFTA01515377.pdf,https://www.justice.gov/epstein/files/DataSet 10/EFTA01515377.mov
https://www.justice.gov/epstein/files/DataSet 10/EFTA01515388.pdf,https://www.justice.gov/epstein/files/DataSet 10/EFTA01515388.mov
https://www.justice.gov/epstein/files/DataSet 10/EFTA01516186.pdf,https://www.justice.gov/epstein/files/DataSet 10/EFTA01516186.mov
https://www.justice.gov/epstein/files/DataSet 10/EFTA01516207.pdf,https://www.justice.gov/epstein/files/DataSet 10/EFTA01516207.mov
https://www.justice.gov/epstein/files/DataSet 10/EFTA01516320.pdf,https://www.justice.gov/epstein/files/DataSet 10/EFTA01516320.mov
https://www.justice.gov/epstein/files/DataSet 10/EFTA01516342.pdf,https://www.justice.gov/epstein/files/DataSet 10/EFTA01516342.mov
https://www.justice.gov/epstein/files/DataSet 10/EFTA01516351.pdf,https://www.justice.gov/epstein/files/DataSet 10/EFTA01516351.mov
https://www.justice.gov/epstein/files/DataSet 10/EFTA01516548.pdf,https://www.justice.gov/epstein/files/DataSet 10/EFTA01516548.mov
https://www.justice.gov/epstein/files/DataSet 10/EFTA01517098.pdf,https://www.justice.gov/epstein/files/DataSet 10/EFTA01517098.mov
https://www.justice.gov/epstein/files/DataSet 10/EFTA01517153.pdf,https://www.justice.gov/epstein/files/DataSet 10/EFTA01517153.mov
https://www.justice.gov/epstein/files/DataSet 10/EFTA01517220.pdf,https://www.justice.gov/epstein/files/DataSet 10/EFTA01517220.mov
https://www.justice.gov/epstein/files/DataSet 10/EFTA01517226.pdf,https://www.justice.gov/epstein/files/DataSet 10/EFTA01517226.mov
https://www.justice.gov/epstein/files/DataSet 10/EFTA01517423.pdf,https://www.justice.gov/epstein/files/DataSet 10/EFTA01517423.mov
https://www.justice.gov/epstein/files/DataSet 10/EFTA01522177.pdf,https://www.justice.gov/epstein/files/DataSet 10/EFTA01522177.mov
https://www.justice.gov/epstein/files/DataSet 10/EFTA01524007.pdf,https://www.justice.gov/epstein/files/DataSet 10/EFTA01524007.mov
https://www.justice.gov/epstein/files/DataSet 10/EFTA01524488.pdf,https://www.justice.gov/epstein/files/DataSet 10/EFTA01524488.mov
https://www.justice.gov/epstein/files/DataSet 10/EFTA01524861.pdf,https://www.justice.gov/epstein/files/DataSet 10/EFTA01524861.mov
https://www.justice.gov/epstein/files/DataSet 10/EFTA01524881.pdf,https://www.justice.gov/epstein/files/DataSet 10/EFTA01524881.mov
https://www.justice.gov/epstein/files/DataSet 10/EFTA01524982.pdf,https://www.justice.gov/epstein/files/DataSet 10/EFTA01524982.mov
https://www.justice.gov/epstein/files/DataSet 10/EFTA01525036.pdf,https://www.justice.gov/epstein/files/DataSet 10/EFTA01525036.mov
https://www.justice.gov/epstein/files/DataSet 10/EFTA01525123.pdf,https://www.justice.gov/epstein/files/DataSet 10/EFTA01525123.mov
https://www.justice.gov/epstein/files/DataSet 10/EFTA01525132.pdf,https://www.justice.gov/epstein/files/DataSet 10/EFTA01525132.mov
https://www.justice.gov/epstein/files/DataSet 10/EFTA01525151.pdf,https://www.justice.gov/epstein/files/DataSet 10/EFTA01525151.mov
https://www.justice.gov/epstein/files/DataSet 10/EFTA01525617.pdf,https://www.justice.gov/epstein/files/DataSet 10/EFTA01525617.mov
https://www.justice.gov/epstein/files/DataSet 10/EFTA01525657.pdf,https://www.justice.gov/epstein/files/DataSet 10/EFTA01525657.mov
https://www.justice.gov/epstein/files/DataSet 10/EFTA01527183.pdf,https://www.justice.gov/epstein/files/DataSet 10/EFTA01527183.mov
https://www.justice.gov/epstein/files/DataSet 10/EFTA01531318.pdf,https://www.justice.gov/epstein/files/DataSet 10/EFTA01531318.mov
https://www.justice.gov/epstein/files/DataSet 10/EFTA01532019.pdf,https://www.justice.gov/epstein/files/DataSet 10/EFTA01532019.mov
https://www.justice.gov/epstein/files/DataSet 10/EFTA01532755.pdf,https://www.justice.gov/epstein/files/DataSet 10/EFTA01532755.mov
https://www.justice.gov/epstein/files/DataSet 10/EFTA01538148.pdf,https://www.justice.gov/epstein/files/DataSet 10/EFTA01538148.mov
https://www.justice.gov/epstein/files/DataSet 10/EFTA01538361.pdf,https://www.justice.gov/epstein/files/DataSet 10/EFTA01538361.mov
https://www.justice.gov/epstein/files/DataSet 10/EFTA01538503.pdf,https://www.justice.gov/epstein/files/DataSet 10/EFTA01538503.mov
https://www.justice.gov/epstein/files/DataSet 10/EFTA01538574.pdf,https://www.justice.gov/epstein/files/DataSet 10/EFTA01538574.mov
https://www.justice.gov/epstein/files/DataSet 10/EFTA01541498.pdf,https://www.justice.gov/epstein/files/DataSet 10/EFTA01541498.mov
https://www.justice.gov/epstein/files/DataSet 10/EFTA01546388.pdf,https://www.justice.gov/epstein/files/DataSet 10/EFTA01546388.mov
https://www.justice.gov/epstein/files/DataSet 10/EFTA01546527.pdf,https://www.justice.gov/epstein/files/DataSet 10/EFTA01546527.mov
https://www.justice.gov/epstein/files/DataSet 10/EFTA01546539.pdf,https://www.justice.gov/epstein/files/DataSet 10/EFTA01546539.mov
https://www.justice.gov/epstein/files/DataSet 10/EFTA01549059.pdf,https://www.justice.gov/epstein/files/DataSet 10/EFTA01549059.mov
https://www.justice.gov/epstein/files/DataSet 10/EFTA01549082.pdf,https://www.justice.gov/epstein/files/DataSet 10/EFTA01549082.mov
https://www.justice.gov/epstein/files/DataSet 10/EFTA01551415.pdf,https://www.justice.gov/epstein/files/DataSet 10/EFTA01551415.mov
https://www.justice.gov/epstein/files/DataSet 10/EFTA01551429.pdf,https://www.justice.gov/epstein/files/DataSet 10/EFTA01551429.mov
https://www.justice.gov/epstein/files/DataSet 10/EFTA01559653.pdf,https://www.justice.gov/epstein/files/DataSet 10/EFTA01559653.mov
https://www.justice.gov/epstein/files/DataSet 10/EFTA01560832.pdf,https://www.justice.gov/epstein/files/DataSet 10/EFTA01560832.mov
https://www.justice.gov/epstein/files/DataSet 10/EFTA01560862.pdf,https://www.justice.gov/epstein/files/DataSet 10/EFTA01560862.mov
https://www.justice.gov/epstein/files/DataSet 10/EFTA01560898.pdf,https://www.justice.gov/epstein/files/DataSet 10/EFTA01560898.mov
https://www.justice.gov/epstein/files/DataSet 10/EFTA01562088.pdf,https://www.justice.gov/epstein/files/DataSet 10/EFTA01562088.mov
https://www.justice.gov/epstein/files/DataSet 10/EFTA01562125.pdf,https://www.justice.gov/epstein/files/DataSet 10/EFTA01562125.mov
https://www.justice.gov/epstein/files/DataSet 10/EFTA01562169.pdf,https://www.justice.gov/epstein/files/DataSet 10/EFTA01562169.mov
https://www.justice.gov/epstein/files/DataSet 10/EFTA01562522.pdf,https://www.justice.gov/epstein/files/DataSet 10/EFTA01562522.mov
https://www.justice.gov/epstein/files/DataSet 10/EFTA01562792.pdf,https://www.justice.gov/epstein/files/DataSet 10/EFTA01562792.mov
https://www.justice.gov/epstein/files/DataSet 10/EFTA01562804.pdf,https://www.justice.gov/epstein/files/DataSet 10/EFTA01562804.mov
https://www.justice.gov/epstein/files/DataSet 10/EFTA01562941.pdf,https://www.justice.gov/epstein/files/DataSet 10/EFTA01562941.mov
https://www.justice.gov/epstein/files/DataSet 10/EFTA01563079.pdf,https://www.justice.gov/epstein/files/DataSet 10/EFTA01563079.mov
https://www.justice.gov/epstein/files/DataSet 10/EFTA01563126.pdf,https://www.justice.gov/epstein/files/DataSet 10/EFTA01563126.mov
https://www.justice.gov/epstein/files/DataSet 10/EFTA01563162.pdf,https://www.justice.gov/epstein/files/DataSet 10/EFTA01563162.mov
https://www.justice.gov/epstein/files/DataSet 10/EFTA01563441.pdf,https://www.justice.gov/epstein/files/DataSet 10/EFTA01563441.mov
https://www.justice.gov/epstein/files/DataSet 10/EFTA01563447.pdf,https://www.justice.gov/epstein/files/DataSet 10/EFTA01563447.mov
https://www.justice.gov/epstein/files/DataSet 10/EFTA01563553.pdf,https://www.justice.gov/epstein/files/DataSet 10/EFTA01563553.mov
https://www.justice.gov/epstein/files/DataSet 10/EFTA01564534.pdf,https://www.justice.gov/epstein/files/DataSet 10/EFTA01564534.mov
https://www.justice.gov/epstein/files/DataSet 10/EFTA01564552.pdf,https://www.justice.gov/epstein/files/DataSet 10/EFTA01564552.mov
https://www.justice.gov/epstein/files/DataSet 10/EFTA01564554.pdf,https://www.justice.gov/epstein/files/DataSet 10/EFTA01564554.mov
https://www.justice.gov/epstein/files/DataSet 10/EFTA01564566.pdf,https://www.justice.gov/epstein/files/DataSet 10/EFTA01564566.mov
https://www.justice.gov/epstein/files/DataSet 10/EFTA01564584.pdf,https://www.justice.gov/epstein/files/DataSet 10/EFTA01564584.mov
https://www.justice.gov/epstein/files/DataSet 10/EFTA01564695.pdf,https://www.justice.gov/epstein/files/DataSet 10/EFTA01564695.mov
https://www.justice.gov/epstein/files/DataSet 10/EFTA01564719.pdf,https://www.justice.gov/epstein/files/DataSet 10/EFTA01564719.mov
https://www.justice.gov/epstein/files/DataSet 10/EFTA01564948.pdf,https://www.justice.gov/epstein/files/DataSet 10/EFTA01564948.mov
https://www.justice.gov/epstein/files/DataSet 10/EFTA01574487.pdf,https://www.justice.gov/epstein/files/DataSet 10/EFTA01574487.mov
https://www.justice.gov/epstein/files/DataSet 10/EFTA01575743.pdf,https://www.justice.gov/epstein/files/DataSet 10/EFTA01575743.mov
https://www.justice.gov/epstein/files/DataSet 10/EFTA01575772.pdf,https://www.justice.gov/epstein/files/DataSet 10/EFTA01575772.mov
https://www.justice.gov/epstein/files/DataSet 10/EFTA01576460.pdf,https://www.justice.gov/epstein/files/DataSet 10/EFTA01576460.mov
https://www.justice.gov/epstein/files/DataSet 10/EFTA01577045.pdf,https://www.justice.gov/epstein/files/DataSet 10/EFTA01577045.mov
https://www.justice.gov/epstein/files/DataSet 10/EFTA01577270.pdf,https://www.justice.gov/epstein/files/DataSet 10/EFTA01577270.mov
https://www.justice.gov/epstein/files/DataSet 10/EFTA01578264.pdf,https://www.justice.gov/epstein/files/DataSet 10/EFTA01578264.mov
https://www.justice.gov/epstein/files/DataSet 10/EFTA01582746.pdf,https://www.justice.gov/epstein/files/DataSet 10/EFTA01582746.mov
https://www.justice.gov/epstein/files/DataSet 10/EFTA01582749.pdf,https://www.justice.gov/epstein/files/DataSet 10/EFTA01582749.mov
https://www.justice.gov/epstein/files/DataSet 10/EFTA01582751.pdf,https://www.justice.gov/epstein/files/DataSet 10/EFTA01582751.mov
https://www.justice.gov/epstein/files/DataSet 10/EFTA01582754.pdf,https://www.justice.gov/epstein/files/DataSet 10/EFTA01582754.mov
https://www.justice.gov/epstein/files/DataSet 10/EFTA01582829.pdf,https://www.justice.gov/epstein/files/DataSet 10/EFTA01582829.mov
https://www.justice.gov/epstein/files/DataSet 10/EFTA01582866.pdf,https://www.justice.gov/epstein/files/DataSet 10/EFTA01582866.mov
https://www.justice.gov/epstein/files/DataSet 10/EFTA01582868.pdf,https://www.justice.gov/epstein/files/DataSet 10/EFTA01582868.mov
https://www.justice.gov/epstein/files/DataSet 10/EFTA01583331.pdf,https://www.justice.gov/epstein/files/DataSet 10/EFTA01583331.mov
https://www.justice.gov/epstein/files/DataSet 10/EFTA01584361.pdf,https://www.justice.gov/epstein/files/DataSet 10/EFTA01584361.mov
https://www.justice.gov/epstein/files/DataSet 10/EFTA01584404.pdf,https://www.justice.gov/epstein/files/DataSet 10/EFTA01584404.mov
https://www.justice.gov/epstein/files/DataSet 10/EFTA01584433.pdf,https://www.justice.gov/epstein/files/DataSet 10/EFTA01584433.mov
https://www.justice.gov/epstein/files/DataSet 10/EFTA01585228.pdf,https://www.justice.gov/epstein/files/DataSet 10/EFTA01585228.mov
https://www.justice.gov/epstein/files/DataSet 10/EFTA01585307.pdf,https://www.justice.gov/epstein/files/DataSet 10/EFTA01585307.mov
https://www.justice.gov/epstein/files/DataSet 10/EFTA01595490.pdf,https://www.justice.gov/epstein/files/DataSet 10/EFTA01595490.mov
https://www.justice.gov/epstein/files/DataSet 10/EFTA01595513.pdf,https://www.justice.gov/epstein/files/DataSet 10/EFTA01595513.mov
https://www.justice.gov/epstein/files/DataSet 10/EFTA01595602.pdf,https://www.justice.gov/epstein/files/DataSet 10/EFTA01595602.mov
https://www.justice.gov/epstein/files/DataSet 10/EFTA01600330.pdf,https://www.justice.gov/epstein/files/DataSet 10/EFTA01600330.mov
https://www.justice.gov/epstein/files/DataSet 10/EFTA01600338.pdf,https://www.justice.gov/epstein/files/DataSet 10/EFTA01600338.mov
https://www.justice.gov/epstein/files/DataSet 10/EFTA01612644.pdf,https://www.justice.gov/epstein/files/DataSet 10/EFTA01612644.mov
https://www.justice.gov/epstein/files/DataSet 10/EFTA01613137.pdf,https://www.justice.gov/epstein/files/DataSet 10/EFTA01613137.mov
https://www.justice.gov/epstein/files/DataSet 10/EFTA01613555.pdf,https://www.justice.gov/epstein/files/DataSet 10/EFTA01613555.mov
https://www.justice.gov/epstein/files/DataSet 10/EFTA01614922.pdf,https://www.justice.gov/epstein/files/DataSet 10/EFTA01614922.mov
https://www.justice.gov/epstein/files/DataSet 10/EFTA01616744.pdf,https://www.justice.gov/epstein/files/DataSet 10/EFTA01616744.mov
https://www.justice.gov/epstein/files/DataSet 10/EFTA01618440.pdf,https://www.justice.gov/epstein/files/DataSet 10/EFTA01618440.mov
https://www.justice.gov/epstein/files/DataSet 10/EFTA01619780.pdf,https://www.justice.gov/epstein/files/DataSet 10/EFTA01619780.mov
https://www.justice.gov/epstein/files/DataSet 10/EFTA01620670.pdf,https://www.justice.gov/epstein/files/DataSet 10/EFTA01620670.mov
https://www.justice.gov/epstein/files/DataSet 10/EFTA01621650.pdf,https://www.justice.gov/epstein/files/DataSet 10/EFTA01621650.mov
https://www.justice.gov/epstein/files/DataSet 10/EFTA01622629.pdf,https://www.justice.gov/epstein/files/DataSet 10/EFTA01622629.mov
https://www.justice.gov/epstein/files/DataSet 10/EFTA01622681.pdf,https://www.justice.gov/epstein/files/DataSet 10/EFTA01622681.mov
https://www.justice.gov/epstein/files/DataSet 10/EFTA01622892.pdf,https://www.justice.gov/epstein/files/DataSet 10/EFTA01622892.mov
https://www.justice.gov/epstein/files/DataSet 10/EFTA01622902.pdf,https://www.justice.gov/epstein/files/DataSet 10/EFTA01622902.mov
https://www.justice.gov/epstein/files/DataSet 10/EFTA01622998.pdf,https://www.justice.gov/epstein/files/DataSet 10/EFTA01622998.mov
https://www.justice.gov/epstein/files/DataSet 10/EFTA01623107.pdf,https://www.justice.gov/epstein/files/DataSet 10/EFTA01623107.mov
https://www.justice.gov/epstein/files/DataSet 10/EFTA01623147.pdf,https://www.justice.gov/epstein/files/DataSet 10/EFTA01623147.mov
https://www.justice.gov/epstein/files/DataSet 10/EFTA01623160.pdf,https://www.justice.gov/epstein/files/DataSet 10/EFTA01623160.mov
https://www.justice.gov/epstein/files/DataSet 10/EFTA01623642.pdf,https://www.justice.gov/epstein/files/DataSet 10/EFTA01623642.mov
https://www.justice.gov/epstein/files/DataSet 10/EFTA01624239.pdf,https://www.justice.gov/epstein/files/DataSet 10/EFTA01624239.mov
https://www.justice.gov/epstein/files/DataSet 10/EFTA01625896.pdf,https://www.justice.gov/epstein/files/DataSet 10/EFTA01625896.mov
https://www.justice.gov/epstein/files/DataSet 10/EFTA01648815.pdf,https://www.justice.gov/epstein/files/DataSet 10/EFTA01648815.mov
https://www.justice.gov/epstein/files/DataSet 10/EFTA01648909.pdf,https://www.justice.gov/epstein/files/DataSet 10/EFTA01648909.mov
https://www.justice.gov/epstein/files/DataSet 10/EFTA01649380.pdf,https://www.justice.gov/epstein/files/DataSet 10/EFTA01649380.mov
https://www.justice.gov/epstein/files/DataSet 10/EFTA01649596.pdf,https://www.justice.gov/epstein/files/DataSet 10/EFTA01649596.mov
https://www.justice.gov/epstein/files/DataSet 10/EFTA01650870.pdf,https://www.justice.gov/epstein/files/DataSet 10/EFTA01650870.mov
https://www.justice.gov/epstein/files/DataSet 10/EFTA01651009.pdf,https://www.justice.gov/epstein/files/DataSet 10/EFTA01651009.mov
https://www.justice.gov/epstein/files/DataSet 10/EFTA01651344.pdf,https://www.justice.gov/epstein/files/DataSet 10/EFTA01651344.mov
https://www.justice.gov/epstein/files/DataSet 10/EFTA01651426.pdf,https://www.justice.gov/epstein/files/DataSet 10/EFTA01651426.mov
https://www.justice.gov/epstein/files/DataSet 10/EFTA01651712.pdf,https://www.justice.gov/epstein/files/DataSet 10/EFTA01651712.mov
https://www.justice.gov/epstein/files/DataSet 10/EFTA01651724.pdf,https://www.justice.gov/epstein/files/DataSet 10/EFTA01651724.mov
https://www.justice.gov/epstein/files/DataSet 10/EFTA01651850.pdf,https://www.justice.gov/epstein/files/DataSet 10/EFTA01651850.mov
https://www.justice.gov/epstein/files/DataSet 10/EFTA01652521.pdf,https://www.justice.gov/epstein/files/DataSet 10/EFTA01652521.mov
https://www.justice.gov/epstein/files/DataSet 10/EFTA01653448.pdf,https://www.justice.gov/epstein/files/DataSet 10/EFTA01653448.mov
https://www.justice.gov/epstein/files/DataSet 10/EFTA01653832.pdf,https://www.justice.gov/epstein/files/DataSet 10/EFTA01653832.mov
https://www.justice.gov/epstein/files/DataSet 10/EFTA01654271.pdf,https://www.justice.gov/epstein/files/DataSet 10/EFTA01654271.mov
https://www.justice.gov/epstein/files/DataSet 10/EFTA01654320.pdf,https://www.justice.gov/epstein/files/DataSet 10/EFTA01654320.mov
https://www.justice.gov/epstein/files/DataSet 10/EFTA01654565.pdf,https://www.justice.gov/epstein/files/DataSet 10/EFTA01654565.mov
https://www.justice.gov/epstein/files/DataSet 10/EFTA01656972.pdf,https://www.justice.gov/epstein/files/DataSet 10/EFTA01656972.mov
https://www.justice.gov/epstein/files/DataSet 10/EFTA01657149.pdf,https://www.justice.gov/epstein/files/DataSet 10/EFTA01657149.mov
https://www.justice.gov/epstein/files/DataSet 10/EFTA01659570.pdf,https://www.justice.gov/epstein/files/DataSet 10/EFTA01659570.mov
https://www.justice.gov/epstein/files/DataSet 10/EFTA01659575.pdf,https://www.justice.gov/epstein/files/DataSet 10/EFTA01659575.mov
https://www.justice.gov/epstein/files/DataSet 10/EFTA01659738.pdf,https://www.justice.gov/epstein/files/DataSet 10/EFTA01659738.mov
https://www.justice.gov/epstein/files/DataSet 10/EFTA01659741.pdf,https://www.justice.gov/epstein/files/DataSet 10/EFTA01659741.mov
https://www.justice.gov/epstein/files/DataSet 10/EFTA01659747.pdf,https://www.justice.gov/epstein/files/DataSet 10/EFTA01659747.mov
https://www.justice.gov/epstein/files/DataSet 10/EFTA01659877.pdf,https://www.justice.gov/epstein/files/DataSet 10/EFTA01659877.mov
https://www.justice.gov/epstein/files/DataSet 10/EFTA01659902.pdf,https://www.justice.gov/epstein/files/DataSet 10/EFTA01659902.mov
https://www.justice.gov/epstein/files/DataSet 10/EFTA01660375.pdf,https://www.justice.gov/epstein/files/DataSet 10/EFTA01660375.mov
https://www.justice.gov/epstein/files/DataSet 10/EFTA01660648.pdf,https://www.justice.gov/epstein/files/DataSet 10/EFTA01660648.mov
https://www.justice.gov/epstein/files/DataSet 10/EFTA01681927.pdf,https://www.justice.gov/epstein/files/DataSet 10/EFTA01681927.mov
https://www.justice.gov/epstein/files/DataSet 10/EFTA01682370.pdf,https://www.justice.gov/epstein/files/DataSet 10/EFTA01682370.mov
https://www.justice.gov/epstein/files/DataSet 10/EFTA01683980.pdf,https://www.justice.gov/epstein/files/DataSet 10/EFTA01683980.mov
https://www.justice.gov/epstein/files/DataSet 10/EFTA01697535.pdf,https://www.justice.gov/epstein/files/DataSet 10/EFTA01697535.mov
https://www.justice.gov/epstein/files/DataSet 10/EFTA01699161.pdf,https://www.justice.gov/epstein/files/DataSet 10/EFTA01699161.mov
https://www.justice.gov/epstein/files/DataSet 10/EFTA01699932.pdf,https://www.justice.gov/epstein/files/DataSet 10/EFTA01699932.mov
https://www.justice.gov/epstein/files/DataSet 10/EFTA01720294.pdf,https://www.justice.gov/epstein/files/DataSet 10/EFTA01720294.mov
https://www.justice.gov/epstein/files/DataSet 10/EFTA01720967.pdf,https://www.justice.gov/epstein/files/DataSet 10/EFTA01720967.mov
https://www.justice.gov/epstein/files/DataSet 10/EFTA01733298.pdf,https://www.justice.gov/epstein/files/DataSet 10/EFTA01733298.mov
https://www.justice.gov/epstein/files/DataSet 10/EFTA01734466.pdf,https://www.justice.gov/epstein/files/DataSet 10/EFTA01734466.mov
https://www.justice.gov/epstein/files/DataSet 10/EFTA01734838.pdf,https://www.justice.gov/epstein/files/DataSet 10/EFTA01734838.mov
https://www.justice.gov/epstein/files/DataSet 10/EFTA01735597.pdf,https://www.justice.gov/epstein/files/DataSet 10/EFTA01735597.mov
https://www.justice.gov/epstein/files/DataSet 10/EFTA01737548.pdf,https://www.justice.gov/epstein/files/DataSet 10/EFTA01737548.mov
https://www.justice.gov/epstein/files/DataSet 10/EFTA01738173.pdf,https://www.justice.gov/epstein/files/DataSet 10/EFTA01738173.mov
https://www.justice.gov/epstein/files/DataSet 10/EFTA01741816.pdf,https://www.justice.gov/epstein/files/DataSet 10/EFTA01741816.mov
https://www.justice.gov/epstein/files/DataSet 10/EFTA01742373.pdf,https://www.justice.gov/epstein/files/DataSet 10/EFTA01742373.mov
https://www.justice.gov/epstein/files/DataSet 10/EFTA01743403.pdf,https://www.justice.gov/epstein/files/DataSet 10/EFTA01743403.mov
https://www.justice.gov/epstein/files/DataSet 10/EFTA01744182.pdf,https://www.justice.gov/epstein/files/DataSet 10/EFTA01744182.mov
https://www.justice.gov/epstein/files/DataSet 10/EFTA01748519.pdf,https://www.justice.gov/epstein/files/DataSet 10/EFTA01748519.mov
https://www.justice.gov/epstein/files/DataSet 10/EFTA01748629.pdf,https://www.justice.gov/epstein/files/DataSet 10/EFTA01748629.mov
https://www.justice.gov/epstein/files/DataSet 10/EFTA01749241.pdf,https://www.justice.gov/epstein/files/DataSet 10/EFTA01749241.mov
https://www.justice.gov/epstein/files/DataSet 10/EFTA01752274.pdf,https://www.justice.gov/epstein/files/DataSet 10/EFTA01752274.mov
https://www.justice.gov/epstein/files/DataSet 10/EFTA01752688.pdf,https://www.justice.gov/epstein/files/DataSet 10/EFTA01752688.mov
https://www.justice.gov/epstein/files/DataSet 10/EFTA01753414.pdf,https://www.justice.gov/epstein/files/DataSet 10/EFTA01753414.mov
https://www.justice.gov/epstein/files/DataSet 10/EFTA01754097.pdf,https://www.justice.gov/epstein/files/DataSet 10/EFTA01754097.mov
https://www.justice.gov/epstein/files/DataSet 10/EFTA01755741.pdf,https://www.justice.gov/epstein/files/DataSet 10/EFTA01755741.mov
https://www.justice.gov/epstein/files/DataSet 10/EFTA01758566.pdf,https://www.justice.gov/epstein/files/DataSet 10/EFTA01758566.mov
https://www.justice.gov/epstein/files/DataSet 10/EFTA01758930.pdf,https://www.justice.gov/epstein/files/DataSet 10/EFTA01758930.mov
https://www.justice.gov/epstein/files/DataSet 10/EFTA01759619.pdf,https://www.justice.gov/epstein/files/DataSet 10/EFTA01759619.mov
https://www.justice.gov/epstein/files/DataSet 10/EFTA01759851.pdf,https://www.justice.gov/epstein/files/DataSet 10/EFTA01759851.mov
https://www.justice.gov/epstein/files/DataSet 10/EFTA01762664.pdf,https://www.justice.gov/epstein/files/DataSet 10/EFTA01762664.mov
https://www.justice.gov/epstein/files/DataSet 10/EFTA01762808.pdf,https://www.justice.gov/epstein/files/DataSet 10/EFTA01762808.mov
https://www.justice.gov/epstein/files/DataSet 10/EFTA01766657.pdf,https://www.justice.gov/epstein/files/DataSet 10/EFTA01766657.mov
https://www.justice.gov/epstein/files/DataSet 10/EFTA01769172.pdf,https://www.justice.gov/epstein/files/DataSet 10/EFTA01769172.mov
https://www.justice.gov/epstein/files/DataSet 10/EFTA01771499.pdf,https://www.justice.gov/epstein/files/DataSet 10/EFTA01771499.mov
https://www.justice.gov/epstein/files/DataSet 10/EFTA01776764.pdf,https://www.justice.gov/epstein/files/DataSet 10/EFTA01776764.mov
https://www.justice.gov/epstein/files/DataSet 10/EFTA01778223.pdf,https://www.justice.gov/epstein/files/DataSet 10/EFTA01778223.mov
https://www.justice.gov/epstein/files/DataSet 10/EFTA01780284.pdf,https://www.justice.gov/epstein/files/DataSet 10/EFTA01780284.mov
https://www.justice.gov/epstein/files/DataSet 10/EFTA01780735.pdf,https://www.justice.gov/epstein/files/DataSet 10/EFTA01780735.mov
https://www.justice.gov/epstein/files/DataSet 10/EFTA01780804.pdf,https://www.justice.gov/epstein/files/DataSet 10/EFTA01780804.mov
https://www.justice.gov/epstein/files/DataSet 10/EFTA01782251.pdf,https://www.justice.gov/epstein/files/DataSet 10/EFTA01782251.mov
https://www.justice.gov/epstein/files/DataSet 10/EFTA01783491.pdf,https://www.justice.gov/epstein/files/DataSet 10/EFTA01783491.mov
https://www.justice.gov/epstein/files/DataSet 10/EFTA01785250.pdf,https://www.justice.gov/epstein/files/DataSet 10/EFTA01785250.mov
https://www.justice.gov/epstein/files/DataSet 10/EFTA01786272.pdf,https://www.justice.gov/epstein/files/DataSet 10/EFTA01786272.mov
https://www.justice.gov/epstein/files/DataSet 10/EFTA01786301.pdf,https://www.justice.gov/epstein/files/DataSet 10/EFTA01786301.mov
https://www.justice.gov/epstein/files/DataSet 10/EFTA01789397.pdf,https://www.justice.gov/epstein/files/DataSet 10/EFTA01789397.mov
https://www.justice.gov/epstein/files/DataSet 10/EFTA01793736.pdf,https://www.justice.gov/epstein/files/DataSet 10/EFTA01793736.mov
https://www.justice.gov/epstein/files/DataSet 10/EFTA01794474.pdf,https://www.justice.gov/epstein/files/DataSet 10/EFTA01794474.mov
https://www.justice.gov/epstein/files/DataSet 10/EFTA01795424.pdf,https://www.justice.gov/epstein/files/DataSet 10/EFTA01795424.mov
https://www.justice.gov/epstein/files/DataSet 10/EFTA01797002.pdf,https://www.justice.gov/epstein/files/DataSet 10/EFTA01797002.mov
https://www.justice.gov/epstein/files/DataSet 10/EFTA01798119.pdf,https://www.justice.gov/epstein/files/DataSet 10/EFTA01798119.mov
https://www.justice.gov/epstein/files/DataSet 10/EFTA01801651.pdf,https://www.justice.gov/epstein/files/DataSet 10/EFTA01801651.mov
https://www.justice.gov/epstein/files/DataSet 10/EFTA01802611.pdf,https://www.justice.gov/epstein/files/DataSet 10/EFTA01802611.mov
https://www.justice.gov/epstein/files/DataSet 10/EFTA01804493.pdf,https://www.justice.gov/epstein/files/DataSet 10/EFTA01804493.mov
https://www.justice.gov/epstein/files/DataSet 10/EFTA01807039.pdf,https://www.justice.gov/epstein/files/DataSet 10/EFTA01807039.mov
https://www.justice.gov/epstein/files/DataSet 10/EFTA01808521.pdf,https://www.justice.gov/epstein/files/DataSet 10/EFTA01808521.mov
https://www.justice.gov/epstein/files/DataSet 10/EFTA01808569.pdf,https://www.justice.gov/epstein/files/DataSet 10/EFTA01808569.mov
https://www.justice.gov/epstein/files/DataSet 10/EFTA01809881.pdf,https://www.justice.gov/epstein/files/DataSet 10/EFTA01809881.mov
https://www.justice.gov/epstein/files/DataSet 10/EFTA01813380.pdf,https://www.justice.gov/epstein/files/DataSet 10/EFTA01813380.mov
https://www.justice.gov/epstein/files/DataSet 10/EFTA01817589.pdf,https://www.justice.gov/epstein/files/DataSet 10/EFTA01817589.mov
https://www.justice.gov/epstein/files/DataSet 10/EFTA01818279.pdf,https://www.justice.gov/epstein/files/DataSet 10/EFTA01818279.mov
https://www.justice.gov/epstein/files/DataSet 10/EFTA01819123.pdf,https://www.justice.gov/epstein/files/DataSet 10/EFTA01819123.mov
https://www.justice.gov/epstein/files/DataSet 10/EFTA01819210.pdf,https://www.justice.gov/epstein/files/DataSet 10/EFTA01819210.mov
https://www.justice.gov/epstein/files/DataSet 10/EFTA01820379.pdf,https://www.justice.gov/epstein/files/DataSet 10/EFTA01820379.mov
https://www.justice.gov/epstein/files/DataSet 10/EFTA01821032.pdf,https://www.justice.gov/epstein/files/DataSet 10/EFTA01821032.mov
https://www.justice.gov/epstein/files/DataSet 10/EFTA01821122.pdf,https://www.justice.gov/epstein/files/DataSet 10/EFTA01821122.mov
https://www.justice.gov/epstein/files/DataSet 10/EFTA01821189.pdf,https://www.justice.gov/epstein/files/DataSet 10/EFTA01821189.mov
https://www.justice.gov/epstein/files/DataSet 10/EFTA01821413.pdf,https://www.justice.gov/epstein/files/DataSet 10/EFTA01821413.mov
https://www.justice.gov/epstein/files/DataSet 10/EFTA01821553.pdf,https://www.justice.gov/epstein/files/DataSet 10/EFTA01821553.mov
https://www.justice.gov/epstein/files/DataSet 10/EFTA01822690.pdf,https://www.justice.gov/epstein/files/DataSet 10/EFTA01822690.mov
https://www.justice.gov/epstein/files/DataSet 10/EFTA01823602.pdf,https://www.justice.gov/epstein/files/DataSet 10/EFTA01823602.mov
https://www.justice.gov/epstein/files/DataSet 10/EFTA01824046.pdf,https://www.justice.gov/epstein/files/DataSet 10/EFTA01824046.mov
https://www.justice.gov/epstein/files/DataSet 10/EFTA01827410.pdf,https://www.justice.gov/epstein/files/DataSet 10/EFTA01827410.mov
https://www.justice.gov/epstein/files/DataSet 10/EFTA01827588.pdf,https://www.justice.gov/epstein/files/DataSet 10/EFTA01827588.mov
https://www.justice.gov/epstein/files/DataSet 10/EFTA01827920.pdf,https://www.justice.gov/epstein/files/DataSet 10/EFTA01827920.mov
https://www.justice.gov/epstein/files/DataSet 10/EFTA01828853.pdf,https://www.justice.gov/epstein/files/DataSet 10/EFTA01828853.mov
https://www.justice.gov/epstein/files/DataSet 10/EFTA01829524.pdf,https://www.justice.gov/epstein/files/DataSet 10/EFTA01829524.mov
https://www.justice.gov/epstein/files/DataSet 10/EFTA01830381.pdf,https://www.justice.gov/epstein/files/DataSet 10/EFTA01830381.mov
https://www.justice.gov/epstein/files/DataSet 10/EFTA01833486.pdf,https://www.justice.gov/epstein/files/DataSet 10/EFTA01833486.mov
https://www.justice.gov/epstein/files/DataSet 10/EFTA01834884.pdf,https://www.justice.gov/epstein/files/DataSet 10/EFTA01834884.mov
https://www.justice.gov/epstein/files/DataSet 10/EFTA01835882.pdf,https://www.justice.gov/epstein/files/DataSet 10/EFTA01835882.mov
https://www.justice.gov/epstein/files/DataSet 10/EFTA01837577.pdf,https://www.justice.gov/epstein/files/DataSet 10/EFTA01837577.mov
https://www.justice.gov/epstein/files/DataSet 10/EFTA01838270.pdf,https://www.justice.gov/epstein/files/DataSet 10/EFTA01838270.mov
https://www.justice.gov/epstein/files/DataSet 10/EFTA01840213.pdf,https://www.justice.gov/epstein/files/DataSet 10/EFTA01840213.mov
https://www.justice.gov/epstein/files/DataSet 10/EFTA01842008.pdf,https://www.justice.gov/epstein/files/DataSet 10/EFTA01842008.mov
https://www.justice.gov/epstein/files/DataSet 10/EFTA01842802.pdf,https://www.justice.gov/epstein/files/DataSet 10/EFTA01842802.mov
https://www.justice.gov/epstein/files/DataSet 10/EFTA01844683.pdf,https://www.justice.gov/epstein/files/DataSet 10/EFTA01844683.mov
https://www.justice.gov/epstein/files/DataSet 10/EFTA01845079.pdf,https://www.justice.gov/epstein/files/DataSet 10/EFTA01845079.mov
https://www.justice.gov/epstein/files/DataSet 10/EFTA01845305.pdf,https://www.justice.gov/epstein/files/DataSet 10/EFTA01845305.mov
https://www.justice.gov/epstein/files/DataSet 10/EFTA01845664.pdf,https://www.justice.gov/epstein/files/DataSet 10/EFTA01845664.mov
https://www.justice.gov/epstein/files/DataSet 10/EFTA01848875.pdf,https://www.justice.gov/epstein/files/DataSet 10/EFTA01848875.mov
https://www.justice.gov/epstein/files/DataSet 10/EFTA01849130.pdf,https://www.justice.gov/epstein/files/DataSet 10/EFTA01849130.mov
https://www.justice.gov/epstein/files/DataSet 10/EFTA01850250.pdf,https://www.justice.gov/epstein/files/DataSet 10/EFTA01850250.mov
https://www.justice.gov/epstein/files/DataSet 10/EFTA01850449.pdf,https://www.justice.gov/epstein/files/DataSet 10/EFTA01850449.mov
https://www.justice.gov/epstein/files/DataSet 10/EFTA01850625.pdf,https://www.justice.gov/epstein/files/DataSet 10/EFTA01850625.mov
https://www.justice.gov/epstein/files/DataSet 10/EFTA01854814.pdf,https://www.justice.gov/epstein/files/DataSet 10/EFTA01854814.mov
https://www.justice.gov/epstein/files/DataSet 10/EFTA01854966.pdf,https://www.justice.gov/epstein/files/DataSet 10/EFTA01854966.mov
https://www.justice.gov/epstein/files/DataSet 10/EFTA01855087.pdf,https://www.justice.gov/epstein/files/DataSet 10/EFTA01855087.mov
https://www.justice.gov/epstein/files/DataSet 10/EFTA01856790.pdf,https://www.justice.gov/epstein/files/DataSet 10/EFTA01856790.mov
https://www.justice.gov/epstein/files/DataSet 10/EFTA01856925.pdf,https://www.justice.gov/epstein/files/DataSet 10/EFTA01856925.mov
https://www.justice.gov/epstein/files/DataSet 10/EFTA01859347.pdf,https://www.justice.gov/epstein/files/DataSet 10/EFTA01859347.mov
https://www.justice.gov/epstein/files/DataSet 10/EFTA01860214.pdf,https://www.justice.gov/epstein/files/DataSet 10/EFTA01860214.mov
https://www.justice.gov/epstein/files/DataSet 10/EFTA01860215.pdf,https://www.justice.gov/epstein/files/DataSet 10/EFTA01860215.mov
https://www.justice.gov/epstein/files/DataSet 10/EFTA01860853.pdf,https://www.justice.gov/epstein/files/DataSet 10/EFTA01860853.mov
https://www.justice.gov/epstein/files/DataSet 10/EFTA01861110.pdf,https://www.justice.gov/epstein/files/DataSet 10/EFTA01861110.mov
https://www.justice.gov/epstein/files/DataSet 10/EFTA01863235.pdf,https://www.justice.gov/epstein/files/DataSet 10/EFTA01863235.mov
https://www.justice.gov/epstein/files/DataSet 10/EFTA01864349.pdf,https://www.justice.gov/epstein/files/DataSet 10/EFTA01864349.mov
https://www.justice.gov/epstein/files/DataSet 10/EFTA01864636.pdf,https://www.justice.gov/epstein/files/DataSet 10/EFTA01864636.mov
https://www.justice.gov/epstein/files/DataSet 10/EFTA01867259.pdf,https://www.justice.gov/epstein/files/DataSet 10/EFTA01867259.mov
https://www.justice.gov/epstein/files/DataSet 10/EFTA01868042.pdf,https://www.justice.gov/epstein/files/DataSet 10/EFTA01868042.mov
https://www.justice.gov/epstein/files/DataSet 10/EFTA01871662.pdf,https://www.justice.gov/epstein/files/DataSet 10/EFTA01871662.mov
https://www.justice.gov/epstein/files/DataSet 10/EFTA01873920.pdf,https://www.justice.gov/epstein/files/DataSet 10/EFTA01873920.mov
https://www.justice.gov/epstein/files/DataSet 10/EFTA01874481.pdf,https://www.justice.gov/epstein/files/DataSet 10/EFTA01874481.mov
https://www.justice.gov/epstein/files/DataSet 10/EFTA01875856.pdf,https://www.justice.gov/epstein/files/DataSet 10/EFTA01875856.mov
https://www.justice.gov/epstein/files/DataSet 10/EFTA01876288.pdf,https://www.justice.gov/epstein/files/DataSet 10/EFTA01876288.mov
https://www.justice.gov/epstein/files/DataSet 10/EFTA01876843.pdf,https://www.justice.gov/epstein/files/DataSet 10/EFTA01876843.mov
https://www.justice.gov/epstein/files/DataSet 10/EFTA01878184.pdf,https://www.justice.gov/epstein/files/DataSet 10/EFTA01878184.mov
https://www.justice.gov/epstein/files/DataSet 10/EFTA01878254.pdf,https://www.justice.gov/epstein/files/DataSet 10/EFTA01878254.mov
https://www.justice.gov/epstein/files/DataSet 10/EFTA01880259.pdf,https://www.justice.gov/epstein/files/DataSet 10/EFTA01880259.mov
https://www.justice.gov/epstein/files/DataSet 10/EFTA01881118.pdf,https://www.justice.gov/epstein/files/DataSet 10/EFTA01881118.mov
https://www.justice.gov/epstein/files/DataSet 10/EFTA01881260.pdf,https://www.justice.gov/epstein/files/DataSet 10/EFTA01881260.mov
https://www.justice.gov/epstein/files/DataSet 10/EFTA01882966.pdf,https://www.justice.gov/epstein/files/DataSet 10/EFTA01882966.mov
https://www.justice.gov/epstein/files/DataSet 10/EFTA01884906.pdf,https://www.justice.gov/epstein/files/DataSet 10/EFTA01884906.mov
https://www.justice.gov/epstein/files/DataSet 10/EFTA01885039.pdf,https://www.justice.gov/epstein/files/DataSet 10/EFTA01885039.mov
https://www.justice.gov/epstein/files/DataSet 10/EFTA01885571.pdf,https://www.justice.gov/epstein/files/DataSet 10/EFTA01885571.mov
https://www.justice.gov/epstein/files/DataSet 10/EFTA01885961.pdf,https://www.justice.gov/epstein/files/DataSet 10/EFTA01885961.mov
https://www.justice.gov/epstein/files/DataSet 10/EFTA01886357.pdf,https://www.justice.gov/epstein/files/DataSet 10/EFTA01886357.mov
https://www.justice.gov/epstein/files/DataSet 10/EFTA01886699.pdf,https://www.justice.gov/epstein/files/DataSet 10/EFTA01886699.mov
https://www.justice.gov/epstein/files/DataSet 10/EFTA01890159.pdf,https://www.justice.gov/epstein/files/DataSet 10/EFTA01890159.mov
https://www.justice.gov/epstein/files/DataSet 10/EFTA01894486.pdf,https://www.justice.gov/epstein/files/DataSet 10/EFTA01894486.mov
https://www.justice.gov/epstein/files/DataSet 10/EFTA01896176.pdf,https://www.justice.gov/epstein/files/DataSet 10/EFTA01896176.mov
https://www.justice.gov/epstein/files/DataSet 10/EFTA01897105.pdf,https://www.justice.gov/epstein/files/DataSet 10/EFTA01897105.mov
https://www.justice.gov/epstein/files/DataSet 10/EFTA01897620.pdf,https://www.justice.gov/epstein/files/DataSet 10/EFTA01897620.mov
https://www.justice.gov/epstein/files/DataSet 10/EFTA01897848.pdf,https://www.justice.gov/epstein/files/DataSet 10/EFTA01897848.mov
https://www.justice.gov/epstein/files/DataSet 10/EFTA01903006.pdf,https://www.justice.gov/epstein/files/DataSet 10/EFTA01903006.mov
https://www.justice.gov/epstein/files/DataSet 10/EFTA01905793.pdf,https://www.justice.gov/epstein/files/DataSet 10/EFTA01905793.mov
https://www.justice.gov/epstein/files/DataSet 10/EFTA01905864.pdf,https://www.justice.gov/epstein/files/DataSet 10/EFTA01905864.mov
https://www.justice.gov/epstein/files/DataSet 10/EFTA01909303.pdf,https://www.justice.gov/epstein/files/DataSet 10/EFTA01909303.mov
https://www.justice.gov/epstein/files/DataSet 10/EFTA01912612.pdf,https://www.justice.gov/epstein/files/DataSet 10/EFTA01912612.mov
https://www.justice.gov/epstein/files/DataSet 10/EFTA01914091.pdf,https://www.justice.gov/epstein/files/DataSet 10/EFTA01914091.mov
https://www.justice.gov/epstein/files/DataSet 10/EFTA01914617.pdf,https://www.justice.gov/epstein/files/DataSet 10/EFTA01914617.mov
https://www.justice.gov/epstein/files/DataSet 10/EFTA01916176.pdf,https://www.justice.gov/epstein/files/DataSet 10/EFTA01916176.mov
https://www.justice.gov/epstein/files/DataSet 10/EFTA01916997.pdf,https://www.justice.gov/epstein/files/DataSet 10/EFTA01916997.mov
https://www.justice.gov/epstein/files/DataSet 10/EFTA01918276.pdf,https://www.justice.gov/epstein/files/DataSet 10/EFTA01918276.mov
https://www.justice.gov/epstein/files/DataSet 10/EFTA01919108.pdf,https://www.justice.gov/epstein/files/DataSet 10/EFTA01919108.mov
https://www.justice.gov/epstein/files/DataSet 10/EFTA01920167.pdf,https://www.justice.gov/epstein/files/DataSet 10/EFTA01920167.mov
https://www.justice.gov/epstein/files/DataSet 10/EFTA01921686.pdf,https://www.justice.gov/epstein/files/DataSet 10/EFTA01921686.mov
https://www.justice.gov/epstein/files/DataSet 10/EFTA01922489.pdf,https://www.justice.gov/epstein/files/DataSet 10/EFTA01922489.mov
https://www.justice.gov/epstein/files/DataSet 10/EFTA01924059.pdf,https://www.justice.gov/epstein/files/DataSet 10/EFTA01924059.mov
https://www.justice.gov/epstein/files/DataSet 10/EFTA01924280.pdf,https://www.justice.gov/epstein/files/DataSet 10/EFTA01924280.mov
https://www.justice.gov/epstein/files/DataSet 10/EFTA01924815.pdf,https://www.justice.gov/epstein/files/DataSet 10/EFTA01924815.mov
https://www.justice.gov/epstein/files/DataSet 10/EFTA01927857.pdf,https://www.justice.gov/epstein/files/DataSet 10/EFTA01927857.mov
https://www.justice.gov/epstein/files/DataSet 10/EFTA01930827.pdf,https://www.justice.gov/epstein/files/DataSet 10/EFTA01930827.mov
https://www.justice.gov/epstein/files/DataSet 10/EFTA01935753.pdf,https://www.justice.gov/epstein/files/DataSet 10/EFTA01935753.mov
https://www.justice.gov/epstein/files/DataSet 10/EFTA01937675.pdf,https://www.justice.gov/epstein/files/DataSet 10/EFTA01937675.mov
https://www.justice.gov/epstein/files/DataSet 10/EFTA01938415.pdf,https://www.justice.gov/epstein/files/DataSet 10/EFTA01938415.mov
https://www.justice.gov/epstein/files/DataSet 10/EFTA01938574.pdf,https://www.justice.gov/epstein/files/DataSet 10/EFTA01938574.mov
https://www.justice.gov/epstein/files/DataSet 10/EFTA01939182.pdf,https://www.justice.gov/epstein/files/DataSet 10/EFTA01939182.mov
https://www.justice.gov/epstein/files/DataSet 10/EFTA01939968.pdf,https://www.justice.gov/epstein/files/DataSet 10/EFTA01939968.mov
https://www.justice.gov/epstein/files/DataSet 10/EFTA01941867.pdf,https://www.justice.gov/epstein/files/DataSet 10/EFTA01941867.mov
https://www.justice.gov/epstein/files/DataSet 10/EFTA01943674.pdf,https://www.justice.gov/epstein/files/DataSet 10/EFTA01943674.mov
https://www.justice.gov/epstein/files/DataSet 10/EFTA01944023.pdf,https://www.justice.gov/epstein/files/DataSet 10/EFTA01944023.mov
https://www.justice.gov/epstein/files/DataSet 10/EFTA01944729.pdf,https://www.justice.gov/epstein/files/DataSet 10/EFTA01944729.mov
https://www.justice.gov/epstein/files/DataSet 10/EFTA01946330.pdf,https://www.justice.gov/epstein/files/DataSet 10/EFTA01946330.mov
https://www.justice.gov/epstein/files/DataSet 10/EFTA01949842.pdf,https://www.justice.gov/epstein/files/DataSet 10/EFTA01949842.mov
https://www.justice.gov/epstein/files/DataSet 10/EFTA01952083.pdf,https://www.justice.gov/epstein/files/DataSet 10/EFTA01952083.mov
https://www.justice.gov/epstein/files/DataSet 10/EFTA01953316.pdf,https://www.justice.gov/epstein/files/DataSet 10/EFTA01953316.mov
https://www.justice.gov/epstein/files/DataSet 10/EFTA01954294.pdf,https://www.justice.gov/epstein/files/DataSet 10/EFTA01954294.mov
https://www.justice.gov/epstein/files/DataSet 10/EFTA01957947.pdf,https://www.justice.gov/epstein/files/DataSet 10/EFTA01957947.mov
https://www.justice.gov/epstein/files/DataSet 10/EFTA01958141.pdf,https://www.justice.gov/epstein/files/DataSet 10/EFTA01958141.mov
https://www.justice.gov/epstein/files/DataSet 10/EFTA01960464.pdf,https://www.justice.gov/epstein/files/DataSet 10/EFTA01960464.mov
https://www.justice.gov/epstein/files/DataSet 10/EFTA01961274.pdf,https://www.justice.gov/epstein/files/DataSet 10/EFTA01961274.mov
https://www.justice.gov/epstein/files/DataSet 10/EFTA01963955.pdf,https://www.justice.gov/epstein/files/DataSet 10/EFTA01963955.mov
https://www.justice.gov/epstein/files/DataSet 10/EFTA01964110.pdf,https://www.justice.gov/epstein/files/DataSet 10/EFTA01964110.mov
https://www.justice.gov/epstein/files/DataSet 10/EFTA01966279.pdf,https://www.justice.gov/epstein/files/DataSet 10/EFTA01966279.mov
https://www.justice.gov/epstein/files/DataSet 10/EFTA01967842.pdf,https://www.justice.gov/epstein/files/DataSet 10/EFTA01967842.mov
https://www.justice.gov/epstein/files/DataSet 10/EFTA01969171.pdf,https://www.justice.gov/epstein/files/DataSet 10/EFTA01969171.mov
https://www.justice.gov/epstein/files/DataSet 10/EFTA01971689.pdf,https://www.justice.gov/epstein/files/DataSet 10/EFTA01971689.mov
https://www.justice.gov/epstein/files/DataSet 10/EFTA01975486.pdf,https://www.justice.gov/epstein/files/DataSet 10/EFTA01975486.mov
https://www.justice.gov/epstein/files/DataSet 10/EFTA01976837.pdf,https://www.justice.gov/epstein/files/DataSet 10/EFTA01976837.mov
https://www.justice.gov/epstein/files/DataSet 10/EFTA01977559.pdf,https://www.justice.gov/epstein/files/DataSet 10/EFTA01977559.mov
https://www.justice.gov/epstein/files/DataSet 10/EFTA01979184.pdf,https://www.justice.gov/epstein/files/DataSet 10/EFTA01979184.mov
https://www.justice.gov/epstein/files/DataSet 10/EFTA01979336.pdf,https://www.justice.gov/epstein/files/DataSet 10/EFTA01979336.mov
https://www.justice.gov/epstein/files/DataSet 10/EFTA01979388.pdf,https://www.justice.gov/epstein/files/DataSet 10/EFTA01979388.mov
https://www.justice.gov/epstein/files/DataSet 10/EFTA01979431.pdf,https://www.justice.gov/epstein/files/DataSet 10/EFTA01979431.mov
https://www.justice.gov/epstein/files/DataSet 10/EFTA01980000.pdf,https://www.justice.gov/epstein/files/DataSet 10/EFTA01980000.mov
https://www.justice.gov/epstein/files/DataSet 10/EFTA01982399.pdf,https://www.justice.gov/epstein/files/DataSet 10/EFTA01982399.mov
https://www.justice.gov/epstein/files/DataSet 10/EFTA01982520.pdf,https://www.justice.gov/epstein/files/DataSet 10/EFTA01982520.mov
https://www.justice.gov/epstein/files/DataSet 10/EFTA01983116.pdf,https://www.justice.gov/epstein/files/DataSet 10/EFTA01983116.mov
https://www.justice.gov/epstein/files/DataSet 10/EFTA01989613.pdf,https://www.justice.gov/epstein/files/DataSet 10/EFTA01989613.mov
https://www.justice.gov/epstein/files/DataSet 10/EFTA01990086.pdf,https://www.justice.gov/epstein/files/DataSet 10/EFTA01990086.mov
https://www.justice.gov/epstein/files/DataSet 10/EFTA01991698.pdf,https://www.justice.gov/epstein/files/DataSet 10/EFTA01991698.mov
https://www.justice.gov/epstein/files/DataSet 10/EFTA01992355.pdf,https://www.justice.gov/epstein/files/DataSet 10/EFTA01992355.mov
https://www.justice.gov/epstein/files/DataSet 10/EFTA01992560.pdf,https://www.justice.gov/epstein/files/DataSet 10/EFTA01992560.mov
https://www.justice.gov/epstein/files/DataSet 10/EFTA01993202.pdf,https://www.justice.gov/epstein/files/DataSet 10/EFTA01993202.mov
https://www.justice.gov/epstein/files/DataSet 10/EFTA01993683.pdf,https://www.justice.gov/epstein/files/DataSet 10/EFTA01993683.mov
https://www.justice.gov/epstein/files/DataSet 10/EFTA01997888.pdf,https://www.justice.gov/epstein/files/DataSet 10/EFTA01997888.mov
https://www.justice.gov/epstein/files/DataSet 10/EFTA02001515.pdf,https://www.justice.gov/epstein/files/DataSet 10/EFTA02001515.mov
https://www.justice.gov/epstein/files/DataSet 10/EFTA02002075.pdf,https://www.justice.gov/epstein/files/DataSet 10/EFTA02002075.mov
https://www.justice.gov/epstein/files/DataSet 10/EFTA02002949.pdf,https://www.justice.gov/epstein/files/DataSet 10/EFTA02002949.mov
https://www.justice.gov/epstein/files/DataSet 10/EFTA02003285.pdf,https://www.justice.gov/epstein/files/DataSet 10/EFTA02003285.mov
https://www.justice.gov/epstein/files/DataSet 10/EFTA02008917.pdf,https://www.justice.gov/epstein/files/DataSet 10/EFTA02008917.mov
https://www.justice.gov/epstein/files/DataSet 10/EFTA02011105.pdf,https://www.justice.gov/epstein/files/DataSet 10/EFTA02011105.mov
https://www.justice.gov/epstein/files/DataSet 10/EFTA02012301.pdf,https://www.justice.gov/epstein/files/DataSet 10/EFTA02012301.mov
https://www.justice.gov/epstein/files/DataSet 10/EFTA02014985.pdf,https://www.justice.gov/epstein/files/DataSet 10/EFTA02014985.mov
https://www.justice.gov/epstein/files/DataSet 10/EFTA02015630.pdf,https://www.justice.gov/epstein/files/DataSet 10/EFTA02015630.mov
https://www.justice.gov/epstein/files/DataSet 10/EFTA02016149.pdf,https://www.justice.gov/epstein/files/DataSet 10/EFTA02016149.mov
https://www.justice.gov/epstein/files/DataSet 10/EFTA02016308.pdf,https://www.justice.gov/epstein/files/DataSet 10/EFTA02016308.mov
https://www.justice.gov/epstein/files/DataSet 10/EFTA02016491.pdf,https://www.justice.gov/epstein/files/DataSet 10/EFTA02016491.mov
https://www.justice.gov/epstein/files/DataSet 10/EFTA02017028.pdf,https://www.justice.gov/epstein/files/DataSet 10/EFTA02017028.mov
https://www.justice.gov/epstein/files/DataSet 10/EFTA02017632.pdf,https://www.justice.gov/epstein/files/DataSet 10/EFTA02017632.mov
https://www.justice.gov/epstein/files/DataSet 10/EFTA02017737.pdf,https://www.justice.gov/epstein/files/DataSet 10/EFTA02017737.mov
https://www.justice.gov/epstein/files/DataSet 10/EFTA02017966.pdf,https://www.justice.gov/epstein/files/DataSet 10/EFTA02017966.mov
https://www.justice.gov/epstein/files/DataSet 10/EFTA02018432.pdf,https://www.justice.gov/epstein/files/DataSet 10/EFTA02018432.mov
https://www.justice.gov/epstein/files/DataSet 10/EFTA02021163.pdf,https://www.justice.gov/epstein/files/DataSet 10/EFTA02021163.mov
https://www.justice.gov/epstein/files/DataSet 10/EFTA02024441.pdf,https://www.justice.gov/epstein/files/DataSet 10/EFTA02024441.mov
https://www.justice.gov/epstein/files/DataSet 10/EFTA02024507.pdf,https://www.justice.gov/epstein/files/DataSet 10/EFTA02024507.mov
https://www.justice.gov/epstein/files/DataSet 10/EFTA02025005.pdf,https://www.justice.gov/epstein/files/DataSet 10/EFTA02025005.mov
https://www.justice.gov/epstein/files/DataSet 10/EFTA02025867.pdf,https://www.justice.gov/epstein/files/DataSet 10/EFTA02025867.mov
https://www.justice.gov/epstein/files/DataSet 10/EFTA02027927.pdf,https://www.justice.gov/epstein/files/DataSet 10/EFTA02027927.mov
https://www.justice.gov/epstein/files/DataSet 10/EFTA02027952.pdf,https://www.justice.gov/epstein/files/DataSet 10/EFTA02027952.mov
https://www.justice.gov/epstein/files/DataSet 10/EFTA02027959.pdf,https://www.justice.gov/epstein/files/DataSet 10/EFTA02027959.mov
https://www.justice.gov/epstein/files/DataSet 10/EFTA02029575.pdf,https://www.justice.gov/epstein/files/DataSet 10/EFTA02029575.mov
https://www.justice.gov/epstein/files/DataSet 10/EFTA02029983.pdf,https://www.justice.gov/epstein/files/DataSet 10/EFTA02029983.mov
https://www.justice.gov/epstein/files/DataSet 10/EFTA02029984.pdf,https://www.justice.gov/epstein/files/DataSet 10/EFTA02029984.mov
https://www.justice.gov/epstein/files/DataSet 10/EFTA02031428.pdf,https://www.justice.gov/epstein/files/DataSet 10/EFTA02031428.mov
https://www.justice.gov/epstein/files/DataSet 10/EFTA02032231.pdf,https://www.justice.gov/epstein/files/DataSet 10/EFTA02032231.mov
https://www.justice.gov/epstein/files/DataSet 10/EFTA02032666.pdf,https://www.justice.gov/epstein/files/DataSet 10/EFTA02032666.mov
https://www.justice.gov/epstein/files/DataSet 10/EFTA02035007.pdf,https://www.justice.gov/epstein/files/DataSet 10/EFTA02035007.mov
https://www.justice.gov/epstein/files/DataSet 10/EFTA02037883.pdf,https://www.justice.gov/epstein/files/DataSet 10/EFTA02037883.mov
https://www.justice.gov/epstein/files/DataSet 10/EFTA02038188.pdf,https://www.justice.gov/epstein/files/DataSet 10/EFTA02038188.mov
https://www.justice.gov/epstein/files/DataSet 10/EFTA02038376.pdf,https://www.justice.gov/epstein/files/DataSet 10/EFTA02038376.mov
https://www.justice.gov/epstein/files/DataSet 10/EFTA02038395.pdf,https://www.justice.gov/epstein/files/DataSet 10/EFTA02038395.mov
https://www.justice.gov/epstein/files/DataSet 10/EFTA02038434.pdf,https://www.justice.gov/epstein/files/DataSet 10/EFTA02038434.mov
https://www.justice.gov/epstein/files/DataSet 10/EFTA02040128.pdf,https://www.justice.gov/epstein/files/DataSet 10/EFTA02040128.mov
https://www.justice.gov/epstein/files/DataSet 10/EFTA02044240.pdf,https://www.justice.gov/epstein/files/DataSet 10/EFTA02044240.mov
https://www.justice.gov/epstein/files/DataSet 10/EFTA02044301.pdf,https://www.justice.gov/epstein/files/DataSet 10/EFTA02044301.mov
https://www.justice.gov/epstein/files/DataSet 10/EFTA02044316.pdf,https://www.justice.gov/epstein/files/DataSet 10/EFTA02044316.mov
https://www.justice.gov/epstein/files/DataSet 10/EFTA02046230.pdf,https://www.justice.gov/epstein/files/DataSet 10/EFTA02046230.mov
https://www.justice.gov/epstein/files/DataSet 10/EFTA02046832.pdf,https://www.justice.gov/epstein/files/DataSet 10/EFTA02046832.mov
https://www.justice.gov/epstein/files/DataSet 10/EFTA02047569.pdf,https://www.justice.gov/epstein/files/DataSet 10/EFTA02047569.mov
https://www.justice.gov/epstein/files/DataSet 10/EFTA02049443.pdf,https://www.justice.gov/epstein/files/DataSet 10/EFTA02049443.mov
https://www.justice.gov/epstein/files/DataSet 10/EFTA02049485.pdf,https://www.justice.gov/epstein/files/DataSet 10/EFTA02049485.mov
https://www.justice.gov/epstein/files/DataSet 10/EFTA02050205.pdf,https://www.justice.gov/epstein/files/DataSet 10/EFTA02050205.mov
https://www.justice.gov/epstein/files/DataSet 10/EFTA02050531.pdf,https://www.justice.gov/epstein/files/DataSet 10/EFTA02050531.mov
https://www.justice.gov/epstein/files/DataSet 10/EFTA02052299.pdf,https://www.justice.gov/epstein/files/DataSet 10/EFTA02052299.mov
https://www.justice.gov/epstein/files/DataSet 10/EFTA02053794.pdf,https://www.justice.gov/epstein/files/DataSet 10/EFTA02053794.mov
https://www.justice.gov/epstein/files/DataSet 10/EFTA02053885.pdf,https://www.justice.gov/epstein/files/DataSet 10/EFTA02053885.mov
https://www.justice.gov/epstein/files/DataSet 10/EFTA02053953.pdf,https://www.justice.gov/epstein/files/DataSet 10/EFTA02053953.mov
https://www.justice.gov/epstein/files/DataSet 10/EFTA02054564.pdf,https://www.justice.gov/epstein/files/DataSet 10/EFTA02054564.mov
https://www.justice.gov/epstein/files/DataSet 10/EFTA02054601.pdf,https://www.justice.gov/epstein/files/DataSet 10/EFTA02054601.mov
https://www.justice.gov/epstein/files/DataSet 10/EFTA02057023.pdf,https://www.justice.gov/epstein/files/DataSet 10/EFTA02057023.mov
https://www.justice.gov/epstein/files/DataSet 10/EFTA02061097.pdf,https://www.justice.gov/epstein/files/DataSet 10/EFTA02061097.mov
https://www.justice.gov/epstein/files/DataSet 10/EFTA02061778.pdf,https://www.justice.gov/epstein/files/DataSet 10/EFTA02061778.mov
https://www.justice.gov/epstein/files/DataSet 10/EFTA02062136.pdf,https://www.justice.gov/epstein/files/DataSet 10/EFTA02062136.mov
https://www.justice.gov/epstein/files/DataSet 10/EFTA02062165.pdf,https://www.justice.gov/epstein/files/DataSet 10/EFTA02062165.mov
https://www.justice.gov/epstein/files/DataSet 10/EFTA02063191.pdf,https://www.justice.gov/epstein/files/DataSet 10/EFTA02063191.mov
https://www.justice.gov/epstein/files/DataSet 10/EFTA02063996.pdf,https://www.justice.gov/epstein/files/DataSet 10/EFTA02063996.mov
https://www.justice.gov/epstein/files/DataSet 10/EFTA02065693.pdf,https://www.justice.gov/epstein/files/DataSet 10/EFTA02065693.mov
https://www.justice.gov/epstein/files/DataSet 10/EFTA02067095.pdf,https://www.justice.gov/epstein/files/DataSet 10/EFTA02067095.mov
https://www.justice.gov/epstein/files/DataSet 10/EFTA02067210.pdf,https://www.justice.gov/epstein/files/DataSet 10/EFTA02067210.mov
https://www.justice.gov/epstein/files/DataSet 10/EFTA02068449.pdf,https://www.justice.gov/epstein/files/DataSet 10/EFTA02068449.mov
https://www.justice.gov/epstein/files/DataSet 10/EFTA02068798.pdf,https://www.justice.gov/epstein/files/DataSet 10/EFTA02068798.mov
https://www.justice.gov/epstein/files/DataSet 10/EFTA02068984.pdf,https://www.justice.gov/epstein/files/DataSet 10/EFTA02068984.mov
https://www.justice.gov/epstein/files/DataSet 10/EFTA02069047.pdf,https://www.justice.gov/epstein/files/DataSet 10/EFTA02069047.mov
https://www.justice.gov/epstein/files/DataSet 10/EFTA02069686.pdf,https://www.justice.gov/epstein/files/DataSet 10/EFTA02069686.mov
https://www.justice.gov/epstein/files/DataSet 10/EFTA02070382.pdf,https://www.justice.gov/epstein/files/DataSet 10/EFTA02070382.mov
https://www.justice.gov/epstein/files/DataSet 10/EFTA02070917.pdf,https://www.justice.gov/epstein/files/DataSet 10/EFTA02070917.mov
https://www.justice.gov/epstein/files/DataSet 10/EFTA02071801.pdf,https://www.justice.gov/epstein/files/DataSet 10/EFTA02071801.mov
https://www.justice.gov/epstein/files/DataSet 10/EFTA02072917.pdf,https://www.justice.gov/epstein/files/DataSet 10/EFTA02072917.mov
https://www.justice.gov/epstein/files/DataSet 10/EFTA02072979.pdf,https://www.justice.gov/epstein/files/DataSet 10/EFTA02072979.mov
https://www.justice.gov/epstein/files/DataSet 10/EFTA02073760.pdf,https://www.justice.gov/epstein/files/DataSet 10/EFTA02073760.mov
https://www.justice.gov/epstein/files/DataSet 10/EFTA02073961.pdf,https://www.justice.gov/epstein/files/DataSet 10/EFTA02073961.mov
https://www.justice.gov/epstein/files/DataSet 10/EFTA02074384.pdf,https://www.justice.gov/epstein/files/DataSet 10/EFTA02074384.mov
https://www.justice.gov/epstein/files/DataSet 10/EFTA02075266.pdf,https://www.justice.gov/epstein/files/DataSet 10/EFTA02075266.mov
https://www.justice.gov/epstein/files/DataSet 10/EFTA02076138.pdf,https://www.justice.gov/epstein/files/DataSet 10/EFTA02076138.mov
https://www.justice.gov/epstein/files/DataSet 10/EFTA02076610.pdf,https://www.justice.gov/epstein/files/DataSet 10/EFTA02076610.mov
https://www.justice.gov/epstein/files/DataSet 10/EFTA02076769.pdf,https://www.justice.gov/epstein/files/DataSet 10/EFTA02076769.mov
https://www.justice.gov/epstein/files/DataSet 10/EFTA02077520.pdf,https://www.justice.gov/epstein/files/DataSet 10/EFTA02077520.mov
https://www.justice.gov/epstein/files/DataSet 10/EFTA02078206.pdf,https://www.justice.gov/epstein/files/DataSet 10/EFTA02078206.mov
https://www.justice.gov/epstein/files/DataSet 10/EFTA02079770.pdf,https://www.justice.gov/epstein/files/DataSet 10/EFTA02079770.mov
https://www.justice.gov/epstein/files/DataSet 10/EFTA02080936.pdf,https://www.justice.gov/epstein/files/DataSet 10/EFTA02080936.mov
https://www.justice.gov/epstein/files/DataSet 10/EFTA02081701.pdf,https://www.justice.gov/epstein/files/DataSet 10/EFTA02081701.mov
https://www.justice.gov/epstein/files/DataSet 10/EFTA02082695.pdf,https://www.justice.gov/epstein/files/DataSet 10/EFTA02082695.mov
https://www.justice.gov/epstein/files/DataSet 10/EFTA02083033.pdf,https://www.justice.gov/epstein/files/DataSet 10/EFTA02083033.mov
https://www.justice.gov/epstein/files/DataSet 10/EFTA02083106.pdf,https://www.justice.gov/epstein/files/DataSet 10/EFTA02083106.mov
https://www.justice.gov/epstein/files/DataSet 10/EFTA02084558.pdf,https://www.justice.gov/epstein/files/DataSet 10/EFTA02084558.mov
https://www.justice.gov/epstein/files/DataSet 10/EFTA02084974.pdf,https://www.justice.gov/epstein/files/DataSet 10/EFTA02084974.mov
https://www.justice.gov/epstein/files/DataSet 10/EFTA02085539.pdf,https://www.justice.gov/epstein/files/DataSet 10/EFTA02085539.mov
https://www.justice.gov/epstein/files/DataSet 10/EFTA02085939.pdf,https://www.justice.gov/epstein/files/DataSet 10/EFTA02085939.mov
https://www.justice.gov/epstein/files/DataSet 10/EFTA02086012.pdf,https://www.justice.gov/epstein/files/DataSet 10/EFTA02086012.mov
https://www.justice.gov/epstein/files/DataSet 10/EFTA02086385.pdf,https://www.justice.gov/epstein/files/DataSet 10/EFTA02086385.mov
https://www.justice.gov/epstein/files/DataSet 10/EFTA02086447.pdf,https://www.justice.gov/epstein/files/DataSet 10/EFTA02086447.mov
https://www.justice.gov/epstein/files/DataSet 10/EFTA02086850.pdf,https://www.justice.gov/epstein/files/DataSet 10/EFTA02086850.mov
https://www.justice.gov/epstein/files/DataSet 10/EFTA02087698.pdf,https://www.justice.gov/epstein/files/DataSet 10/EFTA02087698.mov
https://www.justice.gov/epstein/files/DataSet 10/EFTA02088081.pdf,https://www.justice.gov/epstein/files/DataSet 10/EFTA02088081.mov
https://www.justice.gov/epstein/files/DataSet 10/EFTA02088853.pdf,https://www.justice.gov/epstein/files/DataSet 10/EFTA02088853.mov
https://www.justice.gov/epstein/files/DataSet 10/EFTA02089384.pdf,https://www.justice.gov/epstein/files/DataSet 10/EFTA02089384.mov
https://www.justice.gov/epstein/files/DataSet 10/EFTA02089389.pdf,https://www.justice.gov/epstein/files/DataSet 10/EFTA02089389.mov
https://www.justice.gov/epstein/files/DataSet 10/EFTA02089573.pdf,https://www.justice.gov/epstein/files/DataSet 10/EFTA02089573.mov
https://www.justice.gov/epstein/files/DataSet 10/EFTA02090150.pdf,https://www.justice.gov/epstein/files/DataSet 10/EFTA02090150.mov
https://www.justice.gov/epstein/files/DataSet 10/EFTA02091300.pdf,https://www.justice.gov/epstein/files/DataSet 10/EFTA02091300.mov
https://www.justice.gov/epstein/files/DataSet 10/EFTA02091335.pdf,https://www.justice.gov/epstein/files/DataSet 10/EFTA02091335.mov
https://www.justice.gov/epstein/files/DataSet 10/EFTA02095660.pdf,https://www.justice.gov/epstein/files/DataSet 10/EFTA02095660.mov
https://www.justice.gov/epstein/files/DataSet 10/EFTA02095786.pdf,https://www.justice.gov/epstein/files/DataSet 10/EFTA02095786.mov
https://www.justice.gov/epstein/files/DataSet 10/EFTA02096602.pdf,https://www.justice.gov/epstein/files/DataSet 10/EFTA02096602.mov
https://www.justice.gov/epstein/files/DataSet 10/EFTA02096619.pdf,https://www.justice.gov/epstein/files/DataSet 10/EFTA02096619.mov
https://www.justice.gov/epstein/files/DataSet 10/EFTA02099199.pdf,https://www.justice.gov/epstein/files/DataSet 10/EFTA02099199.mov
https://www.justice.gov/epstein/files/DataSet 10/EFTA02101315.pdf,https://www.justice.gov/epstein/files/DataSet 10/EFTA02101315.mov
https://www.justice.gov/epstein/files/DataSet 10/EFTA02101652.pdf,https://www.justice.gov/epstein/files/DataSet 10/EFTA02101652.mov
https://www.justice.gov/epstein/files/DataSet 10/EFTA02101862.pdf,https://www.justice.gov/epstein/files/DataSet 10/EFTA02101862.mov
https://www.justice.gov/epstein/files/DataSet 10/EFTA02102290.pdf,https://www.justice.gov/epstein/files/DataSet 10/EFTA02102290.mov
https://www.justice.gov/epstein/files/DataSet 10/EFTA02102695.pdf,https://www.justice.gov/epstein/files/DataSet 10/EFTA02102695.mov
https://www.justice.gov/epstein/files/DataSet 10/EFTA02103520.pdf,https://www.justice.gov/epstein/files/DataSet 10/EFTA02103520.mov
https://www.justice.gov/epstein/files/DataSet 10/EFTA02104372.pdf,https://www.justice.gov/epstein/files/DataSet 10/EFTA02104372.mov
https://www.justice.gov/epstein/files/DataSet 10/EFTA02104722.pdf,https://www.justice.gov/epstein/files/DataSet 10/EFTA02104722.mov
https://www.justice.gov/epstein/files/DataSet 10/EFTA02107234.pdf,https://www.justice.gov/epstein/files/DataSet 10/EFTA02107234.mov
https://www.justice.gov/epstein/files/DataSet 10/EFTA02107533.pdf,https://www.justice.gov/epstein/files/DataSet 10/EFTA02107533.mov
https://www.justice.gov/epstein/files/DataSet 10/EFTA02108294.pdf,https://www.justice.gov/epstein/files/DataSet 10/EFTA02108294.mov
https://www.justice.gov/epstein/files/DataSet 10/EFTA02108312.pdf,https://www.justice.gov/epstein/files/DataSet 10/EFTA02108312.mov
https://www.justice.gov/epstein/files/DataSet 10/EFTA02108700.pdf,https://www.justice.gov/epstein/files/DataSet 10/EFTA02108700.mov
https://www.justice.gov/epstein/files/DataSet 10/EFTA02108821.pdf,https://www.justice.gov/epstein/files/DataSet 10/EFTA02108821.mov
https://www.justice.gov/epstein/files/DataSet 10/EFTA02109452.pdf,https://www.justice.gov/epstein/files/DataSet 10/EFTA02109452.mov
https://www.justice.gov/epstein/files/DataSet 10/EFTA02110439.pdf,https://www.justice.gov/epstein/files/DataSet 10/EFTA02110439.mov
https://www.justice.gov/epstein/files/DataSet 10/EFTA02110808.pdf,https://www.justice.gov/epstein/files/DataSet 10/EFTA02110808.mov
https://www.justice.gov/epstein/files/DataSet 10/EFTA02111284.pdf,https://www.justice.gov/epstein/files/DataSet 10/EFTA02111284.mov
https://www.justice.gov/epstein/files/DataSet 10/EFTA02111899.pdf,https://www.justice.gov/epstein/files/DataSet 10/EFTA02111899.mov
https://www.justice.gov/epstein/files/DataSet 10/EFTA02112078.pdf,https://www.justice.gov/epstein/files/DataSet 10/EFTA02112078.mov
https://www.justice.gov/epstein/files/DataSet 10/EFTA02112841.pdf,https://www.justice.gov/epstein/files/DataSet 10/EFTA02112841.mov
https://www.justice.gov/epstein/files/DataSet 10/EFTA02115725.pdf,https://www.justice.gov/epstein/files/DataSet 10/EFTA02115725.mov
https://www.justice.gov/epstein/files/DataSet 10/EFTA02116448.pdf,https://www.justice.gov/epstein/files/DataSet 10/EFTA02116448.mov
https://www.justice.gov/epstein/files/DataSet 10/EFTA02116461.pdf,https://www.justice.gov/epstein/files/DataSet 10/EFTA02116461.mov
https://www.justice.gov/epstein/files/DataSet 10/EFTA02116910.pdf,https://www.justice.gov/epstein/files/DataSet 10/EFTA02116910.mov
https://www.justice.gov/epstein/files/DataSet 10/EFTA02117021.pdf,https://www.justice.gov/epstein/files/DataSet 10/EFTA02117021.mov
https://www.justice.gov/epstein/files/DataSet 10/EFTA02117528.pdf,https://www.justice.gov/epstein/files/DataSet 10/EFTA02117528.mov
https://www.justice.gov/epstein/files/DataSet 10/EFTA02118264.pdf,https://www.justice.gov/epstein/files/DataSet 10/EFTA02118264.mov
https://www.justice.gov/epstein/files/DataSet 10/EFTA02118606.pdf,https://www.justice.gov/epstein/files/DataSet 10/EFTA02118606.mov
https://www.justice.gov/epstein/files/DataSet 10/EFTA02119503.pdf,https://www.justice.gov/epstein/files/DataSet 10/EFTA02119503.mov
https://www.justice.gov/epstein/files/DataSet 10/EFTA02119863.pdf,https://www.justice.gov/epstein/files/DataSet 10/EFTA02119863.mov
https://www.justice.gov/epstein/files/DataSet 10/EFTA02120026.pdf,https://www.justice.gov/epstein/files/DataSet 10/EFTA02120026.mov
https://www.justice.gov/epstein/files/DataSet 10/EFTA02120056.pdf,https://www.justice.gov/epstein/files/DataSet 10/EFTA02120056.mov
https://www.justice.gov/epstein/files/DataSet 10/EFTA02120748.pdf,https://www.justice.gov/epstein/files/DataSet 10/EFTA02120748.mov
https://www.justice.gov/epstein/files/DataSet 10/EFTA02123084.pdf,https://www.justice.gov/epstein/files/DataSet 10/EFTA02123084.mov
https://www.justice.gov/epstein/files/DataSet 10/EFTA02124082.pdf,https://www.justice.gov/epstein/files/DataSet 10/EFTA02124082.mov
https://www.justice.gov/epstein/files/DataSet 10/EFTA02124361.pdf,https://www.justice.gov/epstein/files/DataSet 10/EFTA02124361.mov
https://www.justice.gov/epstein/files/DataSet 10/EFTA02124776.pdf,https://www.justice.gov/epstein/files/DataSet 10/EFTA02124776.mov
https://www.justice.gov/epstein/files/DataSet 10/EFTA02124872.pdf,https://www.justice.gov/epstein/files/DataSet 10/EFTA02124872.mov
https://www.justice.gov/epstein/files/DataSet 10/EFTA02125709.pdf,https://www.justice.gov/epstein/files/DataSet 10/EFTA02125709.mov
https://www.justice.gov/epstein/files/DataSet 10/EFTA02126539.pdf,https://www.justice.gov/epstein/files/DataSet 10/EFTA02126539.mov
https://www.justice.gov/epstein/files/DataSet 10/EFTA02129295.pdf,https://www.justice.gov/epstein/files/DataSet 10/EFTA02129295.mov
https://www.justice.gov/epstein/files/DataSet 10/EFTA02129722.pdf,https://www.justice.gov/epstein/files/DataSet 10/EFTA02129722.mov
https://www.justice.gov/epstein/files/DataSet 10/EFTA02129908.pdf,https://www.justice.gov/epstein/files/DataSet 10/EFTA02129908.mov
https://www.justice.gov/epstein/files/DataSet 10/EFTA02131404.pdf,https://www.justice.gov/epstein/files/DataSet 10/EFTA02131404.mov
https://www.justice.gov/epstein/files/DataSet 10/EFTA02131466.pdf,https://www.justice.gov/epstein/files/DataSet 10/EFTA02131466.mov
https://www.justice.gov/epstein/files/DataSet 10/EFTA02133226.pdf,https://www.justice.gov/epstein/files/DataSet 10/EFTA02133226.mov
https://www.justice.gov/epstein/files/DataSet 10/EFTA02133533.pdf,https://www.justice.gov/epstein/files/DataSet 10/EFTA02133533.mov
https://www.justice.gov/epstein/files/DataSet 10/EFTA02133690.pdf,https://www.justice.gov/epstein/files/DataSet 10/EFTA02133690.mov
https://www.justice.gov/epstein/files/DataSet 10/EFTA02134279.pdf,https://www.justice.gov/epstein/files/DataSet 10/EFTA02134279.mov
https://www.justice.gov/epstein/files/DataSet 10/EFTA02135270.pdf,https://www.justice.gov/epstein/files/DataSet 10/EFTA02135270.mov
https://www.justice.gov/epstein/files/DataSet 10/EFTA02136532.pdf,https://www.justice.gov/epstein/files/DataSet 10/EFTA02136532.mov
https://www.justice.gov/epstein/files/DataSet 10/EFTA02136633.pdf,https://www.justice.gov/epstein/files/DataSet 10/EFTA02136633.mov
https://www.justice.gov/epstein/files/DataSet 10/EFTA02137007.pdf,https://www.justice.gov/epstein/files/DataSet 10/EFTA02137007.mov
https://www.justice.gov/epstein/files/DataSet 10/EFTA02137243.pdf,https://www.justice.gov/epstein/files/DataSet 10/EFTA02137243.mov
https://www.justice.gov/epstein/files/DataSet 10/EFTA02138551.pdf,https://www.justice.gov/epstein/files/DataSet 10/EFTA02138551.mov
https://www.justice.gov/epstein/files/DataSet 10/EFTA02138729.pdf,https://www.justice.gov/epstein/files/DataSet 10/EFTA02138729.mov
https://www.justice.gov/epstein/files/DataSet 10/EFTA02139075.pdf,https://www.justice.gov/epstein/files/DataSet 10/EFTA02139075.mov
https://www.justice.gov/epstein/files/DataSet 10/EFTA02139333.pdf,https://www.justice.gov/epstein/files/DataSet 10/EFTA02139333.mov
https://www.justice.gov/epstein/files/DataSet 10/EFTA02140482.pdf,https://www.justice.gov/epstein/files/DataSet 10/EFTA02140482.mov
https://www.justice.gov/epstein/files/DataSet 10/EFTA02141345.pdf,https://www.justice.gov/epstein/files/DataSet 10/EFTA02141345.mov
https://www.justice.gov/epstein/files/DataSet 10/EFTA02141738.pdf,https://www.justice.gov/epstein/files/DataSet 10/EFTA02141738.mov
https://www.justice.gov/epstein/files/DataSet 10/EFTA02141978.pdf,https://www.justice.gov/epstein/files/DataSet 10/EFTA02141978.mov
https://www.justice.gov/epstein/files/DataSet 10/EFTA02143009.pdf,https://www.justice.gov/epstein/files/DataSet 10/EFTA02143009.mov
https://www.justice.gov/epstein/files/DataSet 10/EFTA02143435.pdf,https://www.justice.gov/epstein/files/DataSet 10/EFTA02143435.mov
https://www.justice.gov/epstein/files/DataSet 10/EFTA02143659.pdf,https://www.justice.gov/epstein/files/DataSet 10/EFTA02143659.mov
https://www.justice.gov/epstein/files/DataSet 10/EFTA02143769.pdf,https://www.justice.gov/epstein/files/DataSet 10/EFTA02143769.mov
https://www.justice.gov/epstein/files/DataSet 10/EFTA02144996.pdf,https://www.justice.gov/epstein/files/DataSet 10/EFTA02144996.mov
https://www.justice.gov/epstein/files/DataSet 10/EFTA02145319.pdf,https://www.justice.gov/epstein/files/DataSet 10/EFTA02145319.mov
https://www.justice.gov/epstein/files/DataSet 10/EFTA02146802.pdf,https://www.justice.gov/epstein/files/DataSet 10/EFTA02146802.mov
https://www.justice.gov/epstein/files/DataSet 10/EFTA02148930.pdf,https://www.justice.gov/epstein/files/DataSet 10/EFTA02148930.mov
https://www.justice.gov/epstein/files/DataSet 10/EFTA02149062.pdf,https://www.justice.gov/epstein/files/DataSet 10/EFTA02149062.mov
https://www.justice.gov/epstein/files/DataSet 10/EFTA02149408.pdf,https://www.justice.gov/epstein/files/DataSet 10/EFTA02149408.mov
https://www.justice.gov/epstein/files/DataSet 10/EFTA02149645.pdf,https://www.justice.gov/epstein/files/DataSet 10/EFTA02149645.mov
https://www.justice.gov/epstein/files/DataSet 10/EFTA02150517.pdf,https://www.justice.gov/epstein/files/DataSet 10/EFTA02150517.mov
https://www.justice.gov/epstein/files/DataSet 10/EFTA02155264.pdf,https://www.justice.gov/epstein/files/DataSet 10/EFTA02155264.mov
https://www.justice.gov/epstein/files/DataSet 10/EFTA02157430.pdf,https://www.justice.gov/epstein/files/DataSet 10/EFTA02157430.mov
https://www.justice.gov/epstein/files/DataSet 10/EFTA02157648.pdf,https://www.justice.gov/epstein/files/DataSet 10/EFTA02157648.mov
https://www.justice.gov/epstein/files/DataSet 10/EFTA02158542.pdf,https://www.justice.gov/epstein/files/DataSet 10/EFTA02158542.mov
https://www.justice.gov/epstein/files/DataSet 10/EFTA02158910.pdf,https://www.justice.gov/epstein/files/DataSet 10/EFTA02158910.mov
https://www.justice.gov/epstein/files/DataSet 10/EFTA02160932.pdf,https://www.justice.gov/epstein/files/DataSet 10/EFTA02160932.mov
https://www.justice.gov/epstein/files/DataSet 10/EFTA02161709.pdf,https://www.justice.gov/epstein/files/DataSet 10/EFTA02161709.mov
https://www.justice.gov/epstein/files/DataSet 10/EFTA02162097.pdf,https://www.justice.gov/epstein/files/DataSet 10/EFTA02162097.mov
https://www.justice.gov/epstein/files/DataSet 10/EFTA02162330.pdf,https://www.justice.gov/epstein/files/DataSet 10/EFTA02162330.mov
https://www.justice.gov/epstein/files/DataSet 10/EFTA02163225.pdf,https://www.justice.gov/epstein/files/DataSet 10/EFTA02163225.mov
https://www.justice.gov/epstein/files/DataSet 10/EFTA02163241.pdf,https://www.justice.gov/epstein/files/DataSet 10/EFTA02163241.mov
https://www.justice.gov/epstein/files/DataSet 10/EFTA02163946.pdf,https://www.justice.gov/epstein/files/DataSet 10/EFTA02163946.mov
https://www.justice.gov/epstein/files/DataSet 10/EFTA02164106.pdf,https://www.justice.gov/epstein/files/DataSet 10/EFTA02164106.mov
https://www.justice.gov/epstein/files/DataSet 10/EFTA02164344.pdf,https://www.justice.gov/epstein/files/DataSet 10/EFTA02164344.mov
https://www.justice.gov/epstein/files/DataSet 10/EFTA02164664.pdf,https://www.justice.gov/epstein/files/DataSet 10/EFTA02164664.mov
https://www.justice.gov/epstein/files/DataSet 10/EFTA02164862.pdf,https://www.justice.gov/epstein/files/DataSet 10/EFTA02164862.mov
https://www.justice.gov/epstein/files/DataSet 10/EFTA02165070.pdf,https://www.justice.gov/epstein/files/DataSet 10/EFTA02165070.mov
https://www.justice.gov/epstein/files/DataSet 10/EFTA02165603.pdf,https://www.justice.gov/epstein/files/DataSet 10/EFTA02165603.mov
https://www.justice.gov/epstein/files/DataSet 10/EFTA02166483.pdf,https://www.justice.gov/epstein/files/DataSet 10/EFTA02166483.mov
https://www.justice.gov/epstein/files/DataSet 10/EFTA02167000.pdf,https://www.justice.gov/epstein/files/DataSet 10/EFTA02167000.mov
https://www.justice.gov/epstein/files/DataSet 10/EFTA02168850.pdf,https://www.justice.gov/epstein/files/DataSet 10/EFTA02168850.mov
https://www.justice.gov/epstein/files/DataSet 10/EFTA02168935.pdf,https://www.justice.gov/epstein/files/DataSet 10/EFTA02168935.mov
https://www.justice.gov/epstein/files/DataSet 10/EFTA02170141.pdf,https://www.justice.gov/epstein/files/DataSet 10/EFTA02170141.mov
https://www.justice.gov/epstein/files/DataSet 10/EFTA02171167.pdf,https://www.justice.gov/epstein/files/DataSet 10/EFTA02171167.mov
https://www.justice.gov/epstein/files/DataSet 10/EFTA02171934.pdf,https://www.justice.gov/epstein/files/DataSet 10/EFTA02171934.mov
https://www.justice.gov/epstein/files/DataSet 10/EFTA02172042.pdf,https://www.justice.gov/epstein/files/DataSet 10/EFTA02172042.mov
https://www.justice.gov/epstein/files/DataSet 10/EFTA02172179.pdf,https://www.justice.gov/epstein/files/DataSet 10/EFTA02172179.mov
https://www.justice.gov/epstein/files/DataSet 10/EFTA02172189.pdf,https://www.justice.gov/epstein/files/DataSet 10/EFTA02172189.mov
https://www.justice.gov/epstein/files/DataSet 10/EFTA02172409.pdf,https://www.justice.gov/epstein/files/DataSet 10/EFTA02172409.mov
https://www.justice.gov/epstein/files/DataSet 10/EFTA02172802.pdf,https://www.justice.gov/epstein/files/DataSet 10/EFTA02172802.mov
https://www.justice.gov/epstein/files/DataSet 10/EFTA02174196.pdf,https://www.justice.gov/epstein/files/DataSet 10/EFTA02174196.mov
https://www.justice.gov/epstein/files/DataSet 10/EFTA02174335.pdf,https://www.justice.gov/epstein/files/DataSet 10/EFTA02174335.mov
https://www.justice.gov/epstein/files/DataSet 10/EFTA02174669.pdf,https://www.justice.gov/epstein/files/DataSet 10/EFTA02174669.mov
https://www.justice.gov/epstein/files/DataSet 10/EFTA02175567.pdf,https://www.justice.gov/epstein/files/DataSet 10/EFTA02175567.mov
https://www.justice.gov/epstein/files/DataSet 10/EFTA02176034.pdf,https://www.justice.gov/epstein/files/DataSet 10/EFTA02176034.mov
https://www.justice.gov/epstein/files/DataSet 10/EFTA02176461.pdf,https://www.justice.gov/epstein/files/DataSet 10/EFTA02176461.mov
https://www.justice.gov/epstein/files/DataSet 10/EFTA02176852.pdf,https://www.justice.gov/epstein/files/DataSet 10/EFTA02176852.mov
https://www.justice.gov/epstein/files/DataSet 10/EFTA02178213.pdf,https://www.justice.gov/epstein/files/DataSet 10/EFTA02178213.mov
https://www.justice.gov/epstein/files/DataSet 10/EFTA02179666.pdf,https://www.justice.gov/epstein/files/DataSet 10/EFTA02179666.mov
https://www.justice.gov/epstein/files/DataSet 10/EFTA02180739.pdf,https://www.justice.gov/epstein/files/DataSet 10/EFTA02180739.mov
https://www.justice.gov/epstein/files/DataSet 10/EFTA02182867.pdf,https://www.justice.gov/epstein/files/DataSet 10/EFTA02182867.mov
https://www.justice.gov/epstein/files/DataSet 10/EFTA02183905.pdf,https://www.justice.gov/epstein/files/DataSet 10/EFTA02183905.mov
https://www.justice.gov/epstein/files/DataSet 10/EFTA02184888.pdf,https://www.justice.gov/epstein/files/DataSet 10/EFTA02184888.mov
https://www.justice.gov/epstein/files/DataSet 10/EFTA02184945.pdf,https://www.justice.gov/epstein/files/DataSet 10/EFTA02184945.mov
https://www.justice.gov/epstein/files/DataSet 10/EFTA02185135.pdf,https://www.justice.gov/epstein/files/DataSet 10/EFTA02185135.mov
https://www.justice.gov/epstein/files/DataSet 10/EFTA02187082.pdf,https://www.justice.gov/epstein/files/DataSet 10/EFTA02187082.mov
https://www.justice.gov/epstein/files/DataSet 10/EFTA02189601.pdf,https://www.justice.gov/epstein/files/DataSet 10/EFTA02189601.mov
https://www.justice.gov/epstein/files/DataSet 10/EFTA02190580.pdf,https://www.justice.gov/epstein/files/DataSet 10/EFTA02190580.mov
https://www.justice.gov/epstein/files/DataSet 10/EFTA02191032.pdf,https://www.justice.gov/epstein/files/DataSet 10/EFTA02191032.mov
https://www.justice.gov/epstein/files/DataSet 10/EFTA02191852.pdf,https://www.justice.gov/epstein/files/DataSet 10/EFTA02191852.mov
https://www.justice.gov/epstein/files/DataSet 10/EFTA02192942.pdf,https://www.justice.gov/epstein/files/DataSet 10/EFTA02192942.mov
https://www.justice.gov/epstein/files/DataSet 10/EFTA02194176.pdf,https://www.justice.gov/epstein/files/DataSet 10/EFTA02194176.mov
https://www.justice.gov/epstein/files/DataSet 10/EFTA02194470.pdf,https://www.justice.gov/epstein/files/DataSet 10/EFTA02194470.mov
https://www.justice.gov/epstein/files/DataSet 10/EFTA02197544.pdf,https://www.justice.gov/epstein/files/DataSet 10/EFTA02197544.mov
https://www.justice.gov/epstein/files/DataSet 10/EFTA02197731.pdf,https://www.justice.gov/epstein/files/DataSet 10/EFTA02197731.mov
https://www.justice.gov/epstein/files/DataSet 10/EFTA02199075.pdf,https://www.justice.gov/epstein/files/DataSet 10/EFTA02199075.mov
https://www.justice.gov/epstein/files/DataSet 10/EFTA02199086.pdf,https://www.justice.gov/epstein/files/DataSet 10/EFTA02199086.mov
https://www.justice.gov/epstein/files/DataSet 10/EFTA02203240.pdf,https://www.justice.gov/epstein/files/DataSet 10/EFTA02203240.mov
https://www.justice.gov/epstein/files/DataSet 10/EFTA02204506.pdf,https://www.justice.gov/epstein/files/DataSet 10/EFTA02204506.mov
https://www.justice.gov/epstein/files/DataSet 10/EFTA02205050.pdf,https://www.justice.gov/epstein/files/DataSet 10/EFTA02205050.mov
https://www.justice.gov/epstein/files/DataSet 10/EFTA02208163.pdf,https://www.justice.gov/epstein/files/DataSet 10/EFTA02208163.mov
https://www.justice.gov/epstein/files/DataSet 10/EFTA02208384.pdf,https://www.justice.gov/epstein/files/DataSet 10/EFTA02208384.mov
https://www.justice.gov/epstein/files/DataSet 10/EFTA02208720.pdf,https://www.justice.gov/epstein/files/DataSet 10/EFTA02208720.mov
https://www.justice.gov/epstein/files/DataSet 10/EFTA02209363.pdf,https://www.justice.gov/epstein/files/DataSet 10/EFTA02209363.mov
https://www.justice.gov/epstein/files/DataSet 10/EFTA02209406.pdf,https://www.justice.gov/epstein/files/DataSet 10/EFTA02209406.mov
https://www.justice.gov/epstein/files/DataSet 11/EFTA02212979.pdf,https://www.justice.gov/epstein/files/DataSet 11/EFTA02212979.mov
https://www.justice.gov/epstein/files/DataSet 11/EFTA02215126.pdf,https://www.justice.gov/epstein/files/DataSet 11/EFTA02215126.mov
https://www.justice.gov/epstein/files/DataSet 11/EFTA02215643.pdf,https://www.justice.gov/epstein/files/DataSet 11/EFTA02215643.mov
https://www.justice.gov/epstein/files/DataSet 11/EFTA02217569.pdf,https://www.justice.gov/epstein/files/DataSet 11/EFTA02217569.mov
https://www.justice.gov/epstein/files/DataSet 11/EFTA02219502.pdf,https://www.justice.gov/epstein/files/DataSet 11/EFTA02219502.mov
https://www.justice.gov/epstein/files/DataSet 11/EFTA02219742.pdf,https://www.justice.gov/epstein/files/DataSet 11/EFTA02219742.mov
https://www.justice.gov/epstein/files/DataSet 11/EFTA02223354.pdf,https://www.justice.gov/epstein/files/DataSet 11/EFTA02223354.mov
https://www.justice.gov/epstein/files/DataSet 11/EFTA02223608.pdf,https://www.justice.gov/epstein/files/DataSet 11/EFTA02223608.mov
https://www.justice.gov/epstein/files/DataSet 11/EFTA02224190.pdf,https://www.justice.gov/epstein/files/DataSet 11/EFTA02224190.mov
https://www.justice.gov/epstein/files/DataSet 11/EFTA02226045.pdf,https://www.justice.gov/epstein/files/DataSet 11/EFTA02226045.mov
https://www.justice.gov/epstein/files/DataSet 11/EFTA02226434.pdf,https://www.justice.gov/epstein/files/DataSet 11/EFTA02226434.mov
https://www.justice.gov/epstein/files/DataSet 11/EFTA02226768.pdf,https://www.justice.gov/epstein/files/DataSet 11/EFTA02226768.mov
https://www.justice.gov/epstein/files/DataSet 11/EFTA02228362.pdf,https://www.justice.gov/epstein/files/DataSet 11/EFTA02228362.mov
https://www.justice.gov/epstein/files/DataSet 11/EFTA02229414.pdf,https://www.justice.gov/epstein/files/DataSet 11/EFTA02229414.mov
https://www.justice.gov/epstein/files/DataSet 11/EFTA02230477.pdf,https://www.justice.gov/epstein/files/DataSet 11/EFTA02230477.mov
https://www.justice.gov/epstein/files/DataSet 11/EFTA02230821.pdf,https://www.justice.gov/epstein/files/DataSet 11/EFTA02230821.mov
https://www.justice.gov/epstein/files/DataSet 11/EFTA02230959.pdf,https://www.justice.gov/epstein/files/DataSet 11/EFTA02230959.mov
https://www.justice.gov/epstein/files/DataSet 11/EFTA02231292.pdf,https://www.justice.gov/epstein/files/DataSet 11/EFTA02231292.mov
https://www.justice.gov/epstein/files/DataSet 11/EFTA02231889.pdf,https://www.justice.gov/epstein/files/DataSet 11/EFTA02231889.mov
https://www.justice.gov/epstein/files/DataSet 11/EFTA02233463.pdf,https://www.justice.gov/epstein/files/DataSet 11/EFTA02233463.mov
https://www.justice.gov/epstein/files/DataSet 11/EFTA02234465.pdf,https://www.justice.gov/epstein/files/DataSet 11/EFTA02234465.mov
https://www.justice.gov/epstein/files/DataSet 11/EFTA02236597.pdf,https://www.justice.gov/epstein/files/DataSet 11/EFTA02236597.mov
https://www.justice.gov/epstein/files/DataSet 11/EFTA02242136.pdf,https://www.justice.gov/epstein/files/DataSet 11/EFTA02242136.mov
https://www.justice.gov/epstein/files/DataSet 11/EFTA02242182.pdf,https://www.justice.gov/epstein/files/DataSet 11/EFTA02242182.mov
https://www.justice.gov/epstein/files/DataSet 11/EFTA02242294.pdf,https://www.justice.gov/epstein/files/DataSet 11/EFTA02242294.mov
https://www.justice.gov/epstein/files/DataSet 11/EFTA02245242.pdf,https://www.justice.gov/epstein/files/DataSet 11/EFTA02245242.mov
https://www.justice.gov/epstein/files/DataSet 11/EFTA02246048.pdf,https://www.justice.gov/epstein/files/DataSet 11/EFTA02246048.mov
https://www.justice.gov/epstein/files/DataSet 11/EFTA02246563.pdf,https://www.justice.gov/epstein/files/DataSet 11/EFTA02246563.mov
https://www.justice.gov/epstein/files/DataSet 11/EFTA02246683.pdf,https://www.justice.gov/epstein/files/DataSet 11/EFTA02246683.mov
https://www.justice.gov/epstein/files/DataSet 11/EFTA02246840.pdf,https://www.justice.gov/epstein/files/DataSet 11/EFTA02246840.mov
https://www.justice.gov/epstein/files/DataSet 11/EFTA02247045.pdf,https://www.justice.gov/epstein/files/DataSet 11/EFTA02247045.mov
https://www.justice.gov/epstein/files/DataSet 11/EFTA02250729.pdf,https://www.justice.gov/epstein/files/DataSet 11/EFTA02250729.mov
https://www.justice.gov/epstein/files/DataSet 11/EFTA02252779.pdf,https://www.justice.gov/epstein/files/DataSet 11/EFTA02252779.mov
https://www.justice.gov/epstein/files/DataSet 11/EFTA02253327.pdf,https://www.justice.gov/epstein/files/DataSet 11/EFTA02253327.mov
https://www.justice.gov/epstein/files/DataSet 11/EFTA02254057.pdf,https://www.justice.gov/epstein/files/DataSet 11/EFTA02254057.mov
https://www.justice.gov/epstein/files/DataSet 11/EFTA02254645.pdf,https://www.justice.gov/epstein/files/DataSet 11/EFTA02254645.mov
https://www.justice.gov/epstein/files/DataSet 11/EFTA02255475.pdf,https://www.justice.gov/epstein/files/DataSet 11/EFTA02255475.mov
https://www.justice.gov/epstein/files/DataSet 11/EFTA02256078.pdf,https://www.justice.gov/epstein/files/DataSet 11/EFTA02256078.mov
https://www.justice.gov/epstein/files/DataSet 11/EFTA02256171.pdf,https://www.justice.gov/epstein/files/DataSet 11/EFTA02256171.mov
https://www.justice.gov/epstein/files/DataSet 11/EFTA02257894.pdf,https://www.justice.gov/epstein/files/DataSet 11/EFTA02257894.mov
https://www.justice.gov/epstein/files/DataSet 11/EFTA02260970.pdf,https://www.justice.gov/epstein/files/DataSet 11/EFTA02260970.mov
https://www.justice.gov/epstein/files/DataSet 11/EFTA02261615.pdf,https://www.justice.gov/epstein/files/DataSet 11/EFTA02261615.mov
https://www.justice.gov/epstein/files/DataSet 11/EFTA02263490.pdf,https://www.justice.gov/epstein/files/DataSet 11/EFTA02263490.mov
https://www.justice.gov/epstein/files/DataSet 11/EFTA02263616.pdf,https://www.justice.gov/epstein/files/DataSet 11/EFTA02263616.mov
https://www.justice.gov/epstein/files/DataSet 11/EFTA02267657.pdf,https://www.justice.gov/epstein/files/DataSet 11/EFTA02267657.mov
https://www.justice.gov/epstein/files/DataSet 11/EFTA02268068.pdf,https://www.justice.gov/epstein/files/DataSet 11/EFTA02268068.mov
https://www.justice.gov/epstein/files/DataSet 11/EFTA02270599.pdf,https://www.justice.gov/epstein/files/DataSet 11/EFTA02270599.mov
https://www.justice.gov/epstein/files/DataSet 11/EFTA02278097.pdf,https://www.justice.gov/epstein/files/DataSet 11/EFTA02278097.mov
https://www.justice.gov/epstein/files/DataSet 11/EFTA02279316.pdf,https://www.justice.gov/epstein/files/DataSet 11/EFTA02279316.mov
https://www.justice.gov/epstein/files/DataSet 11/EFTA02279684.pdf,https://www.justice.gov/epstein/files/DataSet 11/EFTA02279684.mov
https://www.justice.gov/epstein/files/DataSet 11/EFTA02282471.pdf,https://www.justice.gov/epstein/files/DataSet 11/EFTA02282471.mov
https://www.justice.gov/epstein/files/DataSet 11/EFTA02282573.pdf,https://www.justice.gov/epstein/files/DataSet 11/EFTA02282573.mov
https://www.justice.gov/epstein/files/DataSet 11/EFTA02283175.pdf,https://www.justice.gov/epstein/files/DataSet 11/EFTA02283175.mov
https://www.justice.gov/epstein/files/DataSet 11/EFTA02285216.pdf,https://www.justice.gov/epstein/files/DataSet 11/EFTA02285216.mov
https://www.justice.gov/epstein/files/DataSet 11/EFTA02286660.pdf,https://www.justice.gov/epstein/files/DataSet 11/EFTA02286660.mov
https://www.justice.gov/epstein/files/DataSet 11/EFTA02287043.pdf,https://www.justice.gov/epstein/files/DataSet 11/EFTA02287043.mov
https://www.justice.gov/epstein/files/DataSet 11/EFTA02287844.pdf,https://www.justice.gov/epstein/files/DataSet 11/EFTA02287844.mov
https://www.justice.gov/epstein/files/DataSet 11/EFTA02288165.pdf,https://www.justice.gov/epstein/files/DataSet 11/EFTA02288165.mov
https://www.justice.gov/epstein/files/DataSet 11/EFTA02290121.pdf,https://www.justice.gov/epstein/files/DataSet 11/EFTA02290121.mov
https://www.justice.gov/epstein/files/DataSet 11/EFTA02297788.pdf,https://www.justice.gov/epstein/files/DataSet 11/EFTA02297788.mov
https://www.justice.gov/epstein/files/DataSet 11/EFTA02300465.pdf,https://www.justice.gov/epstein/files/DataSet 11/EFTA02300465.mov
https://www.justice.gov/epstein/files/DataSet 11/EFTA02300806.pdf,https://www.justice.gov/epstein/files/DataSet 11/EFTA02300806.mov
https://www.justice.gov/epstein/files/DataSet 11/EFTA02302876.pdf,https://www.justice.gov/epstein/files/DataSet 11/EFTA02302876.mov
https://www.justice.gov/epstein/files/DataSet 11/EFTA02302974.pdf,https://www.justice.gov/epstein/files/DataSet 11/EFTA02302974.mov
https://www.justice.gov/epstein/files/DataSet 11/EFTA02303484.pdf,https://www.justice.gov/epstein/files/DataSet 11/EFTA02303484.mov
https://www.justice.gov/epstein/files/DataSet 11/EFTA02306240.pdf,https://www.justice.gov/epstein/files/DataSet 11/EFTA02306240.mov
https://www.justice.gov/epstein/files/DataSet 11/EFTA02306917.pdf,https://www.justice.gov/epstein/files/DataSet 11/EFTA02306917.mov
https://www.justice.gov/epstein/files/DataSet 11/EFTA02307583.pdf,https://www.justice.gov/epstein/files/DataSet 11/EFTA02307583.mov
https://www.justice.gov/epstein/files/DataSet 11/EFTA02307598.pdf,https://www.justice.gov/epstein/files/DataSet 11/EFTA02307598.mov
https://www.justice.gov/epstein/files/DataSet 11/EFTA02307786.pdf,https://www.justice.gov/epstein/files/DataSet 11/EFTA02307786.mov
https://www.justice.gov/epstein/files/DataSet 11/EFTA02310638.pdf,https://www.justice.gov/epstein/files/DataSet 11/EFTA02310638.mov
https://www.justice.gov/epstein/files/DataSet 11/EFTA02311922.pdf,https://www.justice.gov/epstein/files/DataSet 11/EFTA02311922.mov
https://www.justice.gov/epstein/files/DataSet 11/EFTA02311925.pdf,https://www.justice.gov/epstein/files/DataSet 11/EFTA02311925.mov
https://www.justice.gov/epstein/files/DataSet 11/EFTA02312111.pdf,https://www.justice.gov/epstein/files/DataSet 11/EFTA02312111.mov
https://www.justice.gov/epstein/files/DataSet 11/EFTA02313829.pdf,https://www.justice.gov/epstein/files/DataSet 11/EFTA02313829.mov
https://www.justice.gov/epstein/files/DataSet 11/EFTA02316575.pdf,https://www.justice.gov/epstein/files/DataSet 11/EFTA02316575.mov
https://www.justice.gov/epstein/files/DataSet 11/EFTA02316584.pdf,https://www.justice.gov/epstein/files/DataSet 11/EFTA02316584.mov
https://www.justice.gov/epstein/files/DataSet 11/EFTA02316825.pdf,https://www.justice.gov/epstein/files/DataSet 11/EFTA02316825.mov
https://www.justice.gov/epstein/files/DataSet 11/EFTA02317626.pdf,https://www.justice.gov/epstein/files/DataSet 11/EFTA02317626.mov
https://www.justice.gov/epstein/files/DataSet 11/EFTA02321425.pdf,https://www.justice.gov/epstein/files/DataSet 11/EFTA02321425.mov
https://www.justice.gov/epstein/files/DataSet 11/EFTA02323995.pdf,https://www.justice.gov/epstein/files/DataSet 11/EFTA02323995.mov
https://www.justice.gov/epstein/files/DataSet 11/EFTA02324960.pdf,https://www.justice.gov/epstein/files/DataSet 11/EFTA02324960.mov
https://www.justice.gov/epstein/files/DataSet 11/EFTA02327096.pdf,https://www.justice.gov/epstein/files/DataSet 11/EFTA02327096.mov
https://www.justice.gov/epstein/files/DataSet 11/EFTA02329894.pdf,https://www.justice.gov/epstein/files/DataSet 11/EFTA02329894.mov
https://www.justice.gov/epstein/files/DataSet 11/EFTA02330518.pdf,https://www.justice.gov/epstein/files/DataSet 11/EFTA02330518.mov
https://www.justice.gov/epstein/files/DataSet 11/EFTA02330736.pdf,https://www.justice.gov/epstein/files/DataSet 11/EFTA02330736.mov
https://www.justice.gov/epstein/files/DataSet 11/EFTA02333426.pdf,https://www.justice.gov/epstein/files/DataSet 11/EFTA02333426.mov
https://www.justice.gov/epstein/files/DataSet 11/EFTA02335640.pdf,https://www.justice.gov/epstein/files/DataSet 11/EFTA02335640.mov
https://www.justice.gov/epstein/files/DataSet 11/EFTA02338592.pdf,https://www.justice.gov/epstein/files/DataSet 11/EFTA02338592.mov
https://www.justice.gov/epstein/files/DataSet 11/EFTA02343226.pdf,https://www.justice.gov/epstein/files/DataSet 11/EFTA02343226.mov
https://www.justice.gov/epstein/files/DataSet 11/EFTA02343399.pdf,https://www.justice.gov/epstein/files/DataSet 11/EFTA02343399.mov
https://www.justice.gov/epstein/files/DataSet 11/EFTA02344621.pdf,https://www.justice.gov/epstein/files/DataSet 11/EFTA02344621.mov
https://www.justice.gov/epstein/files/DataSet 11/EFTA02346361.pdf,https://www.justice.gov/epstein/files/DataSet 11/EFTA02346361.mov
https://www.justice.gov/epstein/files/DataSet 11/EFTA02347706.pdf,https://www.justice.gov/epstein/files/DataSet 11/EFTA02347706.mov
https://www.justice.gov/epstein/files/DataSet 11/EFTA02350283.pdf,https://www.justice.gov/epstein/files/DataSet 11/EFTA02350283.mov
https://www.justice.gov/epstein/files/DataSet 11/EFTA02350688.pdf,https://www.justice.gov/epstein/files/DataSet 11/EFTA02350688.mov
https://www.justice.gov/epstein/files/DataSet 11/EFTA02351624.pdf,https://www.justice.gov/epstein/files/DataSet 11/EFTA02351624.mov
https://www.justice.gov/epstein/files/DataSet 11/EFTA02353428.pdf,https://www.justice.gov/epstein/files/DataSet 11/EFTA02353428.mov
https://www.justice.gov/epstein/files/DataSet 11/EFTA02355238.pdf,https://www.justice.gov/epstein/files/DataSet 11/EFTA02355238.mov
https://www.justice.gov/epstein/files/DataSet 11/EFTA02357389.pdf,https://www.justice.gov/epstein/files/DataSet 11/EFTA02357389.mov
https://www.justice.gov/epstein/files/DataSet 11/EFTA02359955.pdf,https://www.justice.gov/epstein/files/DataSet 11/EFTA02359955.mov
https://www.justice.gov/epstein/files/DataSet 11/EFTA02363112.pdf,https://www.justice.gov/epstein/files/DataSet 11/EFTA02363112.mov
https://www.justice.gov/epstein/files/DataSet 11/EFTA02363319.pdf,https://www.justice.gov/epstein/files/DataSet 11/EFTA02363319.mov
https://www.justice.gov/epstein/files/DataSet 11/EFTA02363336.pdf,https://www.justice.gov/epstein/files/DataSet 11/EFTA02363336.mov
https://www.justice.gov/epstein/files/DataSet 11/EFTA02363337.pdf,https://www.justice.gov/epstein/files/DataSet 11/EFTA02363337.mov
https://www.justice.gov/epstein/files/DataSet 11/EFTA02364954.pdf,https://www.justice.gov/epstein/files/DataSet 11/EFTA02364954.mov
https://www.justice.gov/epstein/files/DataSet 11/EFTA02365910.pdf,https://www.justice.gov/epstein/files/DataSet 11/EFTA02365910.mov
https://www.justice.gov/epstein/files/DataSet 11/EFTA02367196.pdf,https://www.justice.gov/epstein/files/DataSet 11/EFTA02367196.mov
https://www.justice.gov/epstein/files/DataSet 11/EFTA02369553.pdf,https://www.justice.gov/epstein/files/DataSet 11/EFTA02369553.mov
https://www.justice.gov/epstein/files/DataSet 11/EFTA02376591.pdf,https://www.justice.gov/epstein/files/DataSet 11/EFTA02376591.mov
https://www.justice.gov/epstein/files/DataSet 11/EFTA02376880.pdf,https://www.justice.gov/epstein/files/DataSet 11/EFTA02376880.mov
https://www.justice.gov/epstein/files/DataSet 11/EFTA02376962.pdf,https://www.justice.gov/epstein/files/DataSet 11/EFTA02376962.mov
https://www.justice.gov/epstein/files/DataSet 11/EFTA02377464.pdf,https://www.justice.gov/epstein/files/DataSet 11/EFTA02377464.mov
https://www.justice.gov/epstein/files/DataSet 11/EFTA02378052.pdf,https://www.justice.gov/epstein/files/DataSet 11/EFTA02378052.mov
https://www.justice.gov/epstein/files/DataSet 11/EFTA02380041.pdf,https://www.justice.gov/epstein/files/DataSet 11/EFTA02380041.mov
https://www.justice.gov/epstein/files/DataSet 11/EFTA02380331.pdf,https://www.justice.gov/epstein/files/DataSet 11/EFTA02380331.mov
https://www.justice.gov/epstein/files/DataSet 11/EFTA02380732.pdf,https://www.justice.gov/epstein/files/DataSet 11/EFTA02380732.mov
https://www.justice.gov/epstein/files/DataSet 11/EFTA02381725.pdf,https://www.justice.gov/epstein/files/DataSet 11/EFTA02381725.mov
https://www.justice.gov/epstein/files/DataSet 11/EFTA02382112.pdf,https://www.justice.gov/epstein/files/DataSet 11/EFTA02382112.mov
https://www.justice.gov/epstein/files/DataSet 11/EFTA02382142.pdf,https://www.justice.gov/epstein/files/DataSet 11/EFTA02382142.mov
https://www.justice.gov/epstein/files/DataSet 11/EFTA02383543.pdf,https://www.justice.gov/epstein/files/DataSet 11/EFTA02383543.mov
https://www.justice.gov/epstein/files/DataSet 11/EFTA02385070.pdf,https://www.justice.gov/epstein/files/DataSet 11/EFTA02385070.mov
https://www.justice.gov/epstein/files/DataSet 11/EFTA02385374.pdf,https://www.justice.gov/epstein/files/DataSet 11/EFTA02385374.mov
https://www.justice.gov/epstein/files/DataSet 11/EFTA02386542.pdf,https://www.justice.gov/epstein/files/DataSet 11/EFTA02386542.mov
https://www.justice.gov/epstein/files/DataSet 11/EFTA02386839.pdf,https://www.justice.gov/epstein/files/DataSet 11/EFTA02386839.mov
https://www.justice.gov/epstein/files/DataSet 11/EFTA02387631.pdf,https://www.justice.gov/epstein/files/DataSet 11/EFTA02387631.mov
https://www.justice.gov/epstein/files/DataSet 11/EFTA02388770.pdf,https://www.justice.gov/epstein/files/DataSet 11/EFTA02388770.mov
https://www.justice.gov/epstein/files/DataSet 11/EFTA02390110.pdf,https://www.justice.gov/epstein/files/DataSet 11/EFTA02390110.mov
https://www.justice.gov/epstein/files/DataSet 11/EFTA02392742.pdf,https://www.justice.gov/epstein/files/DataSet 11/EFTA02392742.mov
https://www.justice.gov/epstein/files/DataSet 11/EFTA02393891.pdf,https://www.justice.gov/epstein/files/DataSet 11/EFTA02393891.mov
https://www.justice.gov/epstein/files/DataSet 11/EFTA02394423.pdf,https://www.justice.gov/epstein/files/DataSet 11/EFTA02394423.mov
https://www.justice.gov/epstein/files/DataSet 11/EFTA02395589.pdf,https://www.justice.gov/epstein/files/DataSet 11/EFTA02395589.mov
https://www.justice.gov/epstein/files/DataSet 11/EFTA02395907.pdf,https://www.justice.gov/epstein/files/DataSet 11/EFTA02395907.mov
https://www.justice.gov/epstein/files/DataSet 11/EFTA02396349.pdf,https://www.justice.gov/epstein/files/DataSet 11/EFTA02396349.mov
https://www.justice.gov/epstein/files/DataSet 11/EFTA02397919.pdf,https://www.justice.gov/epstein/files/DataSet 11/EFTA02397919.mov
https://www.justice.gov/epstein/files/DataSet 11/EFTA02398944.pdf,https://www.justice.gov/epstein/files/DataSet 11/EFTA02398944.mov
https://www.justice.gov/epstein/files/DataSet 11/EFTA02398975.pdf,https://www.justice.gov/epstein/files/DataSet 11/EFTA02398975.mov
https://www.justice.gov/epstein/files/DataSet 11/EFTA02398978.pdf,https://www.justice.gov/epstein/files/DataSet 11/EFTA02398978.mov
https://www.justice.gov/epstein/files/DataSet 11/EFTA02399020.pdf,https://www.justice.gov/epstein/files/DataSet 11/EFTA02399020.mov
https://www.justice.gov/epstein/files/DataSet 11/EFTA02399024.pdf,https://www.justice.gov/epstein/files/DataSet 11/EFTA02399024.mov
https://www.justice.gov/epstein/files/DataSet 11/EFTA02399028.pdf,https://www.justice.gov/epstein/files/DataSet 11/EFTA02399028.mov
https://www.justice.gov/epstein/files/DataSet 11/EFTA02399029.pdf,https://www.justice.gov/epstein/files/DataSet 11/EFTA02399029.mov
https://www.justice.gov/epstein/files/DataSet 11/EFTA02399052.pdf,https://www.justice.gov/epstein/files/DataSet 11/EFTA02399052.mov
https://www.justice.gov/epstein/files/DataSet 11/EFTA02399083.pdf,https://www.justice.gov/epstein/files/DataSet 11/EFTA02399083.mov
https://www.justice.gov/epstein/files/DataSet 11/EFTA02399134.pdf,https://www.justice.gov/epstein/files/DataSet 11/EFTA02399134.mov
https://www.justice.gov/epstein/files/DataSet 11/EFTA02399240.pdf,https://www.justice.gov/epstein/files/DataSet 11/EFTA02399240.mov
https://www.justice.gov/epstein/files/DataSet 11/EFTA02403181.pdf,https://www.justice.gov/epstein/files/DataSet 11/EFTA02403181.mov
https://www.justice.gov/epstein/files/DataSet 11/EFTA02405610.pdf,https://www.justice.gov/epstein/files/DataSet 11/EFTA02405610.mov
https://www.justice.gov/epstein/files/DataSet 11/EFTA02410328.pdf,https://www.justice.gov/epstein/files/DataSet 11/EFTA02410328.mov
https://www.justice.gov/epstein/files/DataSet 11/EFTA02411304.pdf,https://www.justice.gov/epstein/files/DataSet 11/EFTA02411304.mov
https://www.justice.gov/epstein/files/DataSet 11/EFTA02411769.pdf,https://www.justice.gov/epstein/files/DataSet 11/EFTA02411769.mov
https://www.justice.gov/epstein/files/DataSet 11/EFTA02411938.pdf,https://www.justice.gov/epstein/files/DataSet 11/EFTA02411938.mov
https://www.justice.gov/epstein/files/DataSet 11/EFTA02412439.pdf,https://www.justice.gov/epstein/files/DataSet 11/EFTA02412439.mov
https://www.justice.gov/epstein/files/DataSet 11/EFTA02412456.pdf,https://www.justice.gov/epstein/files/DataSet 11/EFTA02412456.mov
https://www.justice.gov/epstein/files/DataSet 11/EFTA02412866.pdf,https://www.justice.gov/epstein/files/DataSet 11/EFTA02412866.mov
https://www.justice.gov/epstein/files/DataSet 11/EFTA02412998.pdf,https://www.justice.gov/epstein/files/DataSet 11/EFTA02412998.mov
https://www.justice.gov/epstein/files/DataSet 11/EFTA02413216.pdf,https://www.justice.gov/epstein/files/DataSet 11/EFTA02413216.mov
https://www.justice.gov/epstein/files/DataSet 11/EFTA02413697.pdf,https://www.justice.gov/epstein/files/DataSet 11/EFTA02413697.mov
https://www.justice.gov/epstein/files/DataSet 11/EFTA02413839.pdf,https://www.justice.gov/epstein/files/DataSet 11/EFTA02413839.mov
https://www.justice.gov/epstein/files/DataSet 11/EFTA02414152.pdf,https://www.justice.gov/epstein/files/DataSet 11/EFTA02414152.mov
https://www.justice.gov/epstein/files/DataSet 11/EFTA02414196.pdf,https://www.justice.gov/epstein/files/DataSet 11/EFTA02414196.mov
https://www.justice.gov/epstein/files/DataSet 11/EFTA02414336.pdf,https://www.justice.gov/epstein/files/DataSet 11/EFTA02414336.mov
https://www.justice.gov/epstein/files/DataSet 11/EFTA02414582.pdf,https://www.justice.gov/epstein/files/DataSet 11/EFTA02414582.mov
https://www.justice.gov/epstein/files/DataSet 11/EFTA02416725.pdf,https://www.justice.gov/epstein/files/DataSet 11/EFTA02416725.mov
https://www.justice.gov/epstein/files/DataSet 11/EFTA02416880.pdf,https://www.justice.gov/epstein/files/DataSet 11/EFTA02416880.mov
https://www.justice.gov/epstein/files/DataSet 11/EFTA02416884.pdf,https://www.justice.gov/epstein/files/DataSet 11/EFTA02416884.mov
https://www.justice.gov/epstein/files/DataSet 11/EFTA02417267.pdf,https://www.justice.gov/epstein/files/DataSet 11/EFTA02417267.mov
https://www.justice.gov/epstein/files/DataSet 11/EFTA02417387.pdf,https://www.justice.gov/epstein/files/DataSet 11/EFTA02417387.mov
https://www.justice.gov/epstein/files/DataSet 11/EFTA02417495.pdf,https://www.justice.gov/epstein/files/DataSet 11/EFTA02417495.mov
https://www.justice.gov/epstein/files/DataSet 11/EFTA02418421.pdf,https://www.justice.gov/epstein/files/DataSet 11/EFTA02418421.mov
https://www.justice.gov/epstein/files/DataSet 11/EFTA02418498.pdf,https://www.justice.gov/epstein/files/DataSet 11/EFTA02418498.mov
https://www.justice.gov/epstein/files/DataSet 11/EFTA02418524.pdf,https://www.justice.gov/epstein/files/DataSet 11/EFTA02418524.mov
https://www.justice.gov/epstein/files/DataSet 11/EFTA02418545.pdf,https://www.justice.gov/epstein/files/DataSet 11/EFTA02418545.mov
https://www.justice.gov/epstein/files/DataSet 11/EFTA02421413.pdf,https://www.justice.gov/epstein/files/DataSet 11/EFTA02421413.mov
https://www.justice.gov/epstein/files/DataSet 11/EFTA02421601.pdf,https://www.justice.gov/epstein/files/DataSet 11/EFTA02421601.mov
https://www.justice.gov/epstein/files/DataSet 11/EFTA02424996.pdf,https://www.justice.gov/epstein/files/DataSet 11/EFTA02424996.mov
https://www.justice.gov/epstein/files/DataSet 11/EFTA02425386.pdf,https://www.justice.gov/epstein/files/DataSet 11/EFTA02425386.mov
https://www.justice.gov/epstein/files/DataSet 11/EFTA02425516.pdf,https://www.justice.gov/epstein/files/DataSet 11/EFTA02425516.mov
https://www.justice.gov/epstein/files/DataSet 11/EFTA02426121.pdf,https://www.justice.gov/epstein/files/DataSet 11/EFTA02426121.mov
https://www.justice.gov/epstein/files/DataSet 11/EFTA02427633.pdf,https://www.justice.gov/epstein/files/DataSet 11/EFTA02427633.mov
https://www.justice.gov/epstein/files/DataSet 11/EFTA02430946.pdf,https://www.justice.gov/epstein/files/DataSet 11/EFTA02430946.mov
https://www.justice.gov/epstein/files/DataSet 11/EFTA02432867.pdf,https://www.justice.gov/epstein/files/DataSet 11/EFTA02432867.mov
https://www.justice.gov/epstein/files/DataSet 11/EFTA02433618.pdf,https://www.justice.gov/epstein/files/DataSet 11/EFTA02433618.mov
https://www.justice.gov/epstein/files/DataSet 11/EFTA02434652.pdf,https://www.justice.gov/epstein/files/DataSet 11/EFTA02434652.mov
https://www.justice.gov/epstein/files/DataSet 11/EFTA02435822.pdf,https://www.justice.gov/epstein/files/DataSet 11/EFTA02435822.mov
https://www.justice.gov/epstein/files/DataSet 11/EFTA02436086.pdf,https://www.justice.gov/epstein/files/DataSet 11/EFTA02436086.mov
https://www.justice.gov/epstein/files/DataSet 11/EFTA02436463.pdf,https://www.justice.gov/epstein/files/DataSet 11/EFTA02436463.mov
https://www.justice.gov/epstein/files/DataSet 11/EFTA02437284.pdf,https://www.justice.gov/epstein/files/DataSet 11/EFTA02437284.mov
https://www.justice.gov/epstein/files/DataSet 11/EFTA02437382.pdf,https://www.justice.gov/epstein/files/DataSet 11/EFTA02437382.mov
https://www.justice.gov/epstein/files/DataSet 11/EFTA02438201.pdf,https://www.justice.gov/epstein/files/DataSet 11/EFTA02438201.mov
https://www.justice.gov/epstein/files/DataSet 11/EFTA02438803.pdf,https://www.justice.gov/epstein/files/DataSet 11/EFTA02438803.mov
https://www.justice.gov/epstein/files/DataSet 11/EFTA02439635.pdf,https://www.justice.gov/epstein/files/DataSet 11/EFTA02439635.mov
https://www.justice.gov/epstein/files/DataSet 11/EFTA02439795.pdf,https://www.justice.gov/epstein/files/DataSet 11/EFTA02439795.mov
https://www.justice.gov/epstein/files/DataSet 11/EFTA02439819.pdf,https://www.justice.gov/epstein/files/DataSet 11/EFTA02439819.mov
https://www.justice.gov/epstein/files/DataSet 11/EFTA02440154.pdf,https://www.justice.gov/epstein/files/DataSet 11/EFTA02440154.mov
https://www.justice.gov/epstein/files/DataSet 11/EFTA02440613.pdf,https://www.justice.gov/epstein/files/DataSet 11/EFTA02440613.mov
https://www.justice.gov/epstein/files/DataSet 11/EFTA02441860.pdf,https://www.justice.gov/epstein/files/DataSet 11/EFTA02441860.mov
https://www.justice.gov/epstein/files/DataSet 11/EFTA02442187.pdf,https://www.justice.gov/epstein/files/DataSet 11/EFTA02442187.mov
https://www.justice.gov/epstein/files/DataSet 11/EFTA02442637.pdf,https://www.justice.gov/epstein/files/DataSet 11/EFTA02442637.mov
https://www.justice.gov/epstein/files/DataSet 11/EFTA02442668.pdf,https://www.justice.gov/epstein/files/DataSet 11/EFTA02442668.mov
https://www.justice.gov/epstein/files/DataSet 11/EFTA02443277.pdf,https://www.justice.gov/epstein/files/DataSet 11/EFTA02443277.mov
https://www.justice.gov/epstein/files/DataSet 11/EFTA02443585.pdf,https://www.justice.gov/epstein/files/DataSet 11/EFTA02443585.mov
https://www.justice.gov/epstein/files/DataSet 11/EFTA02443905.pdf,https://www.justice.gov/epstein/files/DataSet 11/EFTA02443905.mov
https://www.justice.gov/epstein/files/DataSet 11/EFTA02444592.pdf,https://www.justice.gov/epstein/files/DataSet 11/EFTA02444592.mov
https://www.justice.gov/epstein/files/DataSet 11/EFTA02445552.pdf,https://www.justice.gov/epstein/files/DataSet 11/EFTA02445552.mov
https://www.justice.gov/epstein/files/DataSet 11/EFTA02447051.pdf,https://www.justice.gov/epstein/files/DataSet 11/EFTA02447051.mov
https://www.justice.gov/epstein/files/DataSet 11/EFTA02450447.pdf,https://www.justice.gov/epstein/files/DataSet 11/EFTA02450447.mov
https://www.justice.gov/epstein/files/DataSet 11/EFTA02452622.pdf,https://www.justice.gov/epstein/files/DataSet 11/EFTA02452622.mov
https://www.justice.gov/epstein/files/DataSet 11/EFTA02453236.pdf,https://www.justice.gov/epstein/files/DataSet 11/EFTA02453236.mov
https://www.justice.gov/epstein/files/DataSet 11/EFTA02455196.pdf,https://www.justice.gov/epstein/files/DataSet 11/EFTA02455196.mov
https://www.justice.gov/epstein/files/DataSet 11/EFTA02458762.pdf,https://www.justice.gov/epstein/files/DataSet 11/EFTA02458762.mov
https://www.justice.gov/epstein/files/DataSet 11/EFTA02464098.pdf,https://www.justice.gov/epstein/files/DataSet 11/EFTA02464098.mov
https://www.justice.gov/epstein/files/DataSet 11/EFTA02467907.pdf,https://www.justice.gov/epstein/files/DataSet 11/EFTA02467907.mov
https://www.justice.gov/epstein/files/DataSet 11/EFTA02469471.pdf,https://www.justice.gov/epstein/files/DataSet 11/EFTA02469471.mov
https://www.justice.gov/epstein/files/DataSet 11/EFTA02469653.pdf,https://www.justice.gov/epstein/files/DataSet 11/EFTA02469653.mov
https://www.justice.gov/epstein/files/DataSet 11/EFTA02470517.pdf,https://www.justice.gov/epstein/files/DataSet 11/EFTA02470517.mov
https://www.justice.gov/epstein/files/DataSet 11/EFTA02472326.pdf,https://www.justice.gov/epstein/files/DataSet 11/EFTA02472326.mov
https://www.justice.gov/epstein/files/DataSet 11/EFTA02473146.pdf,https://www.justice.gov/epstein/files/DataSet 11/EFTA02473146.mov
https://www.justice.gov/epstein/files/DataSet 11/EFTA02473323.pdf,https://www.justice.gov/epstein/files/DataSet 11/EFTA02473323.mov
https://www.justice.gov/epstein/files/DataSet 11/EFTA02474255.pdf,https://www.justice.gov/epstein/files/DataSet 11/EFTA02474255.mov
https://www.justice.gov/epstein/files/DataSet 11/EFTA02474707.pdf,https://www.justice.gov/epstein/files/DataSet 11/EFTA02474707.mov
https://www.justice.gov/epstein/files/DataSet 11/EFTA02475558.pdf,https://www.justice.gov/epstein/files/DataSet 11/EFTA02475558.mov
https://www.justice.gov/epstein/files/DataSet 11/EFTA02477273.pdf,https://www.justice.gov/epstein/files/DataSet 11/EFTA02477273.mov
https://www.justice.gov/epstein/files/DataSet 11/EFTA02479064.pdf,https://www.justice.gov/epstein/files/DataSet 11/EFTA02479064.mov
https://www.justice.gov/epstein/files/DataSet 11/EFTA02479673.pdf,https://www.justice.gov/epstein/files/DataSet 11/EFTA02479673.mov
https://www.justice.gov/epstein/files/DataSet 11/EFTA02483652.pdf,https://www.justice.gov/epstein/files/DataSet 11/EFTA02483652.mov
https://www.justice.gov/epstein/files/DataSet 11/EFTA02486062.pdf,https://www.justice.gov/epstein/files/DataSet 11/EFTA02486062.mov
https://www.justice.gov/epstein/files/DataSet 11/EFTA02488684.pdf,https://www.justice.gov/epstein/files/DataSet 11/EFTA02488684.mov
https://www.justice.gov/epstein/files/DataSet 11/EFTA02488967.pdf,https://www.justice.gov/epstein/files/DataSet 11/EFTA02488967.mov
https://www.justice.gov/epstein/files/DataSet 11/EFTA02490746.pdf,https://www.justice.gov/epstein/files/DataSet 11/EFTA02490746.mov
https://www.justice.gov/epstein/files/DataSet 11/EFTA02492986.pdf,https://www.justice.gov/epstein/files/DataSet 11/EFTA02492986.mov
https://www.justice.gov/epstein/files/DataSet 11/EFTA02494317.pdf,https://www.justice.gov/epstein/files/DataSet 11/EFTA02494317.mov
https://www.justice.gov/epstein/files/DataSet 11/EFTA02500436.pdf,https://www.justice.gov/epstein/files/DataSet 11/EFTA02500436.mov
https://www.justice.gov/epstein/files/DataSet 11/EFTA02504021.pdf,https://www.justice.gov/epstein/files/DataSet 11/EFTA02504021.mov
https://www.justice.gov/epstein/files/DataSet 11/EFTA02504090.pdf,https://www.justice.gov/epstein/files/DataSet 11/EFTA02504090.mov
https://www.justice.gov/epstein/files/DataSet 11/EFTA02506171.pdf,https://www.justice.gov/epstein/files/DataSet 11/EFTA02506171.mov
https://www.justice.gov/epstein/files/DataSet 11/EFTA02508836.pdf,https://www.justice.gov/epstein/files/DataSet 11/EFTA02508836.mov
https://www.justice.gov/epstein/files/DataSet 11/EFTA02510687.pdf,https://www.justice.gov/epstein/files/DataSet 11/EFTA02510687.mov
https://www.justice.gov/epstein/files/DataSet 11/EFTA02512054.pdf,https://www.justice.gov/epstein/files/DataSet 11/EFTA02512054.mov
https://www.justice.gov/epstein/files/DataSet 11/EFTA02512892.pdf,https://www.justice.gov/epstein/files/DataSet 11/EFTA02512892.mov
https://www.justice.gov/epstein/files/DataSet 11/EFTA02513460.pdf,https://www.justice.gov/epstein/files/DataSet 11/EFTA02513460.mov
https://www.justice.gov/epstein/files/DataSet 11/EFTA02518170.pdf,https://www.justice.gov/epstein/files/DataSet 11/EFTA02518170.mov
https://www.justice.gov/epstein/files/DataSet 11/EFTA02518474.pdf,https://www.justice.gov/epstein/files/DataSet 11/EFTA02518474.mov
https://www.justice.gov/epstein/files/DataSet 11/EFTA02518968.pdf,https://www.justice.gov/epstein/files/DataSet 11/EFTA02518968.mov
https://www.justice.gov/epstein/files/DataSet 11/EFTA02520929.pdf,https://www.justice.gov/epstein/files/DataSet 11/EFTA02520929.mov
https://www.justice.gov/epstein/files/DataSet 11/EFTA02520949.pdf,https://www.justice.gov/epstein/files/DataSet 11/EFTA02520949.mov
https://www.justice.gov/epstein/files/DataSet 11/EFTA02521030.pdf,https://www.justice.gov/epstein/files/DataSet 11/EFTA02521030.mov
https://www.justice.gov/epstein/files/DataSet 11/EFTA02521049.pdf,https://www.justice.gov/epstein/files/DataSet 11/EFTA02521049.mov
https://www.justice.gov/epstein/files/DataSet 11/EFTA02521284.pdf,https://www.justice.gov/epstein/files/DataSet 11/EFTA02521284.mov
https://www.justice.gov/epstein/files/DataSet 11/EFTA02523855.pdf,https://www.justice.gov/epstein/files/DataSet 11/EFTA02523855.mov
https://www.justice.gov/epstein/files/DataSet 11/EFTA02525799.pdf,https://www.justice.gov/epstein/files/DataSet 11/EFTA02525799.mov
https://www.justice.gov/epstein/files/DataSet 11/EFTA02527940.pdf,https://www.justice.gov/epstein/files/DataSet 11/EFTA02527940.mov
https://www.justice.gov/epstein/files/DataSet 11/EFTA02529266.pdf,https://www.justice.gov/epstein/files/DataSet 11/EFTA02529266.mov
https://www.justice.gov/epstein/files/DataSet 11/EFTA02531394.pdf,https://www.justice.gov/epstein/files/DataSet 11/EFTA02531394.mov
https://www.justice.gov/epstein/files/DataSet 11/EFTA02534716.pdf,https://www.justice.gov/epstein/files/DataSet 11/EFTA02534716.mov
https://www.justice.gov/epstein/files/DataSet 11/EFTA02535352.pdf,https://www.justice.gov/epstein/files/DataSet 11/EFTA02535352.mov
https://www.justice.gov/epstein/files/DataSet 11/EFTA02539531.pdf,https://www.justice.gov/epstein/files/DataSet 11/EFTA02539531.mov
https://www.justice.gov/epstein/files/DataSet 11/EFTA02539626.pdf,https://www.justice.gov/epstein/files/DataSet 11/EFTA02539626.mov
https://www.justice.gov/epstein/files/DataSet 11/EFTA02542851.pdf,https://www.justice.gov/epstein/files/DataSet 11/EFTA02542851.mov
https://www.justice.gov/epstein/files/DataSet 11/EFTA02543033.pdf,https://www.justice.gov/epstein/files/DataSet 11/EFTA02543033.mov
https://www.justice.gov/epstein/files/DataSet 11/EFTA02543143.pdf,https://www.justice.gov/epstein/files/DataSet 11/EFTA02543143.mov
https://www.justice.gov/epstein/files/DataSet 11/EFTA02543590.pdf,https://www.justice.gov/epstein/files/DataSet 11/EFTA02543590.mov
https://www.justice.gov/epstein/files/DataSet 11/EFTA02543753.pdf,https://www.justice.gov/epstein/files/DataSet 11/EFTA02543753.mov
https://www.justice.gov/epstein/files/DataSet 11/EFTA02544784.pdf,https://www.justice.gov/epstein/files/DataSet 11/EFTA02544784.mov
https://www.justice.gov/epstein/files/DataSet 11/EFTA02545123.pdf,https://www.justice.gov/epstein/files/DataSet 11/EFTA02545123.mov
https://www.justice.gov/epstein/files/DataSet 11/EFTA02545124.pdf,https://www.justice.gov/epstein/files/DataSet 11/EFTA02545124.mov
https://www.justice.gov/epstein/files/DataSet 11/EFTA02545295.pdf,https://www.justice.gov/epstein/files/DataSet 11/EFTA02545295.mov
https://www.justice.gov/epstein/files/DataSet 11/EFTA02547238.pdf,https://www.justice.gov/epstein/files/DataSet 11/EFTA02547238.mov
https://www.justice.gov/epstein/files/DataSet 11/EFTA02547927.pdf,https://www.justice.gov/epstein/files/DataSet 11/EFTA02547927.mov
https://www.justice.gov/epstein/files/DataSet 11/EFTA02549998.pdf,https://www.justice.gov/epstein/files/DataSet 11/EFTA02549998.mov
https://www.justice.gov/epstein/files/DataSet 11/EFTA02552484.pdf,https://www.justice.gov/epstein/files/DataSet 11/EFTA02552484.mov
https://www.justice.gov/epstein/files/DataSet 11/EFTA02553109.pdf,https://www.justice.gov/epstein/files/DataSet 11/EFTA02553109.mov
https://www.justice.gov/epstein/files/DataSet 11/EFTA02554130.pdf,https://www.justice.gov/epstein/files/DataSet 11/EFTA02554130.mov
https://www.justice.gov/epstein/files/DataSet 11/EFTA02554571.pdf,https://www.justice.gov/epstein/files/DataSet 11/EFTA02554571.mov
https://www.justice.gov/epstein/files/DataSet 11/EFTA02554746.pdf,https://www.justice.gov/epstein/files/DataSet 11/EFTA02554746.mov
https://www.justice.gov/epstein/files/DataSet 11/EFTA02554916.pdf,https://www.justice.gov/epstein/files/DataSet 11/EFTA02554916.mov
https://www.justice.gov/epstein/files/DataSet 11/EFTA02555074.pdf,https://www.justice.gov/epstein/files/DataSet 11/EFTA02555074.mov
https://www.justice.gov/epstein/files/DataSet 11/EFTA02555149.pdf,https://www.justice.gov/epstein/files/DataSet 11/EFTA02555149.mov
https://www.justice.gov/epstein/files/DataSet 11/EFTA02556523.pdf,https://www.justice.gov/epstein/files/DataSet 11/EFTA02556523.mov
https://www.justice.gov/epstein/files/DataSet 11/EFTA02558946.pdf,https://www.justice.gov/epstein/files/DataSet 11/EFTA02558946.mov
https://www.justice.gov/epstein/files/DataSet 11/EFTA02559300.pdf,https://www.justice.gov/epstein/files/DataSet 11/EFTA02559300.mov
https://www.justice.gov/epstein/files/DataSet 11/EFTA02561069.pdf,https://www.justice.gov/epstein/files/DataSet 11/EFTA02561069.mov
https://www.justice.gov/epstein/files/DataSet 11/EFTA02563166.pdf,https://www.justice.gov/epstein/files/DataSet 11/EFTA02563166.mov
https://www.justice.gov/epstein/files/DataSet 11/EFTA02563987.pdf,https://www.justice.gov/epstein/files/DataSet 11/EFTA02563987.mov
https://www.justice.gov/epstein/files/DataSet 11/EFTA02564207.pdf,https://www.justice.gov/epstein/files/DataSet 11/EFTA02564207.mov
https://www.justice.gov/epstein/files/DataSet 11/EFTA02564217.pdf,https://www.justice.gov/epstein/files/DataSet 11/EFTA02564217.mov
https://www.justice.gov/epstein/files/DataSet 11/EFTA02564350.pdf,https://www.justice.gov/epstein/files/DataSet 11/EFTA02564350.mov
https://www.justice.gov/epstein/files/DataSet 11/EFTA02564355.pdf,https://www.justice.gov/epstein/files/DataSet 11/EFTA02564355.mov
https://www.justice.gov/epstein/files/DataSet 11/EFTA02564359.pdf,https://www.justice.gov/epstein/files/DataSet 11/EFTA02564359.mov
https://www.justice.gov/epstein/files/DataSet 11/EFTA02564370.pdf,https://www.justice.gov/epstein/files/DataSet 11/EFTA02564370.mov
https://www.justice.gov/epstein/files/DataSet 11/EFTA02564373.pdf,https://www.justice.gov/epstein/files/DataSet 11/EFTA02564373.mov
https://www.justice.gov/epstein/files/DataSet 11/EFTA02564465.pdf,https://www.justice.gov/epstein/files/DataSet 11/EFTA02564465.mov
https://www.justice.gov/epstein/files/DataSet 11/EFTA02567900.pdf,https://www.justice.gov/epstein/files/DataSet 11/EFTA02567900.mov
https://www.justice.gov/epstein/files/DataSet 11/EFTA02567920.pdf,https://www.justice.gov/epstein/files/DataSet 11/EFTA02567920.mov
https://www.justice.gov/epstein/files/DataSet 11/EFTA02570081.pdf,https://www.justice.gov/epstein/files/DataSet 11/EFTA02570081.mov
https://www.justice.gov/epstein/files/DataSet 11/EFTA02570756.pdf,https://www.justice.gov/epstein/files/DataSet 11/EFTA02570756.mov
https://www.justice.gov/epstein/files/DataSet 11/EFTA02571407.pdf,https://www.justice.gov/epstein/files/DataSet 11/EFTA02571407.mov
https://www.justice.gov/epstein/files/DataSet 11/EFTA02572255.pdf,https://www.justice.gov/epstein/files/DataSet 11/EFTA02572255.mov
https://www.justice.gov/epstein/files/DataSet 11/EFTA02576607.pdf,https://www.justice.gov/epstein/files/DataSet 11/EFTA02576607.mov
https://www.justice.gov/epstein/files/DataSet 11/EFTA02577155.pdf,https://www.justice.gov/epstein/files/DataSet 11/EFTA02577155.mov
https://www.justice.gov/epstein/files/DataSet 11/EFTA02577156.pdf,https://www.justice.gov/epstein/files/DataSet 11/EFTA02577156.mov
https://www.justice.gov/epstein/files/DataSet 11/EFTA02577182.pdf,https://www.justice.gov/epstein/files/DataSet 11/EFTA02577182.mov
https://www.justice.gov/epstein/files/DataSet 11/EFTA02577208.pdf,https://www.justice.gov/epstein/files/DataSet 11/EFTA02577208.mov
https://www.justice.gov/epstein/files/DataSet 11/EFTA02577415.pdf,https://www.justice.gov/epstein/files/DataSet 11/EFTA02577415.mov
https://www.justice.gov/epstein/files/DataSet 11/EFTA02578621.pdf,https://www.justice.gov/epstein/files/DataSet 11/EFTA02578621.mov
https://www.justice.gov/epstein/files/DataSet 11/EFTA02578852.pdf,https://www.justice.gov/epstein/files/DataSet 11/EFTA02578852.mov
https://www.justice.gov/epstein/files/DataSet 11/EFTA02579722.pdf,https://www.justice.gov/epstein/files/DataSet 11/EFTA02579722.mov
https://www.justice.gov/epstein/files/DataSet 11/EFTA02579739.pdf,https://www.justice.gov/epstein/files/DataSet 11/EFTA02579739.mov
https://www.justice.gov/epstein/files/DataSet 11/EFTA02580052.pdf,https://www.justice.gov/epstein/files/DataSet 11/EFTA02580052.mov
https://www.justice.gov/epstein/files/DataSet 11/EFTA02580862.pdf,https://www.justice.gov/epstein/files/DataSet 11/EFTA02580862.mov
https://www.justice.gov/epstein/files/DataSet 11/EFTA02582229.pdf,https://www.justice.gov/epstein/files/DataSet 11/EFTA02582229.mov
https://www.justice.gov/epstein/files/DataSet 11/EFTA02583460.pdf,https://www.justice.gov/epstein/files/DataSet 11/EFTA02583460.mov
https://www.justice.gov/epstein/files/DataSet 11/EFTA02586160.pdf,https://www.justice.gov/epstein/files/DataSet 11/EFTA02586160.mov
https://www.justice.gov/epstein/files/DataSet 11/EFTA02588041.pdf,https://www.justice.gov/epstein/files/DataSet 11/EFTA02588041.mov
https://www.justice.gov/epstein/files/DataSet 11/EFTA02588634.pdf,https://www.justice.gov/epstein/files/DataSet 11/EFTA02588634.mov
https://www.justice.gov/epstein/files/DataSet 11/EFTA02588810.pdf,https://www.justice.gov/epstein/files/DataSet 11/EFTA02588810.mov
https://www.justice.gov/epstein/files/DataSet 11/EFTA02591189.pdf,https://www.justice.gov/epstein/files/DataSet 11/EFTA02591189.mov
https://www.justice.gov/epstein/files/DataSet 11/EFTA02606565.pdf,https://www.justice.gov/epstein/files/DataSet 11/EFTA02606565.mov
https://www.justice.gov/epstein/files/DataSet 11/EFTA02606608.pdf,https://www.justice.gov/epstein/files/DataSet 11/EFTA02606608.mov
https://www.justice.gov/epstein/files/DataSet 11/EFTA02608545.pdf,https://www.justice.gov/epstein/files/DataSet 11/EFTA02608545.mov
https://www.justice.gov/epstein/files/DataSet 11/EFTA02609810.pdf,https://www.justice.gov/epstein/files/DataSet 11/EFTA02609810.mov
https://www.justice.gov/epstein/files/DataSet 11/EFTA02609997.pdf,https://www.justice.gov/epstein/files/DataSet 11/EFTA02609997.mov
https://www.justice.gov/epstein/files/DataSet 11/EFTA02611123.pdf,https://www.justice.gov/epstein/files/DataSet 11/EFTA02611123.mov
https://www.justice.gov/epstein/files/DataSet 11/EFTA02614265.pdf,https://www.justice.gov/epstein/files/DataSet 11/EFTA02614265.mov
https://www.justice.gov/epstein/files/DataSet 11/EFTA02618780.pdf,https://www.justice.gov/epstein/files/DataSet 11/EFTA02618780.mov
https://www.justice.gov/epstein/files/DataSet 11/EFTA02619002.pdf,https://www.justice.gov/epstein/files/DataSet 11/EFTA02619002.mov
https://www.justice.gov/epstein/files/DataSet 11/EFTA02621153.pdf,https://www.justice.gov/epstein/files/DataSet 11/EFTA02621153.mov
https://www.justice.gov/epstein/files/DataSet 11/EFTA02621327.pdf,https://www.justice.gov/epstein/files/DataSet 11/EFTA02621327.mov
https://www.justice.gov/epstein/files/DataSet 11/EFTA02621569.pdf,https://www.justice.gov/epstein/files/DataSet 11/EFTA02621569.mov
https://www.justice.gov/epstein/files/DataSet 11/EFTA02622463.pdf,https://www.justice.gov/epstein/files/DataSet 11/EFTA02622463.mov
https://www.justice.gov/epstein/files/DataSet 11/EFTA02627332.pdf,https://www.justice.gov/epstein/files/DataSet 11/EFTA02627332.mov
https://www.justice.gov/epstein/files/DataSet 11/EFTA02628380.pdf,https://www.justice.gov/epstein/files/DataSet 11/EFTA02628380.mov
https://www.justice.gov/epstein/files/DataSet 11/EFTA02628441.pdf,https://www.justice.gov/epstein/files/DataSet 11/EFTA02628441.mov
https://www.justice.gov/epstein/files/DataSet 11/EFTA02628513.pdf,https://www.justice.gov/epstein/files/DataSet 11/EFTA02628513.mov
https://www.justice.gov/epstein/files/DataSet 11/EFTA02628565.pdf,https://www.justice.gov/epstein/files/DataSet 11/EFTA02628565.mov
https://www.justice.gov/epstein/files/DataSet 11/EFTA02628598.pdf,https://www.justice.gov/epstein/files/DataSet 11/EFTA02628598.mov
https://www.justice.gov/epstein/files/DataSet 11/EFTA02628713.pdf,https://www.justice.gov/epstein/files/DataSet 11/EFTA02628713.mov
https://www.justice.gov/epstein/files/DataSet 11/EFTA02629303.pdf,https://www.justice.gov/epstein/files/DataSet 11/EFTA02629303.mov
https://www.justice.gov/epstein/files/DataSet 11/EFTA02629484.pdf,https://www.justice.gov/epstein/files/DataSet 11/EFTA02629484.mov
https://www.justice.gov/epstein/files/DataSet 11/EFTA02629735.pdf,https://www.justice.gov/epstein/files/DataSet 11/EFTA02629735.mov
https://www.justice.gov/epstein/files/DataSet 11/EFTA02632790.pdf,https://www.justice.gov/epstein/files/DataSet 11/EFTA02632790.mov
https://www.justice.gov/epstein/files/DataSet 11/EFTA02633675.pdf,https://www.justice.gov/epstein/files/DataSet 11/EFTA02633675.mov
https://www.justice.gov/epstein/files/DataSet 11/EFTA02634654.pdf,https://www.justice.gov/epstein/files/DataSet 11/EFTA02634654.mov
https://www.justice.gov/epstein/files/DataSet 11/EFTA02636700.pdf,https://www.justice.gov/epstein/files/DataSet 11/EFTA02636700.mov
https://www.justice.gov/epstein/files/DataSet 11/EFTA02639570.pdf,https://www.justice.gov/epstein/files/DataSet 11/EFTA02639570.mov
https://www.justice.gov/epstein/files/DataSet 11/EFTA02640118.pdf,https://www.justice.gov/epstein/files/DataSet 11/EFTA02640118.mov
https://www.justice.gov/epstein/files/DataSet 11/EFTA02641576.pdf,https://www.justice.gov/epstein/files/DataSet 11/EFTA02641576.mov
https://www.justice.gov/epstein/files/DataSet 11/EFTA02642177.pdf,https://www.justice.gov/epstein/files/DataSet 11/EFTA02642177.mov
https://www.justice.gov/epstein/files/DataSet 11/EFTA02649729.pdf,https://www.justice.gov/epstein/files/DataSet 11/EFTA02649729.mov
https://www.justice.gov/epstein/files/DataSet 11/EFTA02650309.pdf,https://www.justice.gov/epstein/files/DataSet 11/EFTA02650309.mov
https://www.justice.gov/epstein/files/DataSet 11/EFTA02651099.pdf,https://www.justice.gov/epstein/files/DataSet 11/EFTA02651099.mov
https://www.justice.gov/epstein/files/DataSet 11/EFTA02651933.pdf,https://www.justice.gov/epstein/files/DataSet 11/EFTA02651933.mov
https://www.justice.gov/epstein/files/DataSet 11/EFTA02652066.pdf,https://www.justice.gov/epstein/files/DataSet 11/EFTA02652066.mov
https://www.justice.gov/epstein/files/DataSet 11/EFTA02655974.pdf,https://www.justice.gov/epstein/files/DataSet 11/EFTA02655974.mov
https://www.justice.gov/epstein/files/DataSet 11/EFTA02662329.pdf,https://www.justice.gov/epstein/files/DataSet 11/EFTA02662329.mov
https://www.justice.gov/epstein/files/DataSet 11/EFTA02665591.pdf,https://www.justice.gov/epstein/files/DataSet 11/EFTA02665591.mov
https://www.justice.gov/epstein/files/DataSet 11/EFTA02665681.pdf,https://www.justice.gov/epstein/files/DataSet 11/EFTA02665681.mov
https://www.justice.gov/epstein/files/DataSet 11/EFTA02667860.pdf,https://www.justice.gov/epstein/files/DataSet 11/EFTA02667860.mov
https://www.justice.gov/epstein/files/DataSet 11/EFTA02669762.pdf,https://www.justice.gov/epstein/files/DataSet 11/EFTA02669762.mov
https://www.justice.gov/epstein/files/DataSet 11/EFTA02669920.pdf,https://www.justice.gov/epstein/files/DataSet 11/EFTA02669920.mov
https://www.justice.gov/epstein/files/DataSet 11/EFTA02672163.pdf,https://www.justice.gov/epstein/files/DataSet 11/EFTA02672163.mov
https://www.justice.gov/epstein/files/DataSet 11/EFTA02673520.pdf,https://www.justice.gov/epstein/files/DataSet 11/EFTA02673520.mov
https://www.justice.gov/epstein/files/DataSet 11/EFTA02674006.pdf,https://www.justice.gov/epstein/files/DataSet 11/EFTA02674006.mov
https://www.justice.gov/epstein/files/DataSet 11/EFTA02674186.pdf,https://www.justice.gov/epstein/files/DataSet 11/EFTA02674186.mov
https://www.justice.gov/epstein/files/DataSet 11/EFTA02674497.pdf,https://www.justice.gov/epstein/files/DataSet 11/EFTA02674497.mov
https://www.justice.gov/epstein/files/DataSet 11/EFTA02676574.pdf,https://www.justice.gov/epstein/files/DataSet 11/EFTA02676574.mov
https://www.justice.gov/epstein/files/DataSet 11/EFTA02677064.pdf,https://www.justice.gov/epstein/files/DataSet 11/EFTA02677064.mov
https://www.justice.gov/epstein/files/DataSet 11/EFTA02679157.pdf,https://www.justice.gov/epstein/files/DataSet 11/EFTA02679157.mov
https://www.justice.gov/epstein/files/DataSet 11/EFTA02681012.pdf,https://www.justice.gov/epstein/files/DataSet 11/EFTA02681012.mov
https://www.justice.gov/epstein/files/DataSet 11/EFTA02682613.pdf,https://www.justice.gov/epstein/files/DataSet 11/EFTA02682613.mov
https://www.justice.gov/epstein/files/DataSet 11/EFTA02682920.pdf,https://www.justice.gov/epstein/files/DataSet 11/EFTA02682920.mov
https://www.justice.gov/epstein/files/DataSet 11/EFTA02684131.pdf,https://www.justice.gov/epstein/files/DataSet 11/EFTA02684131.mov
https://www.justice.gov/epstein/files/DataSet 11/EFTA02684439.pdf,https://www.justice.gov/epstein/files/DataSet 11/EFTA02684439.mov
https://www.justice.gov/epstein/files/DataSet 11/EFTA02684789.pdf,https://www.justice.gov/epstein/files/DataSet 11/EFTA02684789.mov
https://www.justice.gov/epstein/files/DataSet 11/EFTA02689380.pdf,https://www.justice.gov/epstein/files/DataSet 11/EFTA02689380.mov
https://www.justice.gov/epstein/files/DataSet 11/EFTA02693849.pdf,https://www.justice.gov/epstein/files/DataSet 11/EFTA02693849.mov
https://www.justice.gov/epstein/files/DataSet 11/EFTA02696382.pdf,https://www.justice.gov/epstein/files/DataSet 11/EFTA02696382.mov
https://www.justice.gov/epstein/files/DataSet 11/EFTA02697682.pdf,https://www.justice.gov/epstein/files/DataSet 11/EFTA02697682.mov
https://www.justice.gov/epstein/files/DataSet 11/EFTA02698238.pdf,https://www.justice.gov/epstein/files/DataSet 11/EFTA02698238.mov
https://www.justice.gov/epstein/files/DataSet 11/EFTA02700950.pdf,https://www.justice.gov/epstein/files/DataSet 11/EFTA02700950.mov
https://www.justice.gov/epstein/files/DataSet 11/EFTA02702192.pdf,https://www.justice.gov/epstein/files/DataSet 11/EFTA02702192.mov
https://www.justice.gov/epstein/files/DataSet 11/EFTA02706778.pdf,https://www.justice.gov/epstein/files/DataSet 11/EFTA02706778.mov
https://www.justice.gov/epstein/files/DataSet 11/EFTA02709872.pdf,https://www.justice.gov/epstein/files/DataSet 11/EFTA02709872.mov
https://www.justice.gov/epstein/files/DataSet 11/EFTA02711024.pdf,https://www.justice.gov/epstein/files/DataSet 11/EFTA02711024.mov
https://www.justice.gov/epstein/files/DataSet 11/EFTA02712441.pdf,https://www.justice.gov/epstein/files/DataSet 11/EFTA02712441.mov
https://www.justice.gov/epstein/files/DataSet 11/EFTA02712951.pdf,https://www.justice.gov/epstein/files/DataSet 11/EFTA02712951.mov
https://www.justice.gov/epstein/files/DataSet 11/EFTA02715754.pdf,https://www.justice.gov/epstein/files/DataSet 11/EFTA02715754.mov
https://www.justice.gov/epstein/files/DataSet 11/EFTA02716399.pdf,https://www.justice.gov/epstein/files/DataSet 11/EFTA02716399.mov
https://www.justice.gov/epstein/files/DataSet 11/EFTA02716513.pdf,https://www.justice.gov/epstein/files/DataSet 11/EFTA02716513.mov
https://www.justice.gov/epstein/files/DataSet 11/EFTA02718011.pdf,https://www.justice.gov/epstein/files/DataSet 11/EFTA02718011.mov
https://www.justice.gov/epstein/files/DataSet 11/EFTA02718092.pdf,https://www.justice.gov/epstein/files/DataSet 11/EFTA02718092.mov
https://www.justice.gov/epstein/files/DataSet 11/EFTA02719472.pdf,https://www.justice.gov/epstein/files/DataSet 11/EFTA02719472.mov
https://www.justice.gov/epstein/files/DataSet 11/EFTA02719788.pdf,https://www.justice.gov/epstein/files/DataSet 11/EFTA02719788.mov
https://www.justice.gov/epstein/files/DataSet 11/EFTA02722527.pdf,https://www.justice.gov/epstein/files/DataSet 11/EFTA02722527.mov
https://www.justice.gov/epstein/files/DataSet 11/EFTA02725630.pdf,https://www.justice.gov/epstein/files/DataSet 11/EFTA02725630.mov
https://www.justice.gov/epstein/files/DataSet 11/EFTA02729725.pdf,https://www.justice.gov/epstein/files/DataSet 11/EFTA02729725.mov
https://www.justice.gov/epstein/files/DataSet 12/EFTA02857729.pdf,https://www.justice.gov/epstein/files/DataSet 12/EFTA02857729.mov
https://www.justice.gov/epstein/files/DataSet 12/EFTA02857857.pdf,https://www.justice.gov/epstein/files/DataSet 12/EFTA02857857.mov
https://www.justice.gov/epstein/files/DataSet 12/EFTA02858453.pdf,https://www.justice.gov/epstein/files/DataSet 12/EFTA02858453.mov
https://www.justice.gov/epstein/files/DataSet 12/EFTA02858461.pdf,https://www.justice.gov/epstein/files/DataSet 12/EFTA02858461.mov
https://www.justice.gov/epstein/files/DataSet 12/EFTA02858491.pdf,https://www.justice.gov/epstein/files/DataSet 12/EFTA02858491.mov
https://www.justice.gov/epstein/files/DataSet 3/EFTA00004250.pdf,https://www.justice.gov/epstein/files/DataSet 3/EFTA00004250.mov
https://www.justice.gov/epstein/files/DataSet 4/EFTA00006039.pdf,https://www.justice.gov/epstein/files/DataSet 4/EFTA00006039.mov
https://www.justice.gov/epstein/files/DataSet 8/EFTA00010160.pdf,https://www.justice.gov/epstein/files/DataSet 8/EFTA00010160.mov
https://www.justice.gov/epstein/files/DataSet 8/EFTA00010367.pdf,https://www.justice.gov/epstein/files/DataSet 8/EFTA00010367.mov
https://www.justice.gov/epstein/files/DataSet 8/EFTA00010383.pdf,https://www.justice.gov/epstein/files/DataSet 8/EFTA00010383.mov
https://www.justice.gov/epstein/files/DataSet 8/EFTA00011163.pdf,https://www.justice.gov/epstein/files/DataSet 8/EFTA00011163.mov
https://www.justice.gov/epstein/files/DataSet 8/EFTA00011172.pdf,https://www.justice.gov/epstein/files/DataSet 8/EFTA00011172.mov
https://www.justice.gov/epstein/files/DataSet 8/EFTA00011187.pdf,https://www.justice.gov/epstein/files/DataSet 8/EFTA00011187.mov
https://www.justice.gov/epstein/files/DataSet 8/EFTA00011266.pdf,https://www.justice.gov/epstein/files/DataSet 8/EFTA00011266.mov
https://www.justice.gov/epstein/files/DataSet 8/EFTA00011494.pdf,https://www.justice.gov/epstein/files/DataSet 8/EFTA00011494.mov
https://www.justice.gov/epstein/files/DataSet 8/EFTA00013515.pdf,https://www.justice.gov/epstein/files/DataSet 8/EFTA00013515.mov
https://www.justice.gov/epstein/files/DataSet 8/EFTA00013749.pdf,https://www.justice.gov/epstein/files/DataSet 8/EFTA00013749.mov
https://www.justice.gov/epstein/files/DataSet 8/EFTA00013954.pdf,https://www.justice.gov/epstein/files/DataSet 8/EFTA00013954.mov
https://www.justice.gov/epstein/files/DataSet 8/EFTA00014034.pdf,https://www.justice.gov/epstein/files/DataSet 8/EFTA00014034.mov
https://www.justice.gov/epstein/files/DataSet 8/EFTA00014038.pdf,https://www.justice.gov/epstein/files/DataSet 8/EFTA00014038.mov
https://www.justice.gov/epstein/files/DataSet 8/EFTA00014606.pdf,https://www.justice.gov/epstein/files/DataSet 8/EFTA00014606.mov
https://www.justice.gov/epstein/files/DataSet 8/EFTA00016282.pdf,https://www.justice.gov/epstein/files/DataSet 8/EFTA00016282.mov
https://www.justice.gov/epstein/files/DataSet 8/EFTA00016348.pdf,https://www.justice.gov/epstein/files/DataSet 8/EFTA00016348.mov
https://www.justice.gov/epstein/files/DataSet 8/EFTA00017752.pdf,https://www.justice.gov/epstein/files/DataSet 8/EFTA00017752.mov
https://www.justice.gov/epstein/files/DataSet 8/EFTA00017780.pdf,https://www.justice.gov/epstein/files/DataSet 8/EFTA00017780.mov
https://www.justice.gov/epstein/files/DataSet 8/EFTA00017935.pdf,https://www.justice.gov/epstein/files/DataSet 8/EFTA00017935.mov
https://www.justice.gov/epstein/files/DataSet 8/EFTA00018646.pdf,https://www.justice.gov/epstein/files/DataSet 8/EFTA00018646.mov
https://www.justice.gov/epstein/files/DataSet 8/EFTA00018888.pdf,https://www.justice.gov/epstein/files/DataSet 8/EFTA00018888.mov
https://www.justice.gov/epstein/files/DataSet 8/EFTA00019645.pdf,https://www.justice.gov/epstein/files/DataSet 8/EFTA00019645.mov
https://www.justice.gov/epstein/files/DataSet 8/EFTA00021034.pdf,https://www.justice.gov/epstein/files/DataSet 8/EFTA00021034.mov
https://www.justice.gov/epstein/files/DataSet 8/EFTA00021428.pdf,https://www.justice.gov/epstein/files/DataSet 8/EFTA00021428.mov
https://www.justice.gov/epstein/files/DataSet 8/EFTA00021765.pdf,https://www.justice.gov/epstein/files/DataSet 8/EFTA00021765.mov
https://www.justice.gov/epstein/files/DataSet 8/EFTA00022668.pdf,https://www.justice.gov/epstein/files/DataSet 8/EFTA00022668.mov
https://www.justice.gov/epstein/files/DataSet 8/EFTA00022997.pdf,https://www.justice.gov/epstein/files/DataSet 8/EFTA00022997.mov
https://www.justice.gov/epstein/files/DataSet 8/EFTA00024479.pdf,https://www.justice.gov/epstein/files/DataSet 8/EFTA00024479.mov
https://www.justice.gov/epstein/files/DataSet 8/EFTA00024919.pdf,https://www.justice.gov/epstein/files/DataSet 8/EFTA00024919.mov
https://www.justice.gov/epstein/files/DataSet 8/EFTA00025277.pdf,https://www.justice.gov/epstein/files/DataSet 8/EFTA00025277.mov
https://www.justice.gov/epstein/files/DataSet 8/EFTA00025443.pdf,https://www.justice.gov/epstein/files/DataSet 8/EFTA00025443.mov
https://www.justice.gov/epstein/files/DataSet 8/EFTA00025553.pdf,https://www.justice.gov/epstein/files/DataSet 8/EFTA00025553.mov
https://www.justice.gov/epstein/files/DataSet 8/EFTA00026524.pdf,https://www.justice.gov/epstein/files/DataSet 8/EFTA00026524.mov
https://www.justice.gov/epstein/files/DataSet 8/EFTA00027878.pdf,https://www.justice.gov/epstein/files/DataSet 8/EFTA00027878.mov
https://www.justice.gov/epstein/files/DataSet 8/EFTA00028775.pdf,https://www.justice.gov/epstein/files/DataSet 8/EFTA00028775.mov
https://www.justice.gov/epstein/files/DataSet 8/EFTA00029015.pdf,https://www.justice.gov/epstein/files/DataSet 8/EFTA00029015.mov
https://www.justice.gov/epstein/files/DataSet 8/EFTA00029036.pdf,https://www.justice.gov/epstein/files/DataSet 8/EFTA00029036.mov
https://www.justice.gov/epstein/files/DataSet 8/EFTA00029589.pdf,https://www.justice.gov/epstein/files/DataSet 8/EFTA00029589.mov
https://www.justice.gov/epstein/files/DataSet 8/EFTA00029721.pdf,https://www.justice.gov/epstein/files/DataSet 8/EFTA00029721.mov
https://www.justice.gov/epstein/files/DataSet 8/EFTA00030083.pdf,https://www.justice.gov/epstein/files/DataSet 8/EFTA00030083.mov
https://www.justice.gov/epstein/files/DataSet 8/EFTA00030335.pdf,https://www.justice.gov/epstein/files/DataSet 8/EFTA00030335.mov
https://www.justice.gov/epstein/files/DataSet 8/EFTA00032011.pdf,https://www.justice.gov/epstein/files/DataSet 8/EFTA00032011.mov
https://www.justice.gov/epstein/files/DataSet 8/EFTA00032884.pdf,https://www.justice.gov/epstein/files/DataSet 8/EFTA00032884.mov
https://www.justice.gov/epstein/files/DataSet 8/EFTA00034096.pdf,https://www.justice.gov/epstein/files/DataSet 8/EFTA00034096.mov
https://www.justice.gov/epstein/files/DataSet 8/EFTA00034228.pdf,https://www.justice.gov/epstein/files/DataSet 8/EFTA00034228.mov
https://www.justice.gov/epstein/files/DataSet 8/EFTA00034717.pdf,https://www.justice.gov/epstein/files/DataSet 8/EFTA00034717.mov
https://www.justice.gov/epstein/files/DataSet 8/EFTA00034963.pdf,https://www.justice.gov/epstein/files/DataSet 8/EFTA00034963.mov
https://www.justice.gov/epstein/files/DataSet 8/EFTA00035391.pdf,https://www.justice.gov/epstein/files/DataSet 8/EFTA00035391.mov
https://www.justice.gov/epstein/files/DataSet 8/EFTA00035538.pdf,https://www.justice.gov/epstein/files/DataSet 8/EFTA00035538.mov
https://www.justice.gov/epstein/files/DataSet 8/EFTA00035732.pdf,https://www.justice.gov/epstein/files/DataSet 8/EFTA00035732.mov
https://www.justice.gov/epstein/files/DataSet 8/EFTA00035752.pdf,https://www.justice.gov/epstein/files/DataSet 8/EFTA00035752.mov
https://www.justice.gov/epstein/files/DataSet 8/EFTA00035946.pdf,https://www.justice.gov/epstein/files/DataSet 8/EFTA00035946.mov
https://www.justice.gov/epstein/files/DataSet 8/EFTA00036687.pdf,https://www.justice.gov/epstein/files/DataSet 8/EFTA00036687.mov
https://www.justice.gov/epstein/files/DataSet 8/EFTA00037127.pdf,https://www.justice.gov/epstein/files/DataSet 8/EFTA00037127.mov
https://www.justice.gov/epstein/files/DataSet 8/EFTA00037360.pdf,https://www.justice.gov/epstein/files/DataSet 8/EFTA00037360.mov
https://www.justice.gov/epstein/files/DataSet 8/EFTA00037583.pdf,https://www.justice.gov/epstein/files/DataSet 8/EFTA00037583.mov
https://www.justice.gov/epstein/files/DataSet 8/EFTA00037932.pdf,https://www.justice.gov/epstein/files/DataSet 8/EFTA00037932.mov
https://www.justice.gov/epstein/files/DataSet 8/EFTA00038517.pdf,https://www.justice.gov/epstein/files/DataSet 8/EFTA00038517.mov
https://www.justice.gov/epstein/files/DataSet 8/EFTA00038957.pdf,https://www.justice.gov/epstein/files/DataSet 8/EFTA00038957.mov
https://www.justice.gov/epstein/files/DataSet 9/EFTA00040089.pdf,https://www.justice.gov/epstein/files/DataSet 9/EFTA00040089.mov
https://www.justice.gov/epstein/files/DataSet 9/EFTA00040399.pdf,https://www.justice.gov/epstein/files/DataSet 9/EFTA00040399.mov
https://www.justice.gov/epstein/files/DataSet 9/EFTA00060698.pdf,https://www.justice.gov/epstein/files/DataSet 9/EFTA00060698.mov
https://www.justice.gov/epstein/files/DataSet 9/EFTA00061367.pdf,https://www.justice.gov/epstein/files/DataSet 9/EFTA00061367.mov
https://www.justice.gov/epstein/files/DataSet 9/EFTA00063394.pdf,https://www.justice.gov/epstein/files/DataSet 9/EFTA00063394.mov
https://www.justice.gov/epstein/files/DataSet 9/EFTA00065635.pdf,https://www.justice.gov/epstein/files/DataSet 9/EFTA00065635.mov
https://www.justice.gov/epstein/files/DataSet 9/EFTA00065666.pdf,https://www.justice.gov/epstein/files/DataSet 9/EFTA00065666.mov
https://www.justice.gov/epstein/files/DataSet 9/EFTA00065669.pdf,https://www.justice.gov/epstein/files/DataSet 9/EFTA00065669.mov
https://www.justice.gov/epstein/files/DataSet 9/EFTA00065708.pdf,https://www.justice.gov/epstein/files/DataSet 9/EFTA00065708.mov
https://www.justice.gov/epstein/files/DataSet 9/EFTA00065761.pdf,https://www.justice.gov/epstein/files/DataSet 9/EFTA00065761.mov
https://www.justice.gov/epstein/files/DataSet 9/EFTA00065775.pdf,https://www.justice.gov/epstein/files/DataSet 9/EFTA00065775.mov
https://www.justice.gov/epstein/files/DataSet 9/EFTA00065778.pdf,https://www.justice.gov/epstein/files/DataSet 9/EFTA00065778.mov
https://www.justice.gov/epstein/files/DataSet 9/EFTA00065819.pdf,https://www.justice.gov/epstein/files/DataSet 9/EFTA00065819.mov
https://www.justice.gov/epstein/files/DataSet 9/EFTA00066443.pdf,https://www.justice.gov/epstein/files/DataSet 9/EFTA00066443.mov
https://www.justice.gov/epstein/files/DataSet 9/EFTA00067077.pdf,https://www.justice.gov/epstein/files/DataSet 9/EFTA00067077.mov
https://www.justice.gov/epstein/files/DataSet 9/EFTA00068979.pdf,https://www.justice.gov/epstein/files/DataSet 9/EFTA00068979.mov
https://www.justice.gov/epstein/files/DataSet 9/EFTA00071483.pdf,https://www.justice.gov/epstein/files/DataSet 9/EFTA00071483.mov
https://www.justice.gov/epstein/files/DataSet 9/EFTA00072519.pdf,https://www.justice.gov/epstein/files/DataSet 9/EFTA00072519.mov
https://www.justice.gov/epstein/files/DataSet 9/EFTA00072533.pdf,https://www.justice.gov/epstein/files/DataSet 9/EFTA00072533.mov
https://www.justice.gov/epstein/files/DataSet 9/EFTA00072543.pdf,https://www.justice.gov/epstein/files/DataSet 9/EFTA00072543.mov
https://www.justice.gov/epstein/files/DataSet 9/EFTA00073592.pdf,https://www.justice.gov/epstein/files/DataSet 9/EFTA00073592.mov
https://www.justice.gov/epstein/files/DataSet 9/EFTA00073799.pdf,https://www.justice.gov/epstein/files/DataSet 9/EFTA00073799.mov
https://www.justice.gov/epstein/files/DataSet 9/EFTA00073804.pdf,https://www.justice.gov/epstein/files/DataSet 9/EFTA00073804.mov
https://www.justice.gov/epstein/files/DataSet 9/EFTA00074084.pdf,https://www.justice.gov/epstein/files/DataSet 9/EFTA00074084.mov
https://www.justice.gov/epstein/files/DataSet 9/EFTA00075327.pdf,https://www.justice.gov/epstein/files/DataSet 9/EFTA00075327.mov
https://www.justice.gov/epstein/files/DataSet 9/EFTA00076608.pdf,https://www.justice.gov/epstein/files/DataSet 9/EFTA00076608.mov
https://www.justice.gov/epstein/files/DataSet 9/EFTA00077124.pdf,https://www.justice.gov/epstein/files/DataSet 9/EFTA00077124.mov
https://www.justice.gov/epstein/files/DataSet 9/EFTA00077507.pdf,https://www.justice.gov/epstein/files/DataSet 9/EFTA00077507.mov
https://www.justice.gov/epstein/files/DataSet 9/EFTA00078026.pdf,https://www.justice.gov/epstein/files/DataSet 9/EFTA00078026.mov
https://www.justice.gov/epstein/files/DataSet 9/EFTA00079363.pdf,https://www.justice.gov/epstein/files/DataSet 9/EFTA00079363.mov
https://www.justice.gov/epstein/files/DataSet 9/EFTA00079640.pdf,https://www.justice.gov/epstein/files/DataSet 9/EFTA00079640.mov
https://www.justice.gov/epstein/files/DataSet 9/EFTA00082610.pdf,https://www.justice.gov/epstein/files/DataSet 9/EFTA00082610.mov
https://www.justice.gov/epstein/files/DataSet 9/EFTA00083912.pdf,https://www.justice.gov/epstein/files/DataSet 9/EFTA00083912.mov
https://www.justice.gov/epstein/files/DataSet 9/EFTA00084101.pdf,https://www.justice.gov/epstein/files/DataSet 9/EFTA00084101.mov
https://www.justice.gov/epstein/files/DataSet 9/EFTA00084944.pdf,https://www.justice.gov/epstein/files/DataSet 9/EFTA00084944.mov
https://www.justice.gov/epstein/files/DataSet 9/EFTA00084969.pdf,https://www.justice.gov/epstein/files/DataSet 9/EFTA00084969.mov
https://www.justice.gov/epstein/files/DataSet 9/EFTA00084973.pdf,https://www.justice.gov/epstein/files/DataSet 9/EFTA00084973.mov
https://www.justice.gov/epstein/files/DataSet 9/EFTA00085222.pdf,https://www.justice.gov/epstein/files/DataSet 9/EFTA00085222.mov
https://www.justice.gov/epstein/files/DataSet 9/EFTA00085681.pdf,https://www.justice.gov/epstein/files/DataSet 9/EFTA00085681.mov
https://www.justice.gov/epstein/files/DataSet 9/EFTA00086730.pdf,https://www.justice.gov/epstein/files/DataSet 9/EFTA00086730.mov
https://www.justice.gov/epstein/files/DataSet 9/EFTA00086732.pdf,https://www.justice.gov/epstein/files/DataSet 9/EFTA00086732.mov
https://www.justice.gov/epstein/files/DataSet 9/EFTA00086976.pdf,https://www.justice.gov/epstein/files/DataSet 9/EFTA00086976.mov
https://www.justice.gov/epstein/files/DataSet 9/EFTA00087012.pdf,https://www.justice.gov/epstein/files/DataSet 9/EFTA00087012.mov
https://www.justice.gov/epstein/files/DataSet 9/EFTA00087973.pdf,https://www.justice.gov/epstein/files/DataSet 9/EFTA00087973.mov
https://www.justice.gov/epstein/files/DataSet 9/EFTA00087976.pdf,https://www.justice.gov/epstein/files/DataSet 9/EFTA00087976.mov
https://www.justice.gov/epstein/files/DataSet 9/EFTA00088755.pdf,https://www.justice.gov/epstein/files/DataSet 9/EFTA00088755.mov
https://www.justice.gov/epstein/files/DataSet 9/EFTA00088955.pdf,https://www.justice.gov/epstein/files/DataSet 9/EFTA00088955.mov
https://www.justice.gov/epstein/files/DataSet 9/EFTA00089353.pdf,https://www.justice.gov/epstein/files/DataSet 9/EFTA00089353.mov
https://www.justice.gov/epstein/files/DataSet 9/EFTA00090677.pdf,https://www.justice.gov/epstein/files/DataSet 9/EFTA00090677.mov
https://www.justice.gov/epstein/files/DataSet 9/EFTA00091631.pdf,https://www.justice.gov/epstein/files/DataSet 9/EFTA00091631.mov
https://www.justice.gov/epstein/files/DataSet 9/EFTA00091910.pdf,https://www.justice.gov/epstein/files/DataSet 9/EFTA00091910.mov
https://www.justice.gov/epstein/files/DataSet 9/EFTA00092078.pdf,https://www.justice.gov/epstein/files/DataSet 9/EFTA00092078.mov
https://www.justice.gov/epstein/files/DataSet 9/EFTA00094738.pdf,https://www.justice.gov/epstein/files/DataSet 9/EFTA00094738.mov
https://www.justice.gov/epstein/files/DataSet 9/EFTA00095304.pdf,https://www.justice.gov/epstein/files/DataSet 9/EFTA00095304.mov
https://www.justice.gov/epstein/files/DataSet 9/EFTA00096339.pdf,https://www.justice.gov/epstein/files/DataSet 9/EFTA00096339.mov
https://www.justice.gov/epstein/files/DataSet 9/EFTA00097189.pdf,https://www.justice.gov/epstein/files/DataSet 9/EFTA00097189.mov
https://www.justice.gov/epstein/files/DataSet 9/EFTA00098129.pdf,https://www.justice.gov/epstein/files/DataSet 9/EFTA00098129.mov
https://www.justice.gov/epstein/files/DataSet 9/EFTA00098331.pdf,https://www.justice.gov/epstein/files/DataSet 9/EFTA00098331.mov
https://www.justice.gov/epstein/files/DataSet 9/EFTA00098453.pdf,https://www.justice.gov/epstein/files/DataSet 9/EFTA00098453.mov
https://www.justice.gov/epstein/files/DataSet 9/EFTA00099056.pdf,https://www.justice.gov/epstein/files/DataSet 9/EFTA00099056.mov
https://www.justice.gov/epstein/files/DataSet 9/EFTA00099289.pdf,https://www.justice.gov/epstein/files/DataSet 9/EFTA00099289.mov
https://www.justice.gov/epstein/files/DataSet 9/EFTA00102089.pdf,https://www.justice.gov/epstein/files/DataSet 9/EFTA00102089.mov
https://www.justice.gov/epstein/files/DataSet 9/EFTA00103612.pdf,https://www.justice.gov/epstein/files/DataSet 9/EFTA00103612.mov
https://www.justice.gov/epstein/files/DataSet 9/EFTA00104014.pdf,https://www.justice.gov/epstein/files/DataSet 9/EFTA00104014.mov
https://www.justice.gov/epstein/files/DataSet 9/EFTA00104353.pdf,https://www.justice.gov/epstein/files/DataSet 9/EFTA00104353.mov
https://www.justice.gov/epstein/files/DataSet 9/EFTA00105302.pdf,https://www.justice.gov/epstein/files/DataSet 9/EFTA00105302.mov
https://www.justice.gov/epstein/files/DataSet 9/EFTA00105940.pdf,https://www.justice.gov/epstein/files/DataSet 9/EFTA00105940.mov
https://www.justice.gov/epstein/files/DataSet 9/EFTA00108625.pdf,https://www.justice.gov/epstein/files/DataSet 9/EFTA00108625.mov
https://www.justice.gov/epstein/files/DataSet 9/EFTA00108833.pdf,https://www.justice.gov/epstein/files/DataSet 9/EFTA00108833.mov
https://www.justice.gov/epstein/files/DataSet 9/EFTA00108865.pdf,https://www.justice.gov/epstein/files/DataSet 9/EFTA00108865.mov
https://www.justice.gov/epstein/files/DataSet 9/EFTA00108909.pdf,https://www.justice.gov/epstein/files/DataSet 9/EFTA00108909.mov
https://www.justice.gov/epstein/files/DataSet 9/EFTA00110193.pdf,https://www.justice.gov/epstein/files/DataSet 9/EFTA00110193.mov
https://www.justice.gov/epstein/files/DataSet 9/EFTA00122385.pdf,https://www.justice.gov/epstein/files/DataSet 9/EFTA00122385.mov
https://www.justice.gov/epstein/files/DataSet 9/EFTA00123399.pdf,https://www.justice.gov/epstein/files/DataSet 9/EFTA00123399.mov
https://www.justice.gov/epstein/files/DataSet 9/EFTA00123521.pdf,https://www.justice.gov/epstein/files/DataSet 9/EFTA00123521.mov
https://www.justice.gov/epstein/files/DataSet 9/EFTA00123525.pdf,https://www.justice.gov/epstein/files/DataSet 9/EFTA00123525.mov
https://www.justice.gov/epstein/files/DataSet 9/EFTA00125018.pdf,https://www.justice.gov/epstein/files/DataSet 9/EFTA00125018.mov
https://www.justice.gov/epstein/files/DataSet 9/EFTA00126068.pdf,https://www.justice.gov/epstein/files/DataSet 9/EFTA00126068.mov
https://www.justice.gov/epstein/files/DataSet 9/EFTA00126115.pdf,https://www.justice.gov/epstein/files/DataSet 9/EFTA00126115.mov
https://www.justice.gov/epstein/files/DataSet 9/EFTA00126215.pdf,https://www.justice.gov/epstein/files/DataSet 9/EFTA00126215.mov
https://www.justice.gov/epstein/files/DataSet 9/EFTA00127470.pdf,https://www.justice.gov/epstein/files/DataSet 9/EFTA00127470.mov
https://www.justice.gov/epstein/files/DataSet 9/EFTA00128404.pdf,https://www.justice.gov/epstein/files/DataSet 9/EFTA00128404.mov
https://www.justice.gov/epstein/files/DataSet 9/EFTA00134548.pdf,https://www.justice.gov/epstein/files/DataSet 9/EFTA00134548.mov
https://www.justice.gov/epstein/files/DataSet 9/EFTA00134628.pdf,https://www.justice.gov/epstein/files/DataSet 9/EFTA00134628.mov
https://www.justice.gov/epstein/files/DataSet 9/EFTA00135236.pdf,https://www.justice.gov/epstein/files/DataSet 9/EFTA00135236.mov
https://www.justice.gov/epstein/files/DataSet 9/EFTA00140670.pdf,https://www.justice.gov/epstein/files/DataSet 9/EFTA00140670.mov
https://www.justice.gov/epstein/files/DataSet 9/EFTA00142578.pdf,https://www.justice.gov/epstein/files/DataSet 9/EFTA00142578.mov
https://www.justice.gov/epstein/files/DataSet 9/EFTA00143008.pdf,https://www.justice.gov/epstein/files/DataSet 9/EFTA00143008.mov
https://www.justice.gov/epstein/files/DataSet 9/EFTA00143038.pdf,https://www.justice.gov/epstein/files/DataSet 9/EFTA00143038.mov
https://www.justice.gov/epstein/files/DataSet 9/EFTA00143408.pdf,https://www.justice.gov/epstein/files/DataSet 9/EFTA00143408.mov
https://www.justice.gov/epstein/files/DataSet 9/EFTA00143489.pdf,https://www.justice.gov/epstein/files/DataSet 9/EFTA00143489.mov
https://www.justice.gov/epstein/files/DataSet 9/EFTA00146767.pdf,https://www.justice.gov/epstein/files/DataSet 9/EFTA00146767.mov
https://www.justice.gov/epstein/files/DataSet 9/EFTA00146887.pdf,https://www.justice.gov/epstein/files/DataSet 9/EFTA00146887.mov
https://www.justice.gov/epstein/files/DataSet 9/EFTA00147085.pdf,https://www.justice.gov/epstein/files/DataSet 9/EFTA00147085.mov
https://www.justice.gov/epstein/files/DataSet 9/EFTA00147839.pdf,https://www.justice.gov/epstein/files/DataSet 9/EFTA00147839.mov
https://www.justice.gov/epstein/files/DataSet 9/EFTA00149279.pdf,https://www.justice.gov/epstein/files/DataSet 9/EFTA00149279.mov
https://www.justice.gov/epstein/files/DataSet 9/EFTA00149301.pdf,https://www.justice.gov/epstein/files/DataSet 9/EFTA00149301.mov
https://www.justice.gov/epstein/files/DataSet 9/EFTA00151067.pdf,https://www.justice.gov/epstein/files/DataSet 9/EFTA00151067.mov
https://www.justice.gov/epstein/files/DataSet 9/EFTA00151742.pdf,https://www.justice.gov/epstein/files/DataSet 9/EFTA00151742.mov
https://www.justice.gov/epstein/files/DataSet 9/EFTA00153556.pdf,https://www.justice.gov/epstein/files/DataSet 9/EFTA00153556.mov
https://www.justice.gov/epstein/files/DataSet 9/EFTA00153632.pdf,https://www.justice.gov/epstein/files/DataSet 9/EFTA00153632.mov
https://www.justice.gov/epstein/files/DataSet 9/EFTA00153642.pdf,https://www.justice.gov/epstein/files/DataSet 9/EFTA00153642.mov
https://www.justice.gov/epstein/files/DataSet 9/EFTA00153766.pdf,https://www.justice.gov/epstein/files/DataSet 9/EFTA00153766.mov
https://www.justice.gov/epstein/files/DataSet 9/EFTA00153926.pdf,https://www.justice.gov/epstein/files/DataSet 9/EFTA00153926.mov
https://www.justice.gov/epstein/files/DataSet 9/EFTA00154365.pdf,https://www.justice.gov/epstein/files/DataSet 9/EFTA00154365.mov
https://www.justice.gov/epstein/files/DataSet 9/EFTA00154390.pdf,https://www.justice.gov/epstein/files/DataSet 9/EFTA00154390.mov
https://www.justice.gov/epstein/files/DataSet 9/EFTA00154480.pdf,https://www.justice.gov/epstein/files/DataSet 9/EFTA00154480.mov
https://www.justice.gov/epstein/files/DataSet 9/EFTA00155037.pdf,https://www.justice.gov/epstein/files/DataSet 9/EFTA00155037.mov
https://www.justice.gov/epstein/files/DataSet 9/EFTA00155685.pdf,https://www.justice.gov/epstein/files/DataSet 9/EFTA00155685.mov
https://www.justice.gov/epstein/files/DataSet 9/EFTA00157905.pdf,https://www.justice.gov/epstein/files/DataSet 9/EFTA00157905.mov
https://www.justice.gov/epstein/files/DataSet 9/EFTA00158528.pdf,https://www.justice.gov/epstein/files/DataSet 9/EFTA00158528.mov
https://www.justice.gov/epstein/files/DataSet 9/EFTA00159180.pdf,https://www.justice.gov/epstein/files/DataSet 9/EFTA00159180.mov
https://www.justice.gov/epstein/files/DataSet 9/EFTA00161705.pdf,https://www.justice.gov/epstein/files/DataSet 9/EFTA00161705.mov
https://www.justice.gov/epstein/files/DataSet 9/EFTA00161709.pdf,https://www.justice.gov/epstein/files/DataSet 9/EFTA00161709.mov
https://www.justice.gov/epstein/files/DataSet 9/EFTA00162913.pdf,https://www.justice.gov/epstein/files/DataSet 9/EFTA00162913.mov
https://www.justice.gov/epstein/files/DataSet 9/EFTA00163656.pdf,https://www.justice.gov/epstein/files/DataSet 9/EFTA00163656.mov
https://www.justice.gov/epstein/files/DataSet 9/EFTA00164292.pdf,https://www.justice.gov/epstein/files/DataSet 9/EFTA00164292.mov
https://www.justice.gov/epstein/files/DataSet 9/EFTA00165227.pdf,https://www.justice.gov/epstein/files/DataSet 9/EFTA00165227.mov
https://www.justice.gov/epstein/files/DataSet 9/EFTA00172507.pdf,https://www.justice.gov/epstein/files/DataSet 9/EFTA00172507.mov
https://www.justice.gov/epstein/files/DataSet 9/EFTA00172871.pdf,https://www.justice.gov/epstein/files/DataSet 9/EFTA00172871.mov
https://www.justice.gov/epstein/files/DataSet 9/EFTA00173006.pdf,https://www.justice.gov/epstein/files/DataSet 9/EFTA00173006.mov
https://www.justice.gov/epstein/files/DataSet 9/EFTA00173095.pdf,https://www.justice.gov/epstein/files/DataSet 9/EFTA00173095.mov
https://www.justice.gov/epstein/files/DataSet 9/EFTA00173479.pdf,https://www.justice.gov/epstein/files/DataSet 9/EFTA00173479.mov
https://www.justice.gov/epstein/files/DataSet 9/EFTA00173803.pdf,https://www.justice.gov/epstein/files/DataSet 9/EFTA00173803.mov
https://www.justice.gov/epstein/files/DataSet 9/EFTA00174202.pdf,https://www.justice.gov/epstein/files/DataSet 9/EFTA00174202.mov
https://www.justice.gov/epstein/files/DataSet 9/EFTA00174531.pdf,https://www.justice.gov/epstein/files/DataSet 9/EFTA00174531.mov
https://www.justice.gov/epstein/files/DataSet 9/EFTA00174911.pdf,https://www.justice.gov/epstein/files/DataSet 9/EFTA00174911.mov
https://www.justice.gov/epstein/files/DataSet 9/EFTA00174966.pdf,https://www.justice.gov/epstein/files/DataSet 9/EFTA00174966.mov
https://www.justice.gov/epstein/files/DataSet 9/EFTA00175169.pdf,https://www.justice.gov/epstein/files/DataSet 9/EFTA00175169.mov
https://www.justice.gov/epstein/files/DataSet 9/EFTA00176178.pdf,https://www.justice.gov/epstein/files/DataSet 9/EFTA00176178.mov
https://www.justice.gov/epstein/files/DataSet 9/EFTA00176899.pdf,https://www.justice.gov/epstein/files/DataSet 9/EFTA00176899.mov
https://www.justice.gov/epstein/files/DataSet 9/EFTA00189083.pdf,https://www.justice.gov/epstein/files/DataSet 9/EFTA00189083.mov
https://www.justice.gov/epstein/files/DataSet 9/EFTA00189202.pdf,https://www.justice.gov/epstein/files/DataSet 9/EFTA00189202.mov
https://www.justice.gov/epstein/files/DataSet 9/EFTA00189406.pdf,https://www.justice.gov/epstein/files/DataSet 9/EFTA00189406.mov
https://www.justice.gov/epstein/files/DataSet 9/EFTA00197769.pdf,https://www.justice.gov/epstein/files/DataSet 9/EFTA00197769.mov
https://www.justice.gov/epstein/files/DataSet 9/EFTA00201211.pdf,https://www.justice.gov/epstein/files/DataSet 9/EFTA00201211.mov
https://www.justice.gov/epstein/files/DataSet 9/EFTA00203855.pdf,https://www.justice.gov/epstein/files/DataSet 9/EFTA00203855.mov
https://www.justice.gov/epstein/files/DataSet 9/EFTA00204680.pdf,https://www.justice.gov/epstein/files/DataSet 9/EFTA00204680.mov
https://www.justice.gov/epstein/files/DataSet 9/EFTA00204719.pdf,https://www.justice.gov/epstein/files/DataSet 9/EFTA00204719.mov
https://www.justice.gov/epstein/files/DataSet 9/EFTA00204823.pdf,https://www.justice.gov/epstein/files/DataSet 9/EFTA00204823.mov
https://www.justice.gov/epstein/files/DataSet 9/EFTA00204825.pdf,https://www.justice.gov/epstein/files/DataSet 9/EFTA00204825.mov
https://www.justice.gov/epstein/files/DataSet 9/EFTA00205246.pdf,https://www.justice.gov/epstein/files/DataSet 9/EFTA00205246.mov
https://www.justice.gov/epstein/files/DataSet 9/EFTA00205961.pdf,https://www.justice.gov/epstein/files/DataSet 9/EFTA00205961.mov
https://www.justice.gov/epstein/files/DataSet 9/EFTA00207250.pdf,https://www.justice.gov/epstein/files/DataSet 9/EFTA00207250.mov
https://www.justice.gov/epstein/files/DataSet 9/EFTA00207290.pdf,https://www.justice.gov/epstein/files/DataSet 9/EFTA00207290.mov
https://www.justice.gov/epstein/files/DataSet 9/EFTA00208306.pdf,https://www.justice.gov/epstein/files/DataSet 9/EFTA00208306.mov
https://www.justice.gov/epstein/files/DataSet 9/EFTA00208775.pdf,https://www.justice.gov/epstein/files/DataSet 9/EFTA00208775.mov
https://www.justice.gov/epstein/files/DataSet 9/EFTA00210517.pdf,https://www.justice.gov/epstein/files/DataSet 9/EFTA00210517.mov
https://www.justice.gov/epstein/files/DataSet 9/EFTA00211122.pdf,https://www.justice.gov/epstein/files/DataSet 9/EFTA00211122.mov
https://www.justice.gov/epstein/files/DataSet 9/EFTA00211498.pdf,https://www.justice.gov/epstein/files/DataSet 9/EFTA00211498.mov
https://www.justice.gov/epstein/files/DataSet 9/EFTA00211633.pdf,https://www.justice.gov/epstein/files/DataSet 9/EFTA00211633.mov
https://www.justice.gov/epstein/files/DataSet 9/EFTA00211717.pdf,https://www.justice.gov/epstein/files/DataSet 9/EFTA00211717.mov
https://www.justice.gov/epstein/files/DataSet 9/EFTA00211892.pdf,https://www.justice.gov/epstein/files/DataSet 9/EFTA00211892.mov
https://www.justice.gov/epstein/files/DataSet 9/EFTA00211941.pdf,https://www.justice.gov/epstein/files/DataSet 9/EFTA00211941.mov
https://www.justice.gov/epstein/files/DataSet 9/EFTA00212016.pdf,https://www.justice.gov/epstein/files/DataSet 9/EFTA00212016.mov
https://www.justice.gov/epstein/files/DataSet 9/EFTA00212332.pdf,https://www.justice.gov/epstein/files/DataSet 9/EFTA00212332.mov
https://www.justice.gov/epstein/files/DataSet 9/EFTA00212877.pdf,https://www.justice.gov/epstein/files/DataSet 9/EFTA00212877.mov
https://www.justice.gov/epstein/files/DataSet 9/EFTA00212929.pdf,https://www.justice.gov/epstein/files/DataSet 9/EFTA00212929.mov
https://www.justice.gov/epstein/files/DataSet 9/EFTA00213202.pdf,https://www.justice.gov/epstein/files/DataSet 9/EFTA00213202.mov
https://www.justice.gov/epstein/files/DataSet 9/EFTA00213289.pdf,https://www.justice.gov/epstein/files/DataSet 9/EFTA00213289.mov
https://www.justice.gov/epstein/files/DataSet 9/EFTA00213304.pdf,https://www.justice.gov/epstein/files/DataSet 9/EFTA00213304.mov
https://www.justice.gov/epstein/files/DataSet 9/EFTA00213344.pdf,https://www.justice.gov/epstein/files/DataSet 9/EFTA00213344.mov
https://www.justice.gov/epstein/files/DataSet 9/EFTA00213856.pdf,https://www.justice.gov/epstein/files/DataSet 9/EFTA00213856.mov
https://www.justice.gov/epstein/files/DataSet 9/EFTA00214091.pdf,https://www.justice.gov/epstein/files/DataSet 9/EFTA00214091.mov
https://www.justice.gov/epstein/files/DataSet 9/EFTA00214190.pdf,https://www.justice.gov/epstein/files/DataSet 9/EFTA00214190.mov
https://www.justice.gov/epstein/files/DataSet 9/EFTA00214211.pdf,https://www.justice.gov/epstein/files/DataSet 9/EFTA00214211.mov
https://www.justice.gov/epstein/files/DataSet 9/EFTA00214275.pdf,https://www.justice.gov/epstein/files/DataSet 9/EFTA00214275.mov
https://www.justice.gov/epstein/files/DataSet 9/EFTA00214278.pdf,https://www.justice.gov/epstein/files/DataSet 9/EFTA00214278.mov
https://www.justice.gov/epstein/files/DataSet 9/EFTA00214768.pdf,https://www.justice.gov/epstein/files/DataSet 9/EFTA00214768.mov
https://www.justice.gov/epstein/files/DataSet 9/EFTA00214844.pdf,https://www.justice.gov/epstein/files/DataSet 9/EFTA00214844.mov
https://www.justice.gov/epstein/files/DataSet 9/EFTA00215678.pdf,https://www.justice.gov/epstein/files/DataSet 9/EFTA00215678.mov
https://www.justice.gov/epstein/files/DataSet 9/EFTA00215872.pdf,https://www.justice.gov/epstein/files/DataSet 9/EFTA00215872.mov
https://www.justice.gov/epstein/files/DataSet 9/EFTA00216361.pdf,https://www.justice.gov/epstein/files/DataSet 9/EFTA00216361.mov
https://www.justice.gov/epstein/files/DataSet 9/EFTA00220710.pdf,https://www.justice.gov/epstein/files/DataSet 9/EFTA00220710.mov
https://www.justice.gov/epstein/files/DataSet 9/EFTA00221068.pdf,https://www.justice.gov/epstein/files/DataSet 9/EFTA00221068.mov
https://www.justice.gov/epstein/files/DataSet 9/EFTA00222049.pdf,https://www.justice.gov/epstein/files/DataSet 9/EFTA00222049.mov
https://www.justice.gov/epstein/files/DataSet 9/EFTA00222311.pdf,https://www.justice.gov/epstein/files/DataSet 9/EFTA00222311.mov
https://www.justice.gov/epstein/files/DataSet 9/EFTA00223371.pdf,https://www.justice.gov/epstein/files/DataSet 9/EFTA00223371.mov
https://www.justice.gov/epstein/files/DataSet 9/EFTA00223746.pdf,https://www.justice.gov/epstein/files/DataSet 9/EFTA00223746.mov
https://www.justice.gov/epstein/files/DataSet 9/EFTA00223932.pdf,https://www.justice.gov/epstein/files/DataSet 9/EFTA00223932.mov
https://www.justice.gov/epstein/files/DataSet 9/EFTA00224549.pdf,https://www.justice.gov/epstein/files/DataSet 9/EFTA00224549.mov
https://www.justice.gov/epstein/files/DataSet 9/EFTA00224551.pdf,https://www.justice.gov/epstein/files/DataSet 9/EFTA00224551.mov
https://www.justice.gov/epstein/files/DataSet 9/EFTA00224825.pdf,https://www.justice.gov/epstein/files/DataSet 9/EFTA00224825.mov
https://www.justice.gov/epstein/files/DataSet 9/EFTA00224827.pdf,https://www.justice.gov/epstein/files/DataSet 9/EFTA00224827.mov
https://www.justice.gov/epstein/files/DataSet 9/EFTA00224838.pdf,https://www.justice.gov/epstein/files/DataSet 9/EFTA00224838.mov
https://www.justice.gov/epstein/files/DataSet 9/EFTA00224880.pdf,https://www.justice.gov/epstein/files/DataSet 9/EFTA00224880.mov
https://www.justice.gov/epstein/files/DataSet 9/EFTA00234845.pdf,https://www.justice.gov/epstein/files/DataSet 9/EFTA00234845.mov
https://www.justice.gov/epstein/files/DataSet 9/EFTA00235023.pdf,https://www.justice.gov/epstein/files/DataSet 9/EFTA00235023.mov
https://www.justice.gov/epstein/files/DataSet 9/EFTA00235047.pdf,https://www.justice.gov/epstein/files/DataSet 9/EFTA00235047.mov
https://www.justice.gov/epstein/files/DataSet 9/EFTA00235060.pdf,https://www.justice.gov/epstein/files/DataSet 9/EFTA00235060.mov
https://www.justice.gov/epstein/files/DataSet 9/EFTA00235066.pdf,https://www.justice.gov/epstein/files/DataSet 9/EFTA00235066.mov
https://www.justice.gov/epstein/files/DataSet 9/EFTA00235912.pdf,https://www.justice.gov/epstein/files/DataSet 9/EFTA00235912.mov
https://www.justice.gov/epstein/files/DataSet 9/EFTA00235977.pdf,https://www.justice.gov/epstein/files/DataSet 9/EFTA00235977.mov
https://www.justice.gov/epstein/files/DataSet 9/EFTA00238098.pdf,https://www.justice.gov/epstein/files/DataSet 9/EFTA00238098.mov
https://www.justice.gov/epstein/files/DataSet 9/EFTA00238103.pdf,https://www.justice.gov/epstein/files/DataSet 9/EFTA00238103.mov
https://www.justice.gov/epstein/files/DataSet 9/EFTA00238889.pdf,https://www.justice.gov/epstein/files/DataSet 9/EFTA00238889.mov
https://www.justice.gov/epstein/files/DataSet 9/EFTA00240104.pdf,https://www.justice.gov/epstein/files/DataSet 9/EFTA00240104.mov
https://www.justice.gov/epstein/files/DataSet 9/EFTA00240111.pdf,https://www.justice.gov/epstein/files/DataSet 9/EFTA00240111.mov
https://www.justice.gov/epstein/files/DataSet 9/EFTA00247082.pdf,https://www.justice.gov/epstein/files/DataSet 9/EFTA00247082.mov
https://www.justice.gov/epstein/files/DataSet 9/EFTA00247377.pdf,https://www.justice.gov/epstein/files/DataSet 9/EFTA00247377.mov
https://www.justice.gov/epstein/files/DataSet 9/EFTA00257902.pdf,https://www.justice.gov/epstein/files/DataSet 9/EFTA00257902.mov
https://www.justice.gov/epstein/files/DataSet 9/EFTA00261604.pdf,https://www.justice.gov/epstein/files/DataSet 9/EFTA00261604.mov
https://www.justice.gov/epstein/files/DataSet 9/EFTA00263265.pdf,https://www.justice.gov/epstein/files/DataSet 9/EFTA00263265.mov
https://www.justice.gov/epstein/files/DataSet 9/EFTA00264244.pdf,https://www.justice.gov/epstein/files/DataSet 9/EFTA00264244.mov
https://www.justice.gov/epstein/files/DataSet 9/EFTA00266985.pdf,https://www.justice.gov/epstein/files/DataSet 9/EFTA00266985.mov
https://www.justice.gov/epstein/files/DataSet 9/EFTA00267618.pdf,https://www.justice.gov/epstein/files/DataSet 9/EFTA00267618.mov
https://www.justice.gov/epstein/files/DataSet 9/EFTA00269672.pdf,https://www.justice.gov/epstein/files/DataSet 9/EFTA00269672.mov
https://www.justice.gov/epstein/files/DataSet 9/EFTA00269789.pdf,https://www.justice.gov/epstein/files/DataSet 9/EFTA00269789.mov
https://www.justice.gov/epstein/files/DataSet 9/EFTA00269893.pdf,https://www.justice.gov/epstein/files/DataSet 9/EFTA00269893.mov
https://www.justice.gov/epstein/files/DataSet 9/EFTA00270327.pdf,https://www.justice.gov/epstein/files/DataSet 9/EFTA00270327.mov
https://www.justice.gov/epstein/files/DataSet 9/EFTA00272054.pdf,https://www.justice.gov/epstein/files/DataSet 9/EFTA00272054.mov
https://www.justice.gov/epstein/files/DataSet 9/EFTA00274239.pdf,https://www.justice.gov/epstein/files/DataSet 9/EFTA00274239.mov
https://www.justice.gov/epstein/files/DataSet 9/EFTA00274649.pdf,https://www.justice.gov/epstein/files/DataSet 9/EFTA00274649.mov
https://www.justice.gov/epstein/files/DataSet 9/EFTA00276955.pdf,https://www.justice.gov/epstein/files/DataSet 9/EFTA00276955.mov
https://www.justice.gov/epstein/files/DataSet 9/EFTA00280131.pdf,https://www.justice.gov/epstein/files/DataSet 9/EFTA00280131.mov
https://www.justice.gov/epstein/files/DataSet 9/EFTA00280133.pdf,https://www.justice.gov/epstein/files/DataSet 9/EFTA00280133.mov
https://www.justice.gov/epstein/files/DataSet 9/EFTA00280327.pdf,https://www.justice.gov/epstein/files/DataSet 9/EFTA00280327.mov
https://www.justice.gov/epstein/files/DataSet 9/EFTA00280665.pdf,https://www.justice.gov/epstein/files/DataSet 9/EFTA00280665.mov
https://www.justice.gov/epstein/files/DataSet 9/EFTA00281032.pdf,https://www.justice.gov/epstein/files/DataSet 9/EFTA00281032.mov
https://www.justice.gov/epstein/files/DataSet 9/EFTA00283291.pdf,https://www.justice.gov/epstein/files/DataSet 9/EFTA00283291.mov
https://www.justice.gov/epstein/files/DataSet 9/EFTA00284793.pdf,https://www.justice.gov/epstein/files/DataSet 9/EFTA00284793.mov
https://www.justice.gov/epstein/files/DataSet 9/EFTA00284812.pdf,https://www.justice.gov/epstein/files/DataSet 9/EFTA00284812.mov
https://www.justice.gov/epstein/files/DataSet 9/EFTA00285072.pdf,https://www.justice.gov/epstein/files/DataSet 9/EFTA00285072.mov
https://www.justice.gov/epstein/files/DataSet 9/EFTA00286954.pdf,https://www.justice.gov/epstein/files/DataSet 9/EFTA00286954.mov
https://www.justice.gov/epstein/files/DataSet 9/EFTA00287287.pdf,https://www.justice.gov/epstein/files/DataSet 9/EFTA00287287.mov
https://www.justice.gov/epstein/files/DataSet 9/EFTA00287641.pdf,https://www.justice.gov/epstein/files/DataSet 9/EFTA00287641.mov
https://www.justice.gov/epstein/files/DataSet 9/EFTA00289477.pdf,https://www.justice.gov/epstein/files/DataSet 9/EFTA00289477.mov
https://www.justice.gov/epstein/files/DataSet 9/EFTA00293627.pdf,https://www.justice.gov/epstein/files/DataSet 9/EFTA00293627.mov
https://www.justice.gov/epstein/files/DataSet 9/EFTA00294099.pdf,https://www.justice.gov/epstein/files/DataSet 9/EFTA00294099.mov
https://www.justice.gov/epstein/files/DataSet 9/EFTA00294386.pdf,https://www.justice.gov/epstein/files/DataSet 9/EFTA00294386.mov
https://www.justice.gov/epstein/files/DataSet 9/EFTA00294394.pdf,https://www.justice.gov/epstein/files/DataSet 9/EFTA00294394.mov
https://www.justice.gov/epstein/files/DataSet 9/EFTA00295232.pdf,https://www.justice.gov/epstein/files/DataSet 9/EFTA00295232.mov
https://www.justice.gov/epstein/files/DataSet 9/EFTA00295400.pdf,https://www.justice.gov/epstein/files/DataSet 9/EFTA00295400.mov
https://www.justice.gov/epstein/files/DataSet 9/EFTA00295697.pdf,https://www.justice.gov/epstein/files/DataSet 9/EFTA00295697.mov
https://www.justice.gov/epstein/files/DataSet 9/EFTA00297034.pdf,https://www.justice.gov/epstein/files/DataSet 9/EFTA00297034.mov
https://www.justice.gov/epstein/files/DataSet 9/EFTA00298095.pdf,https://www.justice.gov/epstein/files/DataSet 9/EFTA00298095.mov
https://www.justice.gov/epstein/files/DataSet 9/EFTA00298125.pdf,https://www.justice.gov/epstein/files/DataSet 9/EFTA00298125.mov
https://www.justice.gov/epstein/files/DataSet 9/EFTA00298944.pdf,https://www.justice.gov/epstein/files/DataSet 9/EFTA00298944.mov
https://www.justice.gov/epstein/files/DataSet 9/EFTA00300114.pdf,https://www.justice.gov/epstein/files/DataSet 9/EFTA00300114.mov
https://www.justice.gov/epstein/files/DataSet 9/EFTA00300888.pdf,https://www.justice.gov/epstein/files/DataSet 9/EFTA00300888.mov
https://www.justice.gov/epstein/files/DataSet 9/EFTA00301542.pdf,https://www.justice.gov/epstein/files/DataSet 9/EFTA00301542.mov
https://www.justice.gov/epstein/files/DataSet 9/EFTA00301844.pdf,https://www.justice.gov/epstein/files/DataSet 9/EFTA00301844.mov
https://www.justice.gov/epstein/files/DataSet 9/EFTA00304343.pdf,https://www.justice.gov/epstein/files/DataSet 9/EFTA00304343.mov
https://www.justice.gov/epstein/files/DataSet 9/EFTA00304819.pdf,https://www.justice.gov/epstein/files/DataSet 9/EFTA00304819.mov
https://www.justice.gov/epstein/files/DataSet 9/EFTA00305053.pdf,https://www.justice.gov/epstein/files/DataSet 9/EFTA00305053.mov
https://www.justice.gov/epstein/files/DataSet 9/EFTA00305567.pdf,https://www.justice.gov/epstein/files/DataSet 9/EFTA00305567.mov
https://www.justice.gov/epstein/files/DataSet 9/EFTA00306152.pdf,https://www.justice.gov/epstein/files/DataSet 9/EFTA00306152.mov
https://www.justice.gov/epstein/files/DataSet 9/EFTA00306924.pdf,https://www.justice.gov/epstein/files/DataSet 9/EFTA00306924.mov
https://www.justice.gov/epstein/files/DataSet 9/EFTA00307044.pdf,https://www.justice.gov/epstein/files/DataSet 9/EFTA00307044.mov
https://www.justice.gov/epstein/files/DataSet 9/EFTA00307679.pdf,https://www.justice.gov/epstein/files/DataSet 9/EFTA00307679.mov
https://www.justice.gov/epstein/files/DataSet 9/EFTA00307699.pdf,https://www.justice.gov/epstein/files/DataSet 9/EFTA00307699.mov
https://www.justice.gov/epstein/files/DataSet 9/EFTA00307737.pdf,https://www.justice.gov/epstein/files/DataSet 9/EFTA00307737.mov
https://www.justice.gov/epstein/files/DataSet 9/EFTA00307993.pdf,https://www.justice.gov/epstein/files/DataSet 9/EFTA00307993.mov
https://www.justice.gov/epstein/files/DataSet 9/EFTA00308082.pdf,https://www.justice.gov/epstein/files/DataSet 9/EFTA00308082.mov
https://www.justice.gov/epstein/files/DataSet 9/EFTA00308204.pdf,https://www.justice.gov/epstein/files/DataSet 9/EFTA00308204.mov
https://www.justice.gov/epstein/files/DataSet 9/EFTA00308367.pdf,https://www.justice.gov/epstein/files/DataSet 9/EFTA00308367.mov
https://www.justice.gov/epstein/files/DataSet 9/EFTA00308991.pdf,https://www.justice.gov/epstein/files/DataSet 9/EFTA00308991.mov
https://www.justice.gov/epstein/files/DataSet 9/EFTA00311439.pdf,https://www.justice.gov/epstein/files/DataSet 9/EFTA00311439.mov
https://www.justice.gov/epstein/files/DataSet 9/EFTA00313687.pdf,https://www.justice.gov/epstein/files/DataSet 9/EFTA00313687.mov
https://www.justice.gov/epstein/files/DataSet 9/EFTA00315759.pdf,https://www.justice.gov/epstein/files/DataSet 9/EFTA00315759.mov
https://www.justice.gov/epstein/files/DataSet 9/EFTA00316253.pdf,https://www.justice.gov/epstein/files/DataSet 9/EFTA00316253.mov
https://www.justice.gov/epstein/files/DataSet 9/EFTA00317169.pdf,https://www.justice.gov/epstein/files/DataSet 9/EFTA00317169.mov
https://www.justice.gov/epstein/files/DataSet 9/EFTA00317390.pdf,https://www.justice.gov/epstein/files/DataSet 9/EFTA00317390.mov
https://www.justice.gov/epstein/files/DataSet 9/EFTA00317514.pdf,https://www.justice.gov/epstein/files/DataSet 9/EFTA00317514.mov
https://www.justice.gov/epstein/files/DataSet 9/EFTA00318239.pdf,https://www.justice.gov/epstein/files/DataSet 9/EFTA00318239.mov
https://www.justice.gov/epstein/files/DataSet 9/EFTA00318374.pdf,https://www.justice.gov/epstein/files/DataSet 9/EFTA00318374.mov
https://www.justice.gov/epstein/files/DataSet 9/EFTA00318560.pdf,https://www.justice.gov/epstein/files/DataSet 9/EFTA00318560.mov
https://www.justice.gov/epstein/files/DataSet 9/EFTA00318845.pdf,https://www.justice.gov/epstein/files/DataSet 9/EFTA00318845.mov
https://www.justice.gov/epstein/files/DataSet 9/EFTA00319257.pdf,https://www.justice.gov/epstein/files/DataSet 9/EFTA00319257.mov
https://www.justice.gov/epstein/files/DataSet 9/EFTA00319309.pdf,https://www.justice.gov/epstein/files/DataSet 9/EFTA00319309.mov
https://www.justice.gov/epstein/files/DataSet 9/EFTA00319407.pdf,https://www.justice.gov/epstein/files/DataSet 9/EFTA00319407.mov
https://www.justice.gov/epstein/files/DataSet 9/EFTA00319892.pdf,https://www.justice.gov/epstein/files/DataSet 9/EFTA00319892.mov
https://www.justice.gov/epstein/files/DataSet 9/EFTA00320027.pdf,https://www.justice.gov/epstein/files/DataSet 9/EFTA00320027.mov
https://www.justice.gov/epstein/files/DataSet 9/EFTA00320640.pdf,https://www.justice.gov/epstein/files/DataSet 9/EFTA00320640.mov
https://www.justice.gov/epstein/files/DataSet 9/EFTA00321145.pdf,https://www.justice.gov/epstein/files/DataSet 9/EFTA00321145.mov
https://www.justice.gov/epstein/files/DataSet 9/EFTA00321528.pdf,https://www.justice.gov/epstein/files/DataSet 9/EFTA00321528.mov
https://www.justice.gov/epstein/files/DataSet 9/EFTA00323357.pdf,https://www.justice.gov/epstein/files/DataSet 9/EFTA00323357.mov
https://www.justice.gov/epstein/files/DataSet 9/EFTA00323361.pdf,https://www.justice.gov/epstein/files/DataSet 9/EFTA00323361.mov
https://www.justice.gov/epstein/files/DataSet 9/EFTA00323833.pdf,https://www.justice.gov/epstein/files/DataSet 9/EFTA00323833.mov
https://www.justice.gov/epstein/files/DataSet 9/EFTA00324194.pdf,https://www.justice.gov/epstein/files/DataSet 9/EFTA00324194.mov
https://www.justice.gov/epstein/files/DataSet 9/EFTA00324307.pdf,https://www.justice.gov/epstein/files/DataSet 9/EFTA00324307.mov
https://www.justice.gov/epstein/files/DataSet 9/EFTA00324973.pdf,https://www.justice.gov/epstein/files/DataSet 9/EFTA00324973.mov
https://www.justice.gov/epstein/files/DataSet 9/EFTA00327432.pdf,https://www.justice.gov/epstein/files/DataSet 9/EFTA00327432.mov
https://www.justice.gov/epstein/files/DataSet 9/EFTA00327487.pdf,https://www.justice.gov/epstein/files/DataSet 9/EFTA00327487.mov
https://www.justice.gov/epstein/files/DataSet 9/EFTA00329762.pdf,https://www.justice.gov/epstein/files/DataSet 9/EFTA00329762.mov
https://www.justice.gov/epstein/files/DataSet 9/EFTA00329781.pdf,https://www.justice.gov/epstein/files/DataSet 9/EFTA00329781.mov
https://www.justice.gov/epstein/files/DataSet 9/EFTA00330227.pdf,https://www.justice.gov/epstein/files/DataSet 9/EFTA00330227.mov
https://www.justice.gov/epstein/files/DataSet 9/EFTA00331616.pdf,https://www.justice.gov/epstein/files/DataSet 9/EFTA00331616.mov
https://www.justice.gov/epstein/files/DataSet 9/EFTA00332427.pdf,https://www.justice.gov/epstein/files/DataSet 9/EFTA00332427.mov
https://www.justice.gov/epstein/files/DataSet 9/EFTA00332719.pdf,https://www.justice.gov/epstein/files/DataSet 9/EFTA00332719.mov
https://www.justice.gov/epstein/files/DataSet 9/EFTA00333976.pdf,https://www.justice.gov/epstein/files/DataSet 9/EFTA00333976.mov
https://www.justice.gov/epstein/files/DataSet 9/EFTA00334408.pdf,https://www.justice.gov/epstein/files/DataSet 9/EFTA00334408.mov
https://www.justice.gov/epstein/files/DataSet 9/EFTA00334568.pdf,https://www.justice.gov/epstein/files/DataSet 9/EFTA00334568.mov
https://www.justice.gov/epstein/files/DataSet 9/EFTA00334577.pdf,https://www.justice.gov/epstein/files/DataSet 9/EFTA00334577.mov
https://www.justice.gov/epstein/files/DataSet 9/EFTA00334985.pdf,https://www.justice.gov/epstein/files/DataSet 9/EFTA00334985.mov
https://www.justice.gov/epstein/files/DataSet 9/EFTA00337419.pdf,https://www.justice.gov/epstein/files/DataSet 9/EFTA00337419.mov
https://www.justice.gov/epstein/files/DataSet 9/EFTA00339990.pdf,https://www.justice.gov/epstein/files/DataSet 9/EFTA00339990.mov
https://www.justice.gov/epstein/files/DataSet 9/EFTA00340083.pdf,https://www.justice.gov/epstein/files/DataSet 9/EFTA00340083.mov
https://www.justice.gov/epstein/files/DataSet 9/EFTA00340225.pdf,https://www.justice.gov/epstein/files/DataSet 9/EFTA00340225.mov
https://www.justice.gov/epstein/files/DataSet 9/EFTA00340226.pdf,https://www.justice.gov/epstein/files/DataSet 9/EFTA00340226.mov
https://www.justice.gov/epstein/files/DataSet 9/EFTA00340935.pdf,https://www.justice.gov/epstein/files/DataSet 9/EFTA00340935.mov
https://www.justice.gov/epstein/files/DataSet 9/EFTA00342827.pdf,https://www.justice.gov/epstein/files/DataSet 9/EFTA00342827.mov
https://www.justice.gov/epstein/files/DataSet 9/EFTA00345004.pdf,https://www.justice.gov/epstein/files/DataSet 9/EFTA00345004.mov
https://www.justice.gov/epstein/files/DataSet 9/EFTA00346590.pdf,https://www.justice.gov/epstein/files/DataSet 9/EFTA00346590.mov
https://www.justice.gov/epstein/files/DataSet 9/EFTA00347660.pdf,https://www.justice.gov/epstein/files/DataSet 9/EFTA00347660.mov
https://www.justice.gov/epstein/files/DataSet 9/EFTA00348060.pdf,https://www.justice.gov/epstein/files/DataSet 9/EFTA00348060.mov
https://www.justice.gov/epstein/files/DataSet 9/EFTA00349040.pdf,https://www.justice.gov/epstein/files/DataSet 9/EFTA00349040.mov
https://www.justice.gov/epstein/files/DataSet 9/EFTA00349415.pdf,https://www.justice.gov/epstein/files/DataSet 9/EFTA00349415.mov
https://www.justice.gov/epstein/files/DataSet 9/EFTA00352159.pdf,https://www.justice.gov/epstein/files/DataSet 9/EFTA00352159.mov
https://www.justice.gov/epstein/files/DataSet 9/EFTA00352948.pdf,https://www.justice.gov/epstein/files/DataSet 9/EFTA00352948.mov
https://www.justice.gov/epstein/files/DataSet 9/EFTA00353456.pdf,https://www.justice.gov/epstein/files/DataSet 9/EFTA00353456.mov
https://www.justice.gov/epstein/files/DataSet 9/EFTA00353828.pdf,https://www.justice.gov/epstein/files/DataSet 9/EFTA00353828.mov
https://www.justice.gov/epstein/files/DataSet 9/EFTA00355689.pdf,https://www.justice.gov/epstein/files/DataSet 9/EFTA00355689.mov
https://www.justice.gov/epstein/files/DataSet 9/EFTA00355913.pdf,https://www.justice.gov/epstein/files/DataSet 9/EFTA00355913.mov
https://www.justice.gov/epstein/files/DataSet 9/EFTA00356043.pdf,https://www.justice.gov/epstein/files/DataSet 9/EFTA00356043.mov
https://www.justice.gov/epstein/files/DataSet 9/EFTA00356324.pdf,https://www.justice.gov/epstein/files/DataSet 9/EFTA00356324.mov
https://www.justice.gov/epstein/files/DataSet 9/EFTA00357191.pdf,https://www.justice.gov/epstein/files/DataSet 9/EFTA00357191.mov
https://www.justice.gov/epstein/files/DataSet 9/EFTA00359908.pdf,https://www.justice.gov/epstein/files/DataSet 9/EFTA00359908.mov
https://www.justice.gov/epstein/files/DataSet 9/EFTA00361448.pdf,https://www.justice.gov/epstein/files/DataSet 9/EFTA00361448.mov
https://www.justice.gov/epstein/files/DataSet 9/EFTA00362712.pdf,https://www.justice.gov/epstein/files/DataSet 9/EFTA00362712.mov
https://www.justice.gov/epstein/files/DataSet 9/EFTA00363540.pdf,https://www.justice.gov/epstein/files/DataSet 9/EFTA00363540.mov
https://www.justice.gov/epstein/files/DataSet 9/EFTA00365324.pdf,https://www.justice.gov/epstein/files/DataSet 9/EFTA00365324.mov
https://www.justice.gov/epstein/files/DataSet 9/EFTA00365451.pdf,https://www.justice.gov/epstein/files/DataSet 9/EFTA00365451.mov
https://www.justice.gov/epstein/files/DataSet 9/EFTA00365484.pdf,https://www.justice.gov/epstein/files/DataSet 9/EFTA00365484.mov
https://www.justice.gov/epstein/files/DataSet 9/EFTA00366146.pdf,https://www.justice.gov/epstein/files/DataSet 9/EFTA00366146.mov
https://www.justice.gov/epstein/files/DataSet 9/EFTA00366639.pdf,https://www.justice.gov/epstein/files/DataSet 9/EFTA00366639.mov
https://www.justice.gov/epstein/files/DataSet 9/EFTA00366758.pdf,https://www.justice.gov/epstein/files/DataSet 9/EFTA00366758.mov
https://www.justice.gov/epstein/files/DataSet 9/EFTA00366800.pdf,https://www.justice.gov/epstein/files/DataSet 9/EFTA00366800.mov
https://www.justice.gov/epstein/files/DataSet 9/EFTA00368016.pdf,https://www.justice.gov/epstein/files/DataSet 9/EFTA00368016.mov
https://www.justice.gov/epstein/files/DataSet 9/EFTA00368792.pdf,https://www.justice.gov/epstein/files/DataSet 9/EFTA00368792.mov
https://www.justice.gov/epstein/files/DataSet 9/EFTA00369214.pdf,https://www.justice.gov/epstein/files/DataSet 9/EFTA00369214.mov
https://www.justice.gov/epstein/files/DataSet 9/EFTA00369860.pdf,https://www.justice.gov/epstein/files/DataSet 9/EFTA00369860.mov
https://www.justice.gov/epstein/files/DataSet 9/EFTA00369867.pdf,https://www.justice.gov/epstein/files/DataSet 9/EFTA00369867.mov
https://www.justice.gov/epstein/files/DataSet 9/EFTA00369912.pdf,https://www.justice.gov/epstein/files/DataSet 9/EFTA00369912.mov
https://www.justice.gov/epstein/files/DataSet 9/EFTA00370178.pdf,https://www.justice.gov/epstein/files/DataSet 9/EFTA00370178.mov
https://www.justice.gov/epstein/files/DataSet 9/EFTA00370180.pdf,https://www.justice.gov/epstein/files/DataSet 9/EFTA00370180.mov
https://www.justice.gov/epstein/files/DataSet 9/EFTA00370251.pdf,https://www.justice.gov/epstein/files/DataSet 9/EFTA00370251.mov
https://www.justice.gov/epstein/files/DataSet 9/EFTA00373277.pdf,https://www.justice.gov/epstein/files/DataSet 9/EFTA00373277.mov
https://www.justice.gov/epstein/files/DataSet 9/EFTA00376024.pdf,https://www.justice.gov/epstein/files/DataSet 9/EFTA00376024.mov
https://www.justice.gov/epstein/files/DataSet 9/EFTA00378504.pdf,https://www.justice.gov/epstein/files/DataSet 9/EFTA00378504.mov
https://www.justice.gov/epstein/files/DataSet 9/EFTA00378683.pdf,https://www.justice.gov/epstein/files/DataSet 9/EFTA00378683.mov
https://www.justice.gov/epstein/files/DataSet 9/EFTA00378946.pdf,https://www.justice.gov/epstein/files/DataSet 9/EFTA00378946.mov
https://www.justice.gov/epstein/files/DataSet 9/EFTA00380642.pdf,https://www.justice.gov/epstein/files/DataSet 9/EFTA00380642.mov
https://www.justice.gov/epstein/files/DataSet 9/EFTA00385521.pdf,https://www.justice.gov/epstein/files/DataSet 9/EFTA00385521.mov
https://www.justice.gov/epstein/files/DataSet 9/EFTA00387079.pdf,https://www.justice.gov/epstein/files/DataSet 9/EFTA00387079.mov
https://www.justice.gov/epstein/files/DataSet 9/EFTA00387692.pdf,https://www.justice.gov/epstein/files/DataSet 9/EFTA00387692.mov
https://www.justice.gov/epstein/files/DataSet 9/EFTA00387694.pdf,https://www.justice.gov/epstein/files/DataSet 9/EFTA00387694.mov
https://www.justice.gov/epstein/files/DataSet 9/EFTA00387701.pdf,https://www.justice.gov/epstein/files/DataSet 9/EFTA00387701.mov
https://www.justice.gov/epstein/files/DataSet 9/EFTA00388912.pdf,https://www.justice.gov/epstein/files/DataSet 9/EFTA00388912.mov
https://www.justice.gov/epstein/files/DataSet 9/EFTA00389279.pdf,https://www.justice.gov/epstein/files/DataSet 9/EFTA00389279.mov
https://www.justice.gov/epstein/files/DataSet 9/EFTA00389561.pdf,https://www.justice.gov/epstein/files/DataSet 9/EFTA00389561.mov
https://www.justice.gov/epstein/files/DataSet 9/EFTA00389685.pdf,https://www.justice.gov/epstein/files/DataSet 9/EFTA00389685.mov
https://www.justice.gov/epstein/files/DataSet 9/EFTA00391972.pdf,https://www.justice.gov/epstein/files/DataSet 9/EFTA00391972.mov
https://www.justice.gov/epstein/files/DataSet 9/EFTA00393864.pdf,https://www.justice.gov/epstein/files/DataSet 9/EFTA00393864.mov
https://www.justice.gov/epstein/files/DataSet 9/EFTA00394503.pdf,https://www.justice.gov/epstein/files/DataSet 9/EFTA00394503.mov
https://www.justice.gov/epstein/files/DataSet 9/EFTA00396551.pdf,https://www.justice.gov/epstein/files/DataSet 9/EFTA00396551.mov
https://www.justice.gov/epstein/files/DataSet 9/EFTA00397105.pdf,https://www.justice.gov/epstein/files/DataSet 9/EFTA00397105.mov
https://www.justice.gov/epstein/files/DataSet 9/EFTA00398402.pdf,https://www.justice.gov/epstein/files/DataSet 9/EFTA00398402.mov
https://www.justice.gov/epstein/files/DataSet 9/EFTA00401509.pdf,https://www.justice.gov/epstein/files/DataSet 9/EFTA00401509.mov
https://www.justice.gov/epstein/files/DataSet 9/EFTA00403036.pdf,https://www.justice.gov/epstein/files/DataSet 9/EFTA00403036.mov
https://www.justice.gov/epstein/files/DataSet 9/EFTA00403642.pdf,https://www.justice.gov/epstein/files/DataSet 9/EFTA00403642.mov
https://www.justice.gov/epstein/files/DataSet 9/EFTA00404582.pdf,https://www.justice.gov/epstein/files/DataSet 9/EFTA00404582.mov
https://www.justice.gov/epstein/files/DataSet 9/EFTA00407567.pdf,https://www.justice.gov/epstein/files/DataSet 9/EFTA00407567.mov
https://www.justice.gov/epstein/files/DataSet 9/EFTA00409289.pdf,https://www.justice.gov/epstein/files/DataSet 9/EFTA00409289.mov
https://www.justice.gov/epstein/files/DataSet 9/EFTA00411117.pdf,https://www.justice.gov/epstein/files/DataSet 9/EFTA00411117.mov
https://www.justice.gov/epstein/files/DataSet 9/EFTA00412134.pdf,https://www.justice.gov/epstein/files/DataSet 9/EFTA00412134.mov
https://www.justice.gov/epstein/files/DataSet 9/EFTA00413405.pdf,https://www.justice.gov/epstein/files/DataSet 9/EFTA00413405.mov
https://www.justice.gov/epstein/files/DataSet 9/EFTA00413740.pdf,https://www.justice.gov/epstein/files/DataSet 9/EFTA00413740.mov
https://www.justice.gov/epstein/files/DataSet 9/EFTA00414638.pdf,https://www.justice.gov/epstein/files/DataSet 9/EFTA00414638.mov
https://www.justice.gov/epstein/files/DataSet 9/EFTA00414727.pdf,https://www.justice.gov/epstein/files/DataSet 9/EFTA00414727.mov
https://www.justice.gov/epstein/files/DataSet 9/EFTA00416201.pdf,https://www.justice.gov/epstein/files/DataSet 9/EFTA00416201.mov
https://www.justice.gov/epstein/files/DataSet 9/EFTA00416875.pdf,https://www.justice.gov/epstein/files/DataSet 9/EFTA00416875.mov
https://www.justice.gov/epstein/files/DataSet 9/EFTA00417955.pdf,https://www.justice.gov/epstein/files/DataSet 9/EFTA00417955.mov
https://www.justice.gov/epstein/files/DataSet 9/EFTA00418192.pdf,https://www.justice.gov/epstein/files/DataSet 9/EFTA00418192.mov
https://www.justice.gov/epstein/files/DataSet 9/EFTA00418860.pdf,https://www.justice.gov/epstein/files/DataSet 9/EFTA00418860.mov
https://www.justice.gov/epstein/files/DataSet 9/EFTA00419089.pdf,https://www.justice.gov/epstein/files/DataSet 9/EFTA00419089.mov
https://www.justice.gov/epstein/files/DataSet 9/EFTA00420575.pdf,https://www.justice.gov/epstein/files/DataSet 9/EFTA00420575.mov
https://www.justice.gov/epstein/files/DataSet 9/EFTA00421382.pdf,https://www.justice.gov/epstein/files/DataSet 9/EFTA00421382.mov
https://www.justice.gov/epstein/files/DataSet 9/EFTA00421384.pdf,https://www.justice.gov/epstein/files/DataSet 9/EFTA00421384.mov
https://www.justice.gov/epstein/files/DataSet 9/EFTA00423131.pdf,https://www.justice.gov/epstein/files/DataSet 9/EFTA00423131.mov
https://www.justice.gov/epstein/files/DataSet 9/EFTA00425953.pdf,https://www.justice.gov/epstein/files/DataSet 9/EFTA00425953.mov
https://www.justice.gov/epstein/files/DataSet 9/EFTA00426796.pdf,https://www.justice.gov/epstein/files/DataSet 9/EFTA00426796.mov
https://www.justice.gov/epstein/files/DataSet 9/EFTA00430010.pdf,https://www.justice.gov/epstein/files/DataSet 9/EFTA00430010.mov
https://www.justice.gov/epstein/files/DataSet 9/EFTA00430216.pdf,https://www.justice.gov/epstein/files/DataSet 9/EFTA00430216.mov
https://www.justice.gov/epstein/files/DataSet 9/EFTA00433558.pdf,https://www.justice.gov/epstein/files/DataSet 9/EFTA00433558.mov
https://www.justice.gov/epstein/files/DataSet 9/EFTA00433563.pdf,https://www.justice.gov/epstein/files/DataSet 9/EFTA00433563.mov
https://www.justice.gov/epstein/files/DataSet 9/EFTA00436898.pdf,https://www.justice.gov/epstein/files/DataSet 9/EFTA00436898.mov
https://www.justice.gov/epstein/files/DataSet 9/EFTA00437259.pdf,https://www.justice.gov/epstein/files/DataSet 9/EFTA00437259.mov
https://www.justice.gov/epstein/files/DataSet 9/EFTA00437855.pdf,https://www.justice.gov/epstein/files/DataSet 9/EFTA00437855.mov
https://www.justice.gov/epstein/files/DataSet 9/EFTA00437943.pdf,https://www.justice.gov/epstein/files/DataSet 9/EFTA00437943.mov
https://www.justice.gov/epstein/files/DataSet 9/EFTA00438393.pdf,https://www.justice.gov/epstein/files/DataSet 9/EFTA00438393.mov
https://www.justice.gov/epstein/files/DataSet 9/EFTA00439057.pdf,https://www.justice.gov/epstein/files/DataSet 9/EFTA00439057.mov
https://www.justice.gov/epstein/files/DataSet 9/EFTA00439339.pdf,https://www.justice.gov/epstein/files/DataSet 9/EFTA00439339.mov
https://www.justice.gov/epstein/files/DataSet 9/EFTA00439399.pdf,https://www.justice.gov/epstein/files/DataSet 9/EFTA00439399.mov
https://www.justice.gov/epstein/files/DataSet 9/EFTA00439626.pdf,https://www.justice.gov/epstein/files/DataSet 9/EFTA00439626.mov
https://www.justice.gov/epstein/files/DataSet 9/EFTA00440224.pdf,https://www.justice.gov/epstein/files/DataSet 9/EFTA00440224.mov
https://www.justice.gov/epstein/files/DataSet 9/EFTA00440333.pdf,https://www.justice.gov/epstein/files/DataSet 9/EFTA00440333.mov
https://www.justice.gov/epstein/files/DataSet 9/EFTA00440834.pdf,https://www.justice.gov/epstein/files/DataSet 9/EFTA00440834.mov
https://www.justice.gov/epstein/files/DataSet 9/EFTA00440840.pdf,https://www.justice.gov/epstein/files/DataSet 9/EFTA00440840.mov
https://www.justice.gov/epstein/files/DataSet 9/EFTA00440846.pdf,https://www.justice.gov/epstein/files/DataSet 9/EFTA00440846.mov
https://www.justice.gov/epstein/files/DataSet 9/EFTA00441022.pdf,https://www.justice.gov/epstein/files/DataSet 9/EFTA00441022.mov
https://www.justice.gov/epstein/files/DataSet 9/EFTA00441084.pdf,https://www.justice.gov/epstein/files/DataSet 9/EFTA00441084.mov
https://www.justice.gov/epstein/files/DataSet 9/EFTA00441840.pdf,https://www.justice.gov/epstein/files/DataSet 9/EFTA00441840.mov
https://www.justice.gov/epstein/files/DataSet 9/EFTA00442603.pdf,https://www.justice.gov/epstein/files/DataSet 9/EFTA00442603.mov
https://www.justice.gov/epstein/files/DataSet 9/EFTA00443908.pdf,https://www.justice.gov/epstein/files/DataSet 9/EFTA00443908.mov
https://www.justice.gov/epstein/files/DataSet 9/EFTA00444503.pdf,https://www.justice.gov/epstein/files/DataSet 9/EFTA00444503.mov
https://www.justice.gov/epstein/files/DataSet 9/EFTA00445454.pdf,https://www.justice.gov/epstein/files/DataSet 9/EFTA00445454.mov
https://www.justice.gov/epstein/files/DataSet 9/EFTA00446136.pdf,https://www.justice.gov/epstein/files/DataSet 9/EFTA00446136.mov
https://www.justice.gov/epstein/files/DataSet 9/EFTA00447541.pdf,https://www.justice.gov/epstein/files/DataSet 9/EFTA00447541.mov
https://www.justice.gov/epstein/files/DataSet 9/EFTA00452230.pdf,https://www.justice.gov/epstein/files/DataSet 9/EFTA00452230.mov
https://www.justice.gov/epstein/files/DataSet 9/EFTA00455037.pdf,https://www.justice.gov/epstein/files/DataSet 9/EFTA00455037.mov
https://www.justice.gov/epstein/files/DataSet 9/EFTA00455216.pdf,https://www.justice.gov/epstein/files/DataSet 9/EFTA00455216.mov
https://www.justice.gov/epstein/files/DataSet 9/EFTA00456117.pdf,https://www.justice.gov/epstein/files/DataSet 9/EFTA00456117.mov
https://www.justice.gov/epstein/files/DataSet 9/EFTA00458957.pdf,https://www.justice.gov/epstein/files/DataSet 9/EFTA00458957.mov
https://www.justice.gov/epstein/files/DataSet 9/EFTA00459511.pdf,https://www.justice.gov/epstein/files/DataSet 9/EFTA00459511.mov
https://www.justice.gov/epstein/files/DataSet 9/EFTA00460588.pdf,https://www.justice.gov/epstein/files/DataSet 9/EFTA00460588.mov
https://www.justice.gov/epstein/files/DataSet 9/EFTA00462277.pdf,https://www.justice.gov/epstein/files/DataSet 9/EFTA00462277.mov
https://www.justice.gov/epstein/files/DataSet 9/EFTA00464944.pdf,https://www.justice.gov/epstein/files/DataSet 9/EFTA00464944.mov
https://www.justice.gov/epstein/files/DataSet 9/EFTA00465411.pdf,https://www.justice.gov/epstein/files/DataSet 9/EFTA00465411.mov
https://www.justice.gov/epstein/files/DataSet 9/EFTA00465457.pdf,https://www.justice.gov/epstein/files/DataSet 9/EFTA00465457.mov
https://www.justice.gov/epstein/files/DataSet 9/EFTA00465996.pdf,https://www.justice.gov/epstein/files/DataSet 9/EFTA00465996.mov
https://www.justice.gov/epstein/files/DataSet 9/EFTA00466066.pdf,https://www.justice.gov/epstein/files/DataSet 9/EFTA00466066.mov
https://www.justice.gov/epstein/files/DataSet 9/EFTA00466395.pdf,https://www.justice.gov/epstein/files/DataSet 9/EFTA00466395.mov
https://www.justice.gov/epstein/files/DataSet 9/EFTA00467643.pdf,https://www.justice.gov/epstein/files/DataSet 9/EFTA00467643.mov
https://www.justice.gov/epstein/files/DataSet 9/EFTA00468110.pdf,https://www.justice.gov/epstein/files/DataSet 9/EFTA00468110.mov
https://www.justice.gov/epstein/files/DataSet 9/EFTA00469036.pdf,https://www.justice.gov/epstein/files/DataSet 9/EFTA00469036.mov
https://www.justice.gov/epstein/files/DataSet 9/EFTA00469417.pdf,https://www.justice.gov/epstein/files/DataSet 9/EFTA00469417.mov
https://www.justice.gov/epstein/files/DataSet 9/EFTA00472309.pdf,https://www.justice.gov/epstein/files/DataSet 9/EFTA00472309.mov
https://www.justice.gov/epstein/files/DataSet 9/EFTA00472378.pdf,https://www.justice.gov/epstein/files/DataSet 9/EFTA00472378.mov
https://www.justice.gov/epstein/files/DataSet 9/EFTA00472386.pdf,https://www.justice.gov/epstein/files/DataSet 9/EFTA00472386.mov
https://www.justice.gov/epstein/files/DataSet 9/EFTA00473785.pdf,https://www.justice.gov/epstein/files/DataSet 9/EFTA00473785.mov
https://www.justice.gov/epstein/files/DataSet 9/EFTA00477065.pdf,https://www.justice.gov/epstein/files/DataSet 9/EFTA00477065.mov
https://www.justice.gov/epstein/files/DataSet 9/EFTA00477081.pdf,https://www.justice.gov/epstein/files/DataSet 9/EFTA00477081.mov
https://www.justice.gov/epstein/files/DataSet 9/EFTA00477179.pdf,https://www.justice.gov/epstein/files/DataSet 9/EFTA00477179.mov
https://www.justice.gov/epstein/files/DataSet 9/EFTA00477193.pdf,https://www.justice.gov/epstein/files/DataSet 9/EFTA00477193.mov
https://www.justice.gov/epstein/files/DataSet 9/EFTA00477609.pdf,https://www.justice.gov/epstein/files/DataSet 9/EFTA00477609.mov
https://www.justice.gov/epstein/files/DataSet 9/EFTA00478262.pdf,https://www.justice.gov/epstein/files/DataSet 9/EFTA00478262.mov
https://www.justice.gov/epstein/files/DataSet 9/EFTA00479175.pdf,https://www.justice.gov/epstein/files/DataSet 9/EFTA00479175.mov
https://www.justice.gov/epstein/files/DataSet 9/EFTA00479299.pdf,https://www.justice.gov/epstein/files/DataSet 9/EFTA00479299.mov
https://www.justice.gov/epstein/files/DataSet 9/EFTA00479353.pdf,https://www.justice.gov/epstein/files/DataSet 9/EFTA00479353.mov
https://www.justice.gov/epstein/files/DataSet 9/EFTA00479378.pdf,https://www.justice.gov/epstein/files/DataSet 9/EFTA00479378.mov
https://www.justice.gov/epstein/files/DataSet 9/EFTA00480199.pdf,https://www.justice.gov/epstein/files/DataSet 9/EFTA00480199.mov
https://www.justice.gov/epstein/files/DataSet 9/EFTA00480207.pdf,https://www.justice.gov/epstein/files/DataSet 9/EFTA00480207.mov
https://www.justice.gov/epstein/files/DataSet 9/EFTA00480211.pdf,https://www.justice.gov/epstein/files/DataSet 9/EFTA00480211.mov
https://www.justice.gov/epstein/files/DataSet 9/EFTA00480215.pdf,https://www.justice.gov/epstein/files/DataSet 9/EFTA00480215.mov
https://www.justice.gov/epstein/files/DataSet 9/EFTA00480797.pdf,https://www.justice.gov/epstein/files/DataSet 9/EFTA00480797.mov
https://www.justice.gov/epstein/files/DataSet 9/EFTA00480826.pdf,https://www.justice.gov/epstein/files/DataSet 9/EFTA00480826.mov
https://www.justice.gov/epstein/files/DataSet 9/EFTA00480872.pdf,https://www.justice.gov/epstein/files/DataSet 9/EFTA00480872.mov
https://www.justice.gov/epstein/files/DataSet 9/EFTA00483523.pdf,https://www.justice.gov/epstein/files/DataSet 9/EFTA00483523.mov
https://www.justice.gov/epstein/files/DataSet 9/EFTA00485165.pdf,https://www.justice.gov/epstein/files/DataSet 9/EFTA00485165.mov
https://www.justice.gov/epstein/files/DataSet 9/EFTA00485782.pdf,https://www.justice.gov/epstein/files/DataSet 9/EFTA00485782.mov
https://www.justice.gov/epstein/files/DataSet 9/EFTA00485807.pdf,https://www.justice.gov/epstein/files/DataSet 9/EFTA00485807.mov
https://www.justice.gov/epstein/files/DataSet 9/EFTA00485839.pdf,https://www.justice.gov/epstein/files/DataSet 9/EFTA00485839.mov
https://www.justice.gov/epstein/files/DataSet 9/EFTA00486155.pdf,https://www.justice.gov/epstein/files/DataSet 9/EFTA00486155.mov
https://www.justice.gov/epstein/files/DataSet 9/EFTA00489510.pdf,https://www.justice.gov/epstein/files/DataSet 9/EFTA00489510.mov
https://www.justice.gov/epstein/files/DataSet 9/EFTA00490446.pdf,https://www.justice.gov/epstein/files/DataSet 9/EFTA00490446.mov
https://www.justice.gov/epstein/files/DataSet 9/EFTA00491455.pdf,https://www.justice.gov/epstein/files/DataSet 9/EFTA00491455.mov
https://www.justice.gov/epstein/files/DataSet 9/EFTA00491726.pdf,https://www.justice.gov/epstein/files/DataSet 9/EFTA00491726.mov
https://www.justice.gov/epstein/files/DataSet 9/EFTA00494046.pdf,https://www.justice.gov/epstein/files/DataSet 9/EFTA00494046.mov
https://www.justice.gov/epstein/files/DataSet 9/EFTA00506709.pdf,https://www.justice.gov/epstein/files/DataSet 9/EFTA00506709.mov
https://www.justice.gov/epstein/files/DataSet 9/EFTA00506761.pdf,https://www.justice.gov/epstein/files/DataSet 9/EFTA00506761.mov
https://www.justice.gov/epstein/files/DataSet 9/EFTA00507019.pdf,https://www.justice.gov/epstein/files/DataSet 9/EFTA00507019.mov
https://www.justice.gov/epstein/files/DataSet 9/EFTA00507068.pdf,https://www.justice.gov/epstein/files/DataSet 9/EFTA00507068.mov
https://www.justice.gov/epstein/files/DataSet 9/EFTA00507249.pdf,https://www.justice.gov/epstein/files/DataSet 9/EFTA00507249.mov
https://www.justice.gov/epstein/files/DataSet 9/EFTA00509312.pdf,https://www.justice.gov/epstein/files/DataSet 9/EFTA00509312.mov
https://www.justice.gov/epstein/files/DataSet 9/EFTA00511084.pdf,https://www.justice.gov/epstein/files/DataSet 9/EFTA00511084.mov
https://www.justice.gov/epstein/files/DataSet 9/EFTA00512333.pdf,https://www.justice.gov/epstein/files/DataSet 9/EFTA00512333.mov
https://www.justice.gov/epstein/files/DataSet 9/EFTA00512697.pdf,https://www.justice.gov/epstein/files/DataSet 9/EFTA00512697.mov
https://www.justice.gov/epstein/files/DataSet 9/EFTA00513570.pdf,https://www.justice.gov/epstein/files/DataSet 9/EFTA00513570.mov
https://www.justice.gov/epstein/files/DataSet 9/EFTA00521705.pdf,https://www.justice.gov/epstein/files/DataSet 9/EFTA00521705.mov
https://www.justice.gov/epstein/files/DataSet 9/EFTA00525729.pdf,https://www.justice.gov/epstein/files/DataSet 9/EFTA00525729.mov
https://www.justice.gov/epstein/files/DataSet 9/EFTA00528024.pdf,https://www.justice.gov/epstein/files/DataSet 9/EFTA00528024.mov
https://www.justice.gov/epstein/files/DataSet 9/EFTA00528678.pdf,https://www.justice.gov/epstein/files/DataSet 9/EFTA00528678.mov
https://www.justice.gov/epstein/files/DataSet 9/EFTA00530001.pdf,https://www.justice.gov/epstein/files/DataSet 9/EFTA00530001.mov
https://www.justice.gov/epstein/files/DataSet 9/EFTA00532093.pdf,https://www.justice.gov/epstein/files/DataSet 9/EFTA00532093.mov
https://www.justice.gov/epstein/files/DataSet 9/EFTA00532323.pdf,https://www.justice.gov/epstein/files/DataSet 9/EFTA00532323.mov
https://www.justice.gov/epstein/files/DataSet 9/EFTA00534700.pdf,https://www.justice.gov/epstein/files/DataSet 9/EFTA00534700.mov
https://www.justice.gov/epstein/files/DataSet 9/EFTA00534951.pdf,https://www.justice.gov/epstein/files/DataSet 9/EFTA00534951.mov
https://www.justice.gov/epstein/files/DataSet 9/EFTA00537575.pdf,https://www.justice.gov/epstein/files/DataSet 9/EFTA00537575.mov
https://www.justice.gov/epstein/files/DataSet 9/EFTA00541043.pdf,https://www.justice.gov/epstein/files/DataSet 9/EFTA00541043.mov
https://www.justice.gov/epstein/files/DataSet 9/EFTA00541782.pdf,https://www.justice.gov/epstein/files/DataSet 9/EFTA00541782.mov
https://www.justice.gov/epstein/files/DataSet 9/EFTA00545730.pdf,https://www.justice.gov/epstein/files/DataSet 9/EFTA00545730.mov
https://www.justice.gov/epstein/files/DataSet 9/EFTA00545990.pdf,https://www.justice.gov/epstein/files/DataSet 9/EFTA00545990.mov
https://www.justice.gov/epstein/files/DataSet 9/EFTA00548624.pdf,https://www.justice.gov/epstein/files/DataSet 9/EFTA00548624.mov
https://www.justice.gov/epstein/files/DataSet 9/EFTA00548997.pdf,https://www.justice.gov/epstein/files/DataSet 9/EFTA00548997.mov
https://www.justice.gov/epstein/files/DataSet 9/EFTA00551140.pdf,https://www.justice.gov/epstein/files/DataSet 9/EFTA00551140.mov
https://www.justice.gov/epstein/files/DataSet 9/EFTA00554438.pdf,https://www.justice.gov/epstein/files/DataSet 9/EFTA00554438.mov
https://www.justice.gov/epstein/files/DataSet 9/EFTA00555012.pdf,https://www.justice.gov/epstein/files/DataSet 9/EFTA00555012.mov
https://www.justice.gov/epstein/files/DataSet 9/EFTA00555222.pdf,https://www.justice.gov/epstein/files/DataSet 9/EFTA00555222.mov
https://www.justice.gov/epstein/files/DataSet 9/EFTA00560909.pdf,https://www.justice.gov/epstein/files/DataSet 9/EFTA00560909.mov
https://www.justice.gov/epstein/files/DataSet 9/EFTA00561180.pdf,https://www.justice.gov/epstein/files/DataSet 9/EFTA00561180.mov
https://www.justice.gov/epstein/files/DataSet 9/EFTA00564234.pdf,https://www.justice.gov/epstein/files/DataSet 9/EFTA00564234.mov
https://www.justice.gov/epstein/files/DataSet 9/EFTA00565177.pdf,https://www.justice.gov/epstein/files/DataSet 9/EFTA00565177.mov
https://www.justice.gov/epstein/files/DataSet 9/EFTA00566261.pdf,https://www.justice.gov/epstein/files/DataSet 9/EFTA00566261.mov
https://www.justice.gov/epstein/files/DataSet 9/EFTA00567619.pdf,https://www.justice.gov/epstein/files/DataSet 9/EFTA00567619.mov
https://www.justice.gov/epstein/files/DataSet 9/EFTA00567971.pdf,https://www.justice.gov/epstein/files/DataSet 9/EFTA00567971.mov
https://www.justice.gov/epstein/files/DataSet 9/EFTA00568567.pdf,https://www.justice.gov/epstein/files/DataSet 9/EFTA00568567.mov
https://www.justice.gov/epstein/files/DataSet 9/EFTA00570091.pdf,https://www.justice.gov/epstein/files/DataSet 9/EFTA00570091.mov
https://www.justice.gov/epstein/files/DataSet 9/EFTA00570136.pdf,https://www.justice.gov/epstein/files/DataSet 9/EFTA00570136.mov
https://www.justice.gov/epstein/files/DataSet 9/EFTA00570191.pdf,https://www.justice.gov/epstein/files/DataSet 9/EFTA00570191.mov
https://www.justice.gov/epstein/files/DataSet 9/EFTA00570360.pdf,https://www.justice.gov/epstein/files/DataSet 9/EFTA00570360.mov
https://www.justice.gov/epstein/files/DataSet 9/EFTA00571269.pdf,https://www.justice.gov/epstein/files/DataSet 9/EFTA00571269.mov
https://www.justice.gov/epstein/files/DataSet 9/EFTA00571271.pdf,https://www.justice.gov/epstein/files/DataSet 9/EFTA00571271.mov
https://www.justice.gov/epstein/files/DataSet 9/EFTA00571912.pdf,https://www.justice.gov/epstein/files/DataSet 9/EFTA00571912.mov
https://www.justice.gov/epstein/files/DataSet 9/EFTA00574976.pdf,https://www.justice.gov/epstein/files/DataSet 9/EFTA00574976.mov
https://www.justice.gov/epstein/files/DataSet 9/EFTA00578277.pdf,https://www.justice.gov/epstein/files/DataSet 9/EFTA00578277.mov
https://www.justice.gov/epstein/files/DataSet 9/EFTA00578508.pdf,https://www.justice.gov/epstein/files/DataSet 9/EFTA00578508.mov
https://www.justice.gov/epstein/files/DataSet 9/EFTA00578676.pdf,https://www.justice.gov/epstein/files/DataSet 9/EFTA00578676.mov
https://www.justice.gov/epstein/files/DataSet 9/EFTA00579005.pdf,https://www.justice.gov/epstein/files/DataSet 9/EFTA00579005.mov
https://www.justice.gov/epstein/files/DataSet 9/EFTA00579851.pdf,https://www.justice.gov/epstein/files/DataSet 9/EFTA00579851.mov
https://www.justice.gov/epstein/files/DataSet 9/EFTA00582537.pdf,https://www.justice.gov/epstein/files/DataSet 9/EFTA00582537.mov
https://www.justice.gov/epstein/files/DataSet 9/EFTA00582559.pdf,https://www.justice.gov/epstein/files/DataSet 9/EFTA00582559.mov
https://www.justice.gov/epstein/files/DataSet 9/EFTA00583281.pdf,https://www.justice.gov/epstein/files/DataSet 9/EFTA00583281.mov
https://www.justice.gov/epstein/files/DataSet 9/EFTA00583451.pdf,https://www.justice.gov/epstein/files/DataSet 9/EFTA00583451.mov
https://www.justice.gov/epstein/files/DataSet 9/EFTA00584040.pdf,https://www.justice.gov/epstein/files/DataSet 9/EFTA00584040.mov
https://www.justice.gov/epstein/files/DataSet 9/EFTA00584563.pdf,https://www.justice.gov/epstein/files/DataSet 9/EFTA00584563.mov
https://www.justice.gov/epstein/files/DataSet 9/EFTA00585567.pdf,https://www.justice.gov/epstein/files/DataSet 9/EFTA00585567.mov
https://www.justice.gov/epstein/files/DataSet 9/EFTA00585800.pdf,https://www.justice.gov/epstein/files/DataSet 9/EFTA00585800.mov
https://www.justice.gov/epstein/files/DataSet 9/EFTA00585848.pdf,https://www.justice.gov/epstein/files/DataSet 9/EFTA00585848.mov
https://www.justice.gov/epstein/files/DataSet 9/EFTA00587879.pdf,https://www.justice.gov/epstein/files/DataSet 9/EFTA00587879.mov
https://www.justice.gov/epstein/files/DataSet 9/EFTA00589834.pdf,https://www.justice.gov/epstein/files/DataSet 9/EFTA00589834.mov
https://www.justice.gov/epstein/files/DataSet 9/EFTA00591259.pdf,https://www.justice.gov/epstein/files/DataSet 9/EFTA00591259.mov
https://www.justice.gov/epstein/files/DataSet 9/EFTA00591494.pdf,https://www.justice.gov/epstein/files/DataSet 9/EFTA00591494.mov
https://www.justice.gov/epstein/files/DataSet 9/EFTA00593334.pdf,https://www.justice.gov/epstein/files/DataSet 9/EFTA00593334.mov
https://www.justice.gov/epstein/files/DataSet 9/EFTA00593771.pdf,https://www.justice.gov/epstein/files/DataSet 9/EFTA00593771.mov
https://www.justice.gov/epstein/files/DataSet 9/EFTA00593880.pdf,https://www.justice.gov/epstein/files/DataSet 9/EFTA00593880.mov
https://www.justice.gov/epstein/files/DataSet 9/EFTA00598040.pdf,https://www.justice.gov/epstein/files/DataSet 9/EFTA00598040.mov
https://www.justice.gov/epstein/files/DataSet 9/EFTA00598261.pdf,https://www.justice.gov/epstein/files/DataSet 9/EFTA00598261.mov
https://www.justice.gov/epstein/files/DataSet 9/EFTA00598544.pdf,https://www.justice.gov/epstein/files/DataSet 9/EFTA00598544.mov
https://www.justice.gov/epstein/files/DataSet 9/EFTA00600333.pdf,https://www.justice.gov/epstein/files/DataSet 9/EFTA00600333.mov
https://www.justice.gov/epstein/files/DataSet 9/EFTA00601533.pdf,https://www.justice.gov/epstein/files/DataSet 9/EFTA00601533.mov
https://www.justice.gov/epstein/files/DataSet 9/EFTA00601977.pdf,https://www.justice.gov/epstein/files/DataSet 9/EFTA00601977.mov
https://www.justice.gov/epstein/files/DataSet 9/EFTA00605336.pdf,https://www.justice.gov/epstein/files/DataSet 9/EFTA00605336.mov
https://www.justice.gov/epstein/files/DataSet 9/EFTA00606135.pdf,https://www.justice.gov/epstein/files/DataSet 9/EFTA00606135.mov
https://www.justice.gov/epstein/files/DataSet 9/EFTA00610143.pdf,https://www.justice.gov/epstein/files/DataSet 9/EFTA00610143.mov
https://www.justice.gov/epstein/files/DataSet 9/EFTA00611612.pdf,https://www.justice.gov/epstein/files/DataSet 9/EFTA00611612.mov
https://www.justice.gov/epstein/files/DataSet 9/EFTA00612157.pdf,https://www.justice.gov/epstein/files/DataSet 9/EFTA00612157.mov
https://www.justice.gov/epstein/files/DataSet 9/EFTA00614975.pdf,https://www.justice.gov/epstein/files/DataSet 9/EFTA00614975.mov
https://www.justice.gov/epstein/files/DataSet 9/EFTA00615480.pdf,https://www.justice.gov/epstein/files/DataSet 9/EFTA00615480.mov
https://www.justice.gov/epstein/files/DataSet 9/EFTA00616147.pdf,https://www.justice.gov/epstein/files/DataSet 9/EFTA00616147.mov
https://www.justice.gov/epstein/files/DataSet 9/EFTA00616691.pdf,https://www.justice.gov/epstein/files/DataSet 9/EFTA00616691.mov
https://www.justice.gov/epstein/files/DataSet 9/EFTA00617832.pdf,https://www.justice.gov/epstein/files/DataSet 9/EFTA00617832.mov
https://www.justice.gov/epstein/files/DataSet 9/EFTA00618178.pdf,https://www.justice.gov/epstein/files/DataSet 9/EFTA00618178.mov
https://www.justice.gov/epstein/files/DataSet 9/EFTA00621732.pdf,https://www.justice.gov/epstein/files/DataSet 9/EFTA00621732.mov
https://www.justice.gov/epstein/files/DataSet 9/EFTA00622832.pdf,https://www.justice.gov/epstein/files/DataSet 9/EFTA00622832.mov
https://www.justice.gov/epstein/files/DataSet 9/EFTA00622988.pdf,https://www.justice.gov/epstein/files/DataSet 9/EFTA00622988.mov
https://www.justice.gov/epstein/files/DataSet 9/EFTA00625044.pdf,https://www.justice.gov/epstein/files/DataSet 9/EFTA00625044.mov
https://www.justice.gov/epstein/files/DataSet 9/EFTA00626476.pdf,https://www.justice.gov/epstein/files/DataSet 9/EFTA00626476.mov
https://www.justice.gov/epstein/files/DataSet 9/EFTA00628901.pdf,https://www.justice.gov/epstein/files/DataSet 9/EFTA00628901.mov
https://www.justice.gov/epstein/files/DataSet 9/EFTA00629064.pdf,https://www.justice.gov/epstein/files/DataSet 9/EFTA00629064.mov
https://www.justice.gov/epstein/files/DataSet 9/EFTA00632532.pdf,https://www.justice.gov/epstein/files/DataSet 9/EFTA00632532.mov
https://www.justice.gov/epstein/files/DataSet 9/EFTA00633338.pdf,https://www.justice.gov/epstein/files/DataSet 9/EFTA00633338.mov
https://www.justice.gov/epstein/files/DataSet 9/EFTA00635343.pdf,https://www.justice.gov/epstein/files/DataSet 9/EFTA00635343.mov
https://www.justice.gov/epstein/files/DataSet 9/EFTA00636597.pdf,https://www.justice.gov/epstein/files/DataSet 9/EFTA00636597.mov
https://www.justice.gov/epstein/files/DataSet 9/EFTA00636626.pdf,https://www.justice.gov/epstein/files/DataSet 9/EFTA00636626.mov
https://www.justice.gov/epstein/files/DataSet 9/EFTA00637617.pdf,https://www.justice.gov/epstein/files/DataSet 9/EFTA00637617.mov
https://www.justice.gov/epstein/files/DataSet 9/EFTA00638063.pdf,https://www.justice.gov/epstein/files/DataSet 9/EFTA00638063.mov
https://www.justice.gov/epstein/files/DataSet 9/EFTA00638123.pdf,https://www.justice.gov/epstein/files/DataSet 9/EFTA00638123.mov
https://www.justice.gov/epstein/files/DataSet 9/EFTA00640622.pdf,https://www.justice.gov/epstein/files/DataSet 9/EFTA00640622.mov
https://www.justice.gov/epstein/files/DataSet 9/EFTA00642213.pdf,https://www.justice.gov/epstein/files/DataSet 9/EFTA00642213.mov
https://www.justice.gov/epstein/files/DataSet 9/EFTA00642299.pdf,https://www.justice.gov/epstein/files/DataSet 9/EFTA00642299.mov
https://www.justice.gov/epstein/files/DataSet 9/EFTA00642313.pdf,https://www.justice.gov/epstein/files/DataSet 9/EFTA00642313.mov
https://www.justice.gov/epstein/files/DataSet 9/EFTA00642661.pdf,https://www.justice.gov/epstein/files/DataSet 9/EFTA00642661.mov
https://www.justice.gov/epstein/files/DataSet 9/EFTA00644284.pdf,https://www.justice.gov/epstein/files/DataSet 9/EFTA00644284.mov
https://www.justice.gov/epstein/files/DataSet 9/EFTA00646078.pdf,https://www.justice.gov/epstein/files/DataSet 9/EFTA00646078.mov
https://www.justice.gov/epstein/files/DataSet 9/EFTA00646759.pdf,https://www.justice.gov/epstein/files/DataSet 9/EFTA00646759.mov
https://www.justice.gov/epstein/files/DataSet 9/EFTA00648476.pdf,https://www.justice.gov/epstein/files/DataSet 9/EFTA00648476.mov
https://www.justice.gov/epstein/files/DataSet 9/EFTA00649294.pdf,https://www.justice.gov/epstein/files/DataSet 9/EFTA00649294.mov
https://www.justice.gov/epstein/files/DataSet 9/EFTA00649402.pdf,https://www.justice.gov/epstein/files/DataSet 9/EFTA00649402.mov
https://www.justice.gov/epstein/files/DataSet 9/EFTA00651601.pdf,https://www.justice.gov/epstein/files/DataSet 9/EFTA00651601.mov
https://www.justice.gov/epstein/files/DataSet 9/EFTA00651774.pdf,https://www.justice.gov/epstein/files/DataSet 9/EFTA00651774.mov
https://www.justice.gov/epstein/files/DataSet 9/EFTA00652639.pdf,https://www.justice.gov/epstein/files/DataSet 9/EFTA00652639.mov
https://www.justice.gov/epstein/files/DataSet 9/EFTA00654508.pdf,https://www.justice.gov/epstein/files/DataSet 9/EFTA00654508.mov
https://www.justice.gov/epstein/files/DataSet 9/EFTA00654737.pdf,https://www.justice.gov/epstein/files/DataSet 9/EFTA00654737.mov
https://www.justice.gov/epstein/files/DataSet 9/EFTA00654865.pdf,https://www.justice.gov/epstein/files/DataSet 9/EFTA00654865.mov
https://www.justice.gov/epstein/files/DataSet 9/EFTA00654904.pdf,https://www.justice.gov/epstein/files/DataSet 9/EFTA00654904.mov
https://www.justice.gov/epstein/files/DataSet 9/EFTA00656829.pdf,https://www.justice.gov/epstein/files/DataSet 9/EFTA00656829.mov
https://www.justice.gov/epstein/files/DataSet 9/EFTA00658526.pdf,https://www.justice.gov/epstein/files/DataSet 9/EFTA00658526.mov
https://www.justice.gov/epstein/files/DataSet 9/EFTA00661020.pdf,https://www.justice.gov/epstein/files/DataSet 9/EFTA00661020.mov
https://www.justice.gov/epstein/files/DataSet 9/EFTA00662888.pdf,https://www.justice.gov/epstein/files/DataSet 9/EFTA00662888.mov
https://www.justice.gov/epstein/files/DataSet 9/EFTA00663558.pdf,https://www.justice.gov/epstein/files/DataSet 9/EFTA00663558.mov
https://www.justice.gov/epstein/files/DataSet 9/EFTA00664861.pdf,https://www.justice.gov/epstein/files/DataSet 9/EFTA00664861.mov
https://www.justice.gov/epstein/files/DataSet 9/EFTA00665457.pdf,https://www.justice.gov/epstein/files/DataSet 9/EFTA00665457.mov
https://www.justice.gov/epstein/files/DataSet 9/EFTA00666473.pdf,https://www.justice.gov/epstein/files/DataSet 9/EFTA00666473.mov
https://www.justice.gov/epstein/files/DataSet 9/EFTA00668014.pdf,https://www.justice.gov/epstein/files/DataSet 9/EFTA00668014.mov
https://www.justice.gov/epstein/files/DataSet 9/EFTA00668832.pdf,https://www.justice.gov/epstein/files/DataSet 9/EFTA00668832.mov
https://www.justice.gov/epstein/files/DataSet 9/EFTA00670541.pdf,https://www.justice.gov/epstein/files/DataSet 9/EFTA00670541.mov
https://www.justice.gov/epstein/files/DataSet 9/EFTA00672814.pdf,https://www.justice.gov/epstein/files/DataSet 9/EFTA00672814.mov
https://www.justice.gov/epstein/files/DataSet 9/EFTA00674734.pdf,https://www.justice.gov/epstein/files/DataSet 9/EFTA00674734.mov
https://www.justice.gov/epstein/files/DataSet 9/EFTA00677152.pdf,https://www.justice.gov/epstein/files/DataSet 9/EFTA00677152.mov
https://www.justice.gov/epstein/files/DataSet 9/EFTA00678784.pdf,https://www.justice.gov/epstein/files/DataSet 9/EFTA00678784.mov
https://www.justice.gov/epstein/files/DataSet 9/EFTA00678810.pdf,https://www.justice.gov/epstein/files/DataSet 9/EFTA00678810.mov
https://www.justice.gov/epstein/files/DataSet 9/EFTA00679198.pdf,https://www.justice.gov/epstein/files/DataSet 9/EFTA00679198.mov
https://www.justice.gov/epstein/files/DataSet 9/EFTA00679886.pdf,https://www.justice.gov/epstein/files/DataSet 9/EFTA00679886.mov
https://www.justice.gov/epstein/files/DataSet 9/EFTA00686094.pdf,https://www.justice.gov/epstein/files/DataSet 9/EFTA00686094.mov
https://www.justice.gov/epstein/files/DataSet 9/EFTA00686325.pdf,https://www.justice.gov/epstein/files/DataSet 9/EFTA00686325.mov
https://www.justice.gov/epstein/files/DataSet 9/EFTA00688577.pdf,https://www.justice.gov/epstein/files/DataSet 9/EFTA00688577.mov
https://www.justice.gov/epstein/files/DataSet 9/EFTA00689032.pdf,https://www.justice.gov/epstein/files/DataSet 9/EFTA00689032.mov
https://www.justice.gov/epstein/files/DataSet 9/EFTA00689063.pdf,https://www.justice.gov/epstein/files/DataSet 9/EFTA00689063.mov
https://www.justice.gov/epstein/files/DataSet 9/EFTA00691037.pdf,https://www.justice.gov/epstein/files/DataSet 9/EFTA00691037.mov
https://www.justice.gov/epstein/files/DataSet 9/EFTA00691207.pdf,https://www.justice.gov/epstein/files/DataSet 9/EFTA00691207.mov
https://www.justice.gov/epstein/files/DataSet 9/EFTA00692515.pdf,https://www.justice.gov/epstein/files/DataSet 9/EFTA00692515.mov
https://www.justice.gov/epstein/files/DataSet 9/EFTA00694293.pdf,https://www.justice.gov/epstein/files/DataSet 9/EFTA00694293.mov
https://www.justice.gov/epstein/files/DataSet 9/EFTA00696541.pdf,https://www.justice.gov/epstein/files/DataSet 9/EFTA00696541.mov
https://www.justice.gov/epstein/files/DataSet 9/EFTA00696718.pdf,https://www.justice.gov/epstein/files/DataSet 9/EFTA00696718.mov
https://www.justice.gov/epstein/files/DataSet 9/EFTA00698816.pdf,https://www.justice.gov/epstein/files/DataSet 9/EFTA00698816.mov
https://www.justice.gov/epstein/files/DataSet 9/EFTA00699297.pdf,https://www.justice.gov/epstein/files/DataSet 9/EFTA00699297.mov
https://www.justice.gov/epstein/files/DataSet 9/EFTA00699628.pdf,https://www.justice.gov/epstein/files/DataSet 9/EFTA00699628.mov
https://www.justice.gov/epstein/files/DataSet 9/EFTA00702628.pdf,https://www.justice.gov/epstein/files/DataSet 9/EFTA00702628.mov
https://www.justice.gov/epstein/files/DataSet 9/EFTA00702645.pdf,https://www.justice.gov/epstein/files/DataSet 9/EFTA00702645.mov
https://www.justice.gov/epstein/files/DataSet 9/EFTA00704372.pdf,https://www.justice.gov/epstein/files/DataSet 9/EFTA00704372.mov
https://www.justice.gov/epstein/files/DataSet 9/EFTA00705826.pdf,https://www.justice.gov/epstein/files/DataSet 9/EFTA00705826.mov
https://www.justice.gov/epstein/files/DataSet 9/EFTA00706543.pdf,https://www.justice.gov/epstein/files/DataSet 9/EFTA00706543.mov
https://www.justice.gov/epstein/files/DataSet 9/EFTA00706923.pdf,https://www.justice.gov/epstein/files/DataSet 9/EFTA00706923.mov
https://www.justice.gov/epstein/files/DataSet 9/EFTA00708578.pdf,https://www.justice.gov/epstein/files/DataSet 9/EFTA00708578.mov
https://www.justice.gov/epstein/files/DataSet 9/EFTA00708972.pdf,https://www.justice.gov/epstein/files/DataSet 9/EFTA00708972.mov
https://www.justice.gov/epstein/files/DataSet 9/EFTA00710882.pdf,https://www.justice.gov/epstein/files/DataSet 9/EFTA00710882.mov
https://www.justice.gov/epstein/files/DataSet 9/EFTA00712122.pdf,https://www.justice.gov/epstein/files/DataSet 9/EFTA00712122.mov
https://www.justice.gov/epstein/files/DataSet 9/EFTA00714399.pdf,https://www.justice.gov/epstein/files/DataSet 9/EFTA00714399.mov
https://www.justice.gov/epstein/files/DataSet 9/EFTA00715215.pdf,https://www.justice.gov/epstein/files/DataSet 9/EFTA00715215.mov
https://www.justice.gov/epstein/files/DataSet 9/EFTA00715692.pdf,https://www.justice.gov/epstein/files/DataSet 9/EFTA00715692.mov
https://www.justice.gov/epstein/files/DataSet 9/EFTA00715702.pdf,https://www.justice.gov/epstein/files/DataSet 9/EFTA00715702.mov
https://www.justice.gov/epstein/files/DataSet 9/EFTA00715954.pdf,https://www.justice.gov/epstein/files/DataSet 9/EFTA00715954.mov
https://www.justice.gov/epstein/files/DataSet 9/EFTA00716290.pdf,https://www.justice.gov/epstein/files/DataSet 9/EFTA00716290.mov
https://www.justice.gov/epstein/files/DataSet 9/EFTA00716338.pdf,https://www.justice.gov/epstein/files/DataSet 9/EFTA00716338.mov
https://www.justice.gov/epstein/files/DataSet 9/EFTA00718505.pdf,https://www.justice.gov/epstein/files/DataSet 9/EFTA00718505.mov
https://www.justice.gov/epstein/files/DataSet 9/EFTA00719305.pdf,https://www.justice.gov/epstein/files/DataSet 9/EFTA00719305.mov
https://www.justice.gov/epstein/files/DataSet 9/EFTA00721983.pdf,https://www.justice.gov/epstein/files/DataSet 9/EFTA00721983.mov
https://www.justice.gov/epstein/files/DataSet 9/EFTA00722343.pdf,https://www.justice.gov/epstein/files/DataSet 9/EFTA00722343.mov
https://www.justice.gov/epstein/files/DataSet 9/EFTA00722913.pdf,https://www.justice.gov/epstein/files/DataSet 9/EFTA00722913.mov
https://www.justice.gov/epstein/files/DataSet 9/EFTA00723383.pdf,https://www.justice.gov/epstein/files/DataSet 9/EFTA00723383.mov
https://www.justice.gov/epstein/files/DataSet 9/EFTA00725146.pdf,https://www.justice.gov/epstein/files/DataSet 9/EFTA00725146.mov
https://www.justice.gov/epstein/files/DataSet 9/EFTA00725455.pdf,https://www.justice.gov/epstein/files/DataSet 9/EFTA00725455.mov
https://www.justice.gov/epstein/files/DataSet 9/EFTA00725760.pdf,https://www.justice.gov/epstein/files/DataSet 9/EFTA00725760.mov
https://www.justice.gov/epstein/files/DataSet 9/EFTA00726513.pdf,https://www.justice.gov/epstein/files/DataSet 9/EFTA00726513.mov
https://www.justice.gov/epstein/files/DataSet 9/EFTA00726612.pdf,https://www.justice.gov/epstein/files/DataSet 9/EFTA00726612.mov
https://www.justice.gov/epstein/files/DataSet 9/EFTA00727526.pdf,https://www.justice.gov/epstein/files/DataSet 9/EFTA00727526.mov
https://www.justice.gov/epstein/files/DataSet 9/EFTA00727738.pdf,https://www.justice.gov/epstein/files/DataSet 9/EFTA00727738.mov
https://www.justice.gov/epstein/files/DataSet 9/EFTA00728493.pdf,https://www.justice.gov/epstein/files/DataSet 9/EFTA00728493.mov
https://www.justice.gov/epstein/files/DataSet 9/EFTA00728833.pdf,https://www.justice.gov/epstein/files/DataSet 9/EFTA00728833.mov
https://www.justice.gov/epstein/files/DataSet 9/EFTA00729216.pdf,https://www.justice.gov/epstein/files/DataSet 9/EFTA00729216.mov
https://www.justice.gov/epstein/files/DataSet 9/EFTA00731497.pdf,https://www.justice.gov/epstein/files/DataSet 9/EFTA00731497.mov
https://www.justice.gov/epstein/files/DataSet 9/EFTA00731890.pdf,https://www.justice.gov/epstein/files/DataSet 9/EFTA00731890.mov
https://www.justice.gov/epstein/files/DataSet 9/EFTA00732467.pdf,https://www.justice.gov/epstein/files/DataSet 9/EFTA00732467.mov
https://www.justice.gov/epstein/files/DataSet 9/EFTA00734333.pdf,https://www.justice.gov/epstein/files/DataSet 9/EFTA00734333.mov
https://www.justice.gov/epstein/files/DataSet 9/EFTA00734901.pdf,https://www.justice.gov/epstein/files/DataSet 9/EFTA00734901.mov
https://www.justice.gov/epstein/files/DataSet 9/EFTA00735670.pdf,https://www.justice.gov/epstein/files/DataSet 9/EFTA00735670.mov
https://www.justice.gov/epstein/files/DataSet 9/EFTA00735903.pdf,https://www.justice.gov/epstein/files/DataSet 9/EFTA00735903.mov
https://www.justice.gov/epstein/files/DataSet 9/EFTA00737182.pdf,https://www.justice.gov/epstein/files/DataSet 9/EFTA00737182.mov
https://www.justice.gov/epstein/files/DataSet 9/EFTA00739793.pdf,https://www.justice.gov/epstein/files/DataSet 9/EFTA00739793.mov
https://www.justice.gov/epstein/files/DataSet 9/EFTA00740204.pdf,https://www.justice.gov/epstein/files/DataSet 9/EFTA00740204.mov
https://www.justice.gov/epstein/files/DataSet 9/EFTA00740713.pdf,https://www.justice.gov/epstein/files/DataSet 9/EFTA00740713.mov
https://www.justice.gov/epstein/files/DataSet 9/EFTA00741293.pdf,https://www.justice.gov/epstein/files/DataSet 9/EFTA00741293.mov
https://www.justice.gov/epstein/files/DataSet 9/EFTA00741595.pdf,https://www.justice.gov/epstein/files/DataSet 9/EFTA00741595.mov
https://www.justice.gov/epstein/files/DataSet 9/EFTA00746532.pdf,https://www.justice.gov/epstein/files/DataSet 9/EFTA00746532.mov
https://www.justice.gov/epstein/files/DataSet 9/EFTA00748698.pdf,https://www.justice.gov/epstein/files/DataSet 9/EFTA00748698.mov
https://www.justice.gov/epstein/files/DataSet 9/EFTA00748853.pdf,https://www.justice.gov/epstein/files/DataSet 9/EFTA00748853.mov
https://www.justice.gov/epstein/files/DataSet 9/EFTA00751048.pdf,https://www.justice.gov/epstein/files/DataSet 9/EFTA00751048.mov
https://www.justice.gov/epstein/files/DataSet 9/EFTA00751361.pdf,https://www.justice.gov/epstein/files/DataSet 9/EFTA00751361.mov
https://www.justice.gov/epstein/files/DataSet 9/EFTA00751725.pdf,https://www.justice.gov/epstein/files/DataSet 9/EFTA00751725.mov
https://www.justice.gov/epstein/files/DataSet 9/EFTA00753223.pdf,https://www.justice.gov/epstein/files/DataSet 9/EFTA00753223.mov
https://www.justice.gov/epstein/files/DataSet 9/EFTA00753356.pdf,https://www.justice.gov/epstein/files/DataSet 9/EFTA00753356.mov
https://www.justice.gov/epstein/files/DataSet 9/EFTA00753570.pdf,https://www.justice.gov/epstein/files/DataSet 9/EFTA00753570.mov
https://www.justice.gov/epstein/files/DataSet 9/EFTA00754633.pdf,https://www.justice.gov/epstein/files/DataSet 9/EFTA00754633.mov
https://www.justice.gov/epstein/files/DataSet 9/EFTA00755023.pdf,https://www.justice.gov/epstein/files/DataSet 9/EFTA00755023.mov
https://www.justice.gov/epstein/files/DataSet 9/EFTA00755272.pdf,https://www.justice.gov/epstein/files/DataSet 9/EFTA00755272.mov
https://www.justice.gov/epstein/files/DataSet 9/EFTA00756577.pdf,https://www.justice.gov/epstein/files/DataSet 9/EFTA00756577.mov
https://www.justice.gov/epstein/files/DataSet 9/EFTA00760392.pdf,https://www.justice.gov/epstein/files/DataSet 9/EFTA00760392.mov
https://www.justice.gov/epstein/files/DataSet 9/EFTA00761237.pdf,https://www.justice.gov/epstein/files/DataSet 9/EFTA00761237.mov
https://www.justice.gov/epstein/files/DataSet 9/EFTA00763432.pdf,https://www.justice.gov/epstein/files/DataSet 9/EFTA00763432.mov
https://www.justice.gov/epstein/files/DataSet 9/EFTA00763548.pdf,https://www.justice.gov/epstein/files/DataSet 9/EFTA00763548.mov
https://www.justice.gov/epstein/files/DataSet 9/EFTA00764191.pdf,https://www.justice.gov/epstein/files/DataSet 9/EFTA00764191.mov
https://www.justice.gov/epstein/files/DataSet 9/EFTA00764718.pdf,https://www.justice.gov/epstein/files/DataSet 9/EFTA00764718.mov
https://www.justice.gov/epstein/files/DataSet 9/EFTA00764906.pdf,https://www.justice.gov/epstein/files/DataSet 9/EFTA00764906.mov
https://www.justice.gov/epstein/files/DataSet 9/EFTA00767221.pdf,https://www.justice.gov/epstein/files/DataSet 9/EFTA00767221.mov
https://www.justice.gov/epstein/files/DataSet 9/EFTA00767341.pdf,https://www.justice.gov/epstein/files/DataSet 9/EFTA00767341.mov
https://www.justice.gov/epstein/files/DataSet 9/EFTA00768193.pdf,https://www.justice.gov/epstein/files/DataSet 9/EFTA00768193.mov
https://www.justice.gov/epstein/files/DataSet 9/EFTA00768335.pdf,https://www.justice.gov/epstein/files/DataSet 9/EFTA00768335.mov
https://www.justice.gov/epstein/files/DataSet 9/EFTA00768488.pdf,https://www.justice.gov/epstein/files/DataSet 9/EFTA00768488.mov
https://www.justice.gov/epstein/files/DataSet 9/EFTA00769465.pdf,https://www.justice.gov/epstein/files/DataSet 9/EFTA00769465.mov
https://www.justice.gov/epstein/files/DataSet 9/EFTA00769919.pdf,https://www.justice.gov/epstein/files/DataSet 9/EFTA00769919.mov
https://www.justice.gov/epstein/files/DataSet 9/EFTA00770380.pdf,https://www.justice.gov/epstein/files/DataSet 9/EFTA00770380.mov
https://www.justice.gov/epstein/files/DataSet 9/EFTA00771283.pdf,https://www.justice.gov/epstein/files/DataSet 9/EFTA00771283.mov
https://www.justice.gov/epstein/files/DataSet 9/EFTA00771284.pdf,https://www.justice.gov/epstein/files/DataSet 9/EFTA00771284.mov
https://www.justice.gov/epstein/files/DataSet 9/EFTA00771907.pdf,https://www.justice.gov/epstein/files/DataSet 9/EFTA00771907.mov
https://www.justice.gov/epstein/files/DataSet 9/EFTA00771910.pdf,https://www.justice.gov/epstein/files/DataSet 9/EFTA00771910.mov
https://www.justice.gov/epstein/files/DataSet 9/EFTA00772445.pdf,https://www.justice.gov/epstein/files/DataSet 9/EFTA00772445.mov
https://www.justice.gov/epstein/files/DataSet 9/EFTA00773266.pdf,https://www.justice.gov/epstein/files/DataSet 9/EFTA00773266.mov
https://www.justice.gov/epstein/files/DataSet 9/EFTA00773486.pdf,https://www.justice.gov/epstein/files/DataSet 9/EFTA00773486.mov
https://www.justice.gov/epstein/files/DataSet 9/EFTA00774003.pdf,https://www.justice.gov/epstein/files/DataSet 9/EFTA00774003.mov
https://www.justice.gov/epstein/files/DataSet 9/EFTA00774119.pdf,https://www.justice.gov/epstein/files/DataSet 9/EFTA00774119.mov
https://www.justice.gov/epstein/files/DataSet 9/EFTA00774229.pdf,https://www.justice.gov/epstein/files/DataSet 9/EFTA00774229.mov
https://www.justice.gov/epstein/files/DataSet 9/EFTA00774780.pdf,https://www.justice.gov/epstein/files/DataSet 9/EFTA00774780.mov
https://www.justice.gov/epstein/files/DataSet 9/EFTA00775439.pdf,https://www.justice.gov/epstein/files/DataSet 9/EFTA00775439.mov
https://www.justice.gov/epstein/files/DataSet 9/EFTA00775463.pdf,https://www.justice.gov/epstein/files/DataSet 9/EFTA00775463.mov
https://www.justice.gov/epstein/files/DataSet 9/EFTA00777849.pdf,https://www.justice.gov/epstein/files/DataSet 9/EFTA00777849.mov
https://www.justice.gov/epstein/files/DataSet 9/EFTA00777930.pdf,https://www.justice.gov/epstein/files/DataSet 9/EFTA00777930.mov
https://www.justice.gov/epstein/files/DataSet 9/EFTA00778138.pdf,https://www.justice.gov/epstein/files/DataSet 9/EFTA00778138.mov
https://www.justice.gov/epstein/files/DataSet 9/EFTA00779674.pdf,https://www.justice.gov/epstein/files/DataSet 9/EFTA00779674.mov
https://www.justice.gov/epstein/files/DataSet 9/EFTA00780001.pdf,https://www.justice.gov/epstein/files/DataSet 9/EFTA00780001.mov
https://www.justice.gov/epstein/files/DataSet 9/EFTA00780240.pdf,https://www.justice.gov/epstein/files/DataSet 9/EFTA00780240.mov
https://www.justice.gov/epstein/files/DataSet 9/EFTA00781672.pdf,https://www.justice.gov/epstein/files/DataSet 9/EFTA00781672.mov
https://www.justice.gov/epstein/files/DataSet 9/EFTA00784608.pdf,https://www.justice.gov/epstein/files/DataSet 9/EFTA00784608.mov
https://www.justice.gov/epstein/files/DataSet 9/EFTA00785903.pdf,https://www.justice.gov/epstein/files/DataSet 9/EFTA00785903.mov
https://www.justice.gov/epstein/files/DataSet 9/EFTA00785920.pdf,https://www.justice.gov/epstein/files/DataSet 9/EFTA00785920.mov
https://www.justice.gov/epstein/files/DataSet 9/EFTA00787643.pdf,https://www.justice.gov/epstein/files/DataSet 9/EFTA00787643.mov
https://www.justice.gov/epstein/files/DataSet 9/EFTA00787682.pdf,https://www.justice.gov/epstein/files/DataSet 9/EFTA00787682.mov
https://www.justice.gov/epstein/files/DataSet 9/EFTA00788029.pdf,https://www.justice.gov/epstein/files/DataSet 9/EFTA00788029.mov
https://www.justice.gov/epstein/files/DataSet 9/EFTA00792612.pdf,https://www.justice.gov/epstein/files/DataSet 9/EFTA00792612.mov
https://www.justice.gov/epstein/files/DataSet 9/EFTA00794332.pdf,https://www.justice.gov/epstein/files/DataSet 9/EFTA00794332.mov
https://www.justice.gov/epstein/files/DataSet 9/EFTA00795125.pdf,https://www.justice.gov/epstein/files/DataSet 9/EFTA00795125.mov
https://www.justice.gov/epstein/files/DataSet 9/EFTA00795999.pdf,https://www.justice.gov/epstein/files/DataSet 9/EFTA00795999.mov
https://www.justice.gov/epstein/files/DataSet 9/EFTA00797032.pdf,https://www.justice.gov/epstein/files/DataSet 9/EFTA00797032.mov
https://www.justice.gov/epstein/files/DataSet 9/EFTA00798206.pdf,https://www.justice.gov/epstein/files/DataSet 9/EFTA00798206.mov
https://www.justice.gov/epstein/files/DataSet 9/EFTA00798906.pdf,https://www.justice.gov/epstein/files/DataSet 9/EFTA00798906.mov
https://www.justice.gov/epstein/files/DataSet 9/EFTA00799375.pdf,https://www.justice.gov/epstein/files/DataSet 9/EFTA00799375.mov
https://www.justice.gov/epstein/files/DataSet 9/EFTA00799458.pdf,https://www.justice.gov/epstein/files/DataSet 9/EFTA00799458.mov
https://www.justice.gov/epstein/files/DataSet 9/EFTA00800456.pdf,https://www.justice.gov/epstein/files/DataSet 9/EFTA00800456.mov
https://www.justice.gov/epstein/files/DataSet 9/EFTA00804096.pdf,https://www.justice.gov/epstein/files/DataSet 9/EFTA00804096.mov
https://www.justice.gov/epstein/files/DataSet 9/EFTA00807681.pdf,https://www.justice.gov/epstein/files/DataSet 9/EFTA00807681.mov
https://www.justice.gov/epstein/files/DataSet 9/EFTA00807717.pdf,https://www.justice.gov/epstein/files/DataSet 9/EFTA00807717.mov
https://www.justice.gov/epstein/files/DataSet 9/EFTA00807737.pdf,https://www.justice.gov/epstein/files/DataSet 9/EFTA00807737.mov
https://www.justice.gov/epstein/files/DataSet 9/EFTA00808732.pdf,https://www.justice.gov/epstein/files/DataSet 9/EFTA00808732.mov
https://www.justice.gov/epstein/files/DataSet 9/EFTA00809804.pdf,https://www.justice.gov/epstein/files/DataSet 9/EFTA00809804.mov
https://www.justice.gov/epstein/files/DataSet 9/EFTA00810474.pdf,https://www.justice.gov/epstein/files/DataSet 9/EFTA00810474.mov
https://www.justice.gov/epstein/files/DataSet 9/EFTA00811269.pdf,https://www.justice.gov/epstein/files/DataSet 9/EFTA00811269.mov
https://www.justice.gov/epstein/files/DataSet 9/EFTA00811658.pdf,https://www.justice.gov/epstein/files/DataSet 9/EFTA00811658.mov
https://www.justice.gov/epstein/files/DataSet 9/EFTA00812315.pdf,https://www.justice.gov/epstein/files/DataSet 9/EFTA00812315.mov
https://www.justice.gov/epstein/files/DataSet 9/EFTA00813052.pdf,https://www.justice.gov/epstein/files/DataSet 9/EFTA00813052.mov
https://www.justice.gov/epstein/files/DataSet 9/EFTA00814042.pdf,https://www.justice.gov/epstein/files/DataSet 9/EFTA00814042.mov
https://www.justice.gov/epstein/files/DataSet 9/EFTA00815575.pdf,https://www.justice.gov/epstein/files/DataSet 9/EFTA00815575.mov
https://www.justice.gov/epstein/files/DataSet 9/EFTA00816049.pdf,https://www.justice.gov/epstein/files/DataSet 9/EFTA00816049.mov
https://www.justice.gov/epstein/files/DataSet 9/EFTA00816235.pdf,https://www.justice.gov/epstein/files/DataSet 9/EFTA00816235.mov
https://www.justice.gov/epstein/files/DataSet 9/EFTA00816763.pdf,https://www.justice.gov/epstein/files/DataSet 9/EFTA00816763.mov
https://www.justice.gov/epstein/files/DataSet 9/EFTA00817110.pdf,https://www.justice.gov/epstein/files/DataSet 9/EFTA00817110.mov
https://www.justice.gov/epstein/files/DataSet 9/EFTA00821877.pdf,https://www.justice.gov/epstein/files/DataSet 9/EFTA00821877.mov
https://www.justice.gov/epstein/files/DataSet 9/EFTA00823143.pdf,https://www.justice.gov/epstein/files/DataSet 9/EFTA00823143.mov
https://www.justice.gov/epstein/files/DataSet 9/EFTA00823176.pdf,https://www.justice.gov/epstein/files/DataSet 9/EFTA00823176.mov
https://www.justice.gov/epstein/files/DataSet 9/EFTA00823281.pdf,https://www.justice.gov/epstein/files/DataSet 9/EFTA00823281.mov
https://www.justice.gov/epstein/files/DataSet 9/EFTA00828683.pdf,https://www.justice.gov/epstein/files/DataSet 9/EFTA00828683.mov
https://www.justice.gov/epstein/files/DataSet 9/EFTA00829947.pdf,https://www.justice.gov/epstein/files/DataSet 9/EFTA00829947.mov
https://www.justice.gov/epstein/files/DataSet 9/EFTA00831379.pdf,https://www.justice.gov/epstein/files/DataSet 9/EFTA00831379.mov
https://www.justice.gov/epstein/files/DataSet 9/EFTA00834847.pdf,https://www.justice.gov/epstein/files/DataSet 9/EFTA00834847.mov
https://www.justice.gov/epstein/files/DataSet 9/EFTA00836182.pdf,https://www.justice.gov/epstein/files/DataSet 9/EFTA00836182.mov
https://www.justice.gov/epstein/files/DataSet 9/EFTA00838214.pdf,https://www.justice.gov/epstein/files/DataSet 9/EFTA00838214.mov
https://www.justice.gov/epstein/files/DataSet 9/EFTA00842119.pdf,https://www.justice.gov/epstein/files/DataSet 9/EFTA00842119.mov
https://www.justice.gov/epstein/files/DataSet 9/EFTA00845243.pdf,https://www.justice.gov/epstein/files/DataSet 9/EFTA00845243.mov
https://www.justice.gov/epstein/files/DataSet 9/EFTA00845857.pdf,https://www.justice.gov/epstein/files/DataSet 9/EFTA00845857.mov
https://www.justice.gov/epstein/files/DataSet 9/EFTA00846091.pdf,https://www.justice.gov/epstein/files/DataSet 9/EFTA00846091.mov
https://www.justice.gov/epstein/files/DataSet 9/EFTA00846819.pdf,https://www.justice.gov/epstein/files/DataSet 9/EFTA00846819.mov
https://www.justice.gov/epstein/files/DataSet 9/EFTA00848933.pdf,https://www.justice.gov/epstein/files/DataSet 9/EFTA00848933.mov
https://www.justice.gov/epstein/files/DataSet 9/EFTA00851202.pdf,https://www.justice.gov/epstein/files/DataSet 9/EFTA00851202.mov
https://www.justice.gov/epstein/files/DataSet 9/EFTA00855426.pdf,https://www.justice.gov/epstein/files/DataSet 9/EFTA00855426.mov
https://www.justice.gov/epstein/files/DataSet 9/EFTA00856067.pdf,https://www.justice.gov/epstein/files/DataSet 9/EFTA00856067.mov
https://www.justice.gov/epstein/files/DataSet 9/EFTA00857163.pdf,https://www.justice.gov/epstein/files/DataSet 9/EFTA00857163.mov
https://www.justice.gov/epstein/files/DataSet 9/EFTA00861829.pdf,https://www.justice.gov/epstein/files/DataSet 9/EFTA00861829.mov
https://www.justice.gov/epstein/files/DataSet 9/EFTA00861903.pdf,https://www.justice.gov/epstein/files/DataSet 9/EFTA00861903.mov
https://www.justice.gov/epstein/files/DataSet 9/EFTA00863434.pdf,https://www.justice.gov/epstein/files/DataSet 9/EFTA00863434.mov
https://www.justice.gov/epstein/files/DataSet 9/EFTA00865025.pdf,https://www.justice.gov/epstein/files/DataSet 9/EFTA00865025.mov
https://www.justice.gov/epstein/files/DataSet 9/EFTA00865714.pdf,https://www.justice.gov/epstein/files/DataSet 9/EFTA00865714.mov
https://www.justice.gov/epstein/files/DataSet 9/EFTA00865859.pdf,https://www.justice.gov/epstein/files/DataSet 9/EFTA00865859.mov
https://www.justice.gov/epstein/files/DataSet 9/EFTA00866081.pdf,https://www.justice.gov/epstein/files/DataSet 9/EFTA00866081.mov
https://www.justice.gov/epstein/files/DataSet 9/EFTA00867184.pdf,https://www.justice.gov/epstein/files/DataSet 9/EFTA00867184.mov
https://www.justice.gov/epstein/files/DataSet 9/EFTA00867292.pdf,https://www.justice.gov/epstein/files/DataSet 9/EFTA00867292.mov
https://www.justice.gov/epstein/files/DataSet 9/EFTA00868342.pdf,https://www.justice.gov/epstein/files/DataSet 9/EFTA00868342.mov
https://www.justice.gov/epstein/files/DataSet 9/EFTA00868939.pdf,https://www.justice.gov/epstein/files/DataSet 9/EFTA00868939.mov
https://www.justice.gov/epstein/files/DataSet 9/EFTA00869881.pdf,https://www.justice.gov/epstein/files/DataSet 9/EFTA00869881.mov
https://www.justice.gov/epstein/files/DataSet 9/EFTA00870315.pdf,https://www.justice.gov/epstein/files/DataSet 9/EFTA00870315.mov
https://www.justice.gov/epstein/files/DataSet 9/EFTA00870483.pdf,https://www.justice.gov/epstein/files/DataSet 9/EFTA00870483.mov
https://www.justice.gov/epstein/files/DataSet 9/EFTA00873481.pdf,https://www.justice.gov/epstein/files/DataSet 9/EFTA00873481.mov
https://www.justice.gov/epstein/files/DataSet 9/EFTA00874091.pdf,https://www.justice.gov/epstein/files/DataSet 9/EFTA00874091.mov
https://www.justice.gov/epstein/files/DataSet 9/EFTA00874534.pdf,https://www.justice.gov/epstein/files/DataSet 9/EFTA00874534.mov
https://www.justice.gov/epstein/files/DataSet 9/EFTA00874888.pdf,https://www.justice.gov/epstein/files/DataSet 9/EFTA00874888.mov
https://www.justice.gov/epstein/files/DataSet 9/EFTA00874921.pdf,https://www.justice.gov/epstein/files/DataSet 9/EFTA00874921.mov
https://www.justice.gov/epstein/files/DataSet 9/EFTA00874931.pdf,https://www.justice.gov/epstein/files/DataSet 9/EFTA00874931.mov
https://www.justice.gov/epstein/files/DataSet 9/EFTA00874938.pdf,https://www.justice.gov/epstein/files/DataSet 9/EFTA00874938.mov
https://www.justice.gov/epstein/files/DataSet 9/EFTA00877096.pdf,https://www.justice.gov/epstein/files/DataSet 9/EFTA00877096.mov
https://www.justice.gov/epstein/files/DataSet 9/EFTA00878612.pdf,https://www.justice.gov/epstein/files/DataSet 9/EFTA00878612.mov
https://www.justice.gov/epstein/files/DataSet 9/EFTA00883788.pdf,https://www.justice.gov/epstein/files/DataSet 9/EFTA00883788.mov
https://www.justice.gov/epstein/files/DataSet 9/EFTA00884985.pdf,https://www.justice.gov/epstein/files/DataSet 9/EFTA00884985.mov
https://www.justice.gov/epstein/files/DataSet 9/EFTA00887661.pdf,https://www.justice.gov/epstein/files/DataSet 9/EFTA00887661.mov
https://www.justice.gov/epstein/files/DataSet 9/EFTA00888781.pdf,https://www.justice.gov/epstein/files/DataSet 9/EFTA00888781.mov
https://www.justice.gov/epstein/files/DataSet 9/EFTA00889095.pdf,https://www.justice.gov/epstein/files/DataSet 9/EFTA00889095.mov
https://www.justice.gov/epstein/files/DataSet 9/EFTA00890163.pdf,https://www.justice.gov/epstein/files/DataSet 9/EFTA00890163.mov
https://www.justice.gov/epstein/files/DataSet 9/EFTA00894850.pdf,https://www.justice.gov/epstein/files/DataSet 9/EFTA00894850.mov
https://www.justice.gov/epstein/files/DataSet 9/EFTA00895731.pdf,https://www.justice.gov/epstein/files/DataSet 9/EFTA00895731.mov
https://www.justice.gov/epstein/files/DataSet 9/EFTA00896100.pdf,https://www.justice.gov/epstein/files/DataSet 9/EFTA00896100.mov
https://www.justice.gov/epstein/files/DataSet 9/EFTA00898345.pdf,https://www.justice.gov/epstein/files/DataSet 9/EFTA00898345.mov
https://www.justice.gov/epstein/files/DataSet 9/EFTA00900851.pdf,https://www.justice.gov/epstein/files/DataSet 9/EFTA00900851.mov
https://www.justice.gov/epstein/files/DataSet 9/EFTA00901148.pdf,https://www.justice.gov/epstein/files/DataSet 9/EFTA00901148.mov
https://www.justice.gov/epstein/files/DataSet 9/EFTA00901915.pdf,https://www.justice.gov/epstein/files/DataSet 9/EFTA00901915.mov
https://www.justice.gov/epstein/files/DataSet 9/EFTA00902074.pdf,https://www.justice.gov/epstein/files/DataSet 9/EFTA00902074.mov
https://www.justice.gov/epstein/files/DataSet 9/EFTA00903432.pdf,https://www.justice.gov/epstein/files/DataSet 9/EFTA00903432.mov
https://www.justice.gov/epstein/files/DataSet 9/EFTA00905066.pdf,https://www.justice.gov/epstein/files/DataSet 9/EFTA00905066.mov
https://www.justice.gov/epstein/files/DataSet 9/EFTA00906359.pdf,https://www.justice.gov/epstein/files/DataSet 9/EFTA00906359.mov
https://www.justice.gov/epstein/files/DataSet 9/EFTA00906683.pdf,https://www.justice.gov/epstein/files/DataSet 9/EFTA00906683.mov
https://www.justice.gov/epstein/files/DataSet 9/EFTA00907247.pdf,https://www.justice.gov/epstein/files/DataSet 9/EFTA00907247.mov
https://www.justice.gov/epstein/files/DataSet 9/EFTA00907572.pdf,https://www.justice.gov/epstein/files/DataSet 9/EFTA00907572.mov
https://www.justice.gov/epstein/files/DataSet 9/EFTA00908230.pdf,https://www.justice.gov/epstein/files/DataSet 9/EFTA00908230.mov
https://www.justice.gov/epstein/files/DataSet 9/EFTA00908251.pdf,https://www.justice.gov/epstein/files/DataSet 9/EFTA00908251.mov
https://www.justice.gov/epstein/files/DataSet 9/EFTA00908529.pdf,https://www.justice.gov/epstein/files/DataSet 9/EFTA00908529.mov
https://www.justice.gov/epstein/files/DataSet 9/EFTA00909869.pdf,https://www.justice.gov/epstein/files/DataSet 9/EFTA00909869.mov
https://www.justice.gov/epstein/files/DataSet 9/EFTA00910367.pdf,https://www.justice.gov/epstein/files/DataSet 9/EFTA00910367.mov
https://www.justice.gov/epstein/files/DataSet 9/EFTA00911438.pdf,https://www.justice.gov/epstein/files/DataSet 9/EFTA00911438.mov
https://www.justice.gov/epstein/files/DataSet 9/EFTA00912771.pdf,https://www.justice.gov/epstein/files/DataSet 9/EFTA00912771.mov
https://www.justice.gov/epstein/files/DataSet 9/EFTA00912772.pdf,https://www.justice.gov/epstein/files/DataSet 9/EFTA00912772.mov
https://www.justice.gov/epstein/files/DataSet 9/EFTA00912865.pdf,https://www.justice.gov/epstein/files/DataSet 9/EFTA00912865.mov
https://www.justice.gov/epstein/files/DataSet 9/EFTA00913309.pdf,https://www.justice.gov/epstein/files/DataSet 9/EFTA00913309.mov
https://www.justice.gov/epstein/files/DataSet 9/EFTA00914203.pdf,https://www.justice.gov/epstein/files/DataSet 9/EFTA00914203.mov
https://www.justice.gov/epstein/files/DataSet 9/EFTA00914500.pdf,https://www.justice.gov/epstein/files/DataSet 9/EFTA00914500.mov
https://www.justice.gov/epstein/files/DataSet 9/EFTA00916408.pdf,https://www.justice.gov/epstein/files/DataSet 9/EFTA00916408.mov
https://www.justice.gov/epstein/files/DataSet 9/EFTA00918891.pdf,https://www.justice.gov/epstein/files/DataSet 9/EFTA00918891.mov
https://www.justice.gov/epstein/files/DataSet 9/EFTA00919385.pdf,https://www.justice.gov/epstein/files/DataSet 9/EFTA00919385.mov
https://www.justice.gov/epstein/files/DataSet 9/EFTA00919806.pdf,https://www.justice.gov/epstein/files/DataSet 9/EFTA00919806.mov
https://www.justice.gov/epstein/files/DataSet 9/EFTA00920955.pdf,https://www.justice.gov/epstein/files/DataSet 9/EFTA00920955.mov
https://www.justice.gov/epstein/files/DataSet 9/EFTA00922768.pdf,https://www.justice.gov/epstein/files/DataSet 9/EFTA00922768.mov
https://www.justice.gov/epstein/files/DataSet 9/EFTA00922801.pdf,https://www.justice.gov/epstein/files/DataSet 9/EFTA00922801.mov
https://www.justice.gov/epstein/files/DataSet 9/EFTA00924997.pdf,https://www.justice.gov/epstein/files/DataSet 9/EFTA00924997.mov
https://www.justice.gov/epstein/files/DataSet 9/EFTA00927060.pdf,https://www.justice.gov/epstein/files/DataSet 9/EFTA00927060.mov
https://www.justice.gov/epstein/files/DataSet 9/EFTA00927946.pdf,https://www.justice.gov/epstein/files/DataSet 9/EFTA00927946.mov
https://www.justice.gov/epstein/files/DataSet 9/EFTA00929535.pdf,https://www.justice.gov/epstein/files/DataSet 9/EFTA00929535.mov
https://www.justice.gov/epstein/files/DataSet 9/EFTA00933413.pdf,https://www.justice.gov/epstein/files/DataSet 9/EFTA00933413.mov
https://www.justice.gov/epstein/files/DataSet 9/EFTA00934296.pdf,https://www.justice.gov/epstein/files/DataSet 9/EFTA00934296.mov
https://www.justice.gov/epstein/files/DataSet 9/EFTA00934460.pdf,https://www.justice.gov/epstein/files/DataSet 9/EFTA00934460.mov
https://www.justice.gov/epstein/files/DataSet 9/EFTA00935522.pdf,https://www.justice.gov/epstein/files/DataSet 9/EFTA00935522.mov
https://www.justice.gov/epstein/files/DataSet 9/EFTA00936350.pdf,https://www.justice.gov/epstein/files/DataSet 9/EFTA00936350.mov
https://www.justice.gov/epstein/files/DataSet 9/EFTA00936705.pdf,https://www.justice.gov/epstein/files/DataSet 9/EFTA00936705.mov
https://www.justice.gov/epstein/files/DataSet 9/EFTA00940374.pdf,https://www.justice.gov/epstein/files/DataSet 9/EFTA00940374.mov
https://www.justice.gov/epstein/files/DataSet 9/EFTA00941072.pdf,https://www.justice.gov/epstein/files/DataSet 9/EFTA00941072.mov
https://www.justice.gov/epstein/files/DataSet 9/EFTA00944762.pdf,https://www.justice.gov/epstein/files/DataSet 9/EFTA00944762.mov
https://www.justice.gov/epstein/files/DataSet 9/EFTA00944763.pdf,https://www.justice.gov/epstein/files/DataSet 9/EFTA00944763.mov
https://www.justice.gov/epstein/files/DataSet 9/EFTA00947894.pdf,https://www.justice.gov/epstein/files/DataSet 9/EFTA00947894.mov
https://www.justice.gov/epstein/files/DataSet 9/EFTA00948091.pdf,https://www.justice.gov/epstein/files/DataSet 9/EFTA00948091.mov
https://www.justice.gov/epstein/files/DataSet 9/EFTA00951986.pdf,https://www.justice.gov/epstein/files/DataSet 9/EFTA00951986.mov
https://www.justice.gov/epstein/files/DataSet 9/EFTA00953863.pdf,https://www.justice.gov/epstein/files/DataSet 9/EFTA00953863.mov
https://www.justice.gov/epstein/files/DataSet 9/EFTA00954206.pdf,https://www.justice.gov/epstein/files/DataSet 9/EFTA00954206.mov
https://www.justice.gov/epstein/files/DataSet 9/EFTA00955047.pdf,https://www.justice.gov/epstein/files/DataSet 9/EFTA00955047.mov
https://www.justice.gov/epstein/files/DataSet 9/EFTA00955150.pdf,https://www.justice.gov/epstein/files/DataSet 9/EFTA00955150.mov
https://www.justice.gov/epstein/files/DataSet 9/EFTA00955154.pdf,https://www.justice.gov/epstein/files/DataSet 9/EFTA00955154.mov
https://www.justice.gov/epstein/files/DataSet 9/EFTA00955214.pdf,https://www.justice.gov/epstein/files/DataSet 9/EFTA00955214.mov
https://www.justice.gov/epstein/files/DataSet 9/EFTA00955530.pdf,https://www.justice.gov/epstein/files/DataSet 9/EFTA00955530.mov
https://www.justice.gov/epstein/files/DataSet 9/EFTA00956810.pdf,https://www.justice.gov/epstein/files/DataSet 9/EFTA00956810.mov
https://www.justice.gov/epstein/files/DataSet 9/EFTA00957120.pdf,https://www.justice.gov/epstein/files/DataSet 9/EFTA00957120.mov
https://www.justice.gov/epstein/files/DataSet 9/EFTA00957994.pdf,https://www.justice.gov/epstein/files/DataSet 9/EFTA00957994.mov
https://www.justice.gov/epstein/files/DataSet 9/EFTA00960418.pdf,https://www.justice.gov/epstein/files/DataSet 9/EFTA00960418.mov
https://www.justice.gov/epstein/files/DataSet 9/EFTA00961471.pdf,https://www.justice.gov/epstein/files/DataSet 9/EFTA00961471.mov
https://www.justice.gov/epstein/files/DataSet 9/EFTA00962340.pdf,https://www.justice.gov/epstein/files/DataSet 9/EFTA00962340.mov
https://www.justice.gov/epstein/files/DataSet 9/EFTA00963893.pdf,https://www.justice.gov/epstein/files/DataSet 9/EFTA00963893.mov
https://www.justice.gov/epstein/files/DataSet 9/EFTA00964310.pdf,https://www.justice.gov/epstein/files/DataSet 9/EFTA00964310.mov
https://www.justice.gov/epstein/files/DataSet 9/EFTA00967615.pdf,https://www.justice.gov/epstein/files/DataSet 9/EFTA00967615.mov
https://www.justice.gov/epstein/files/DataSet 9/EFTA00971103.pdf,https://www.justice.gov/epstein/files/DataSet 9/EFTA00971103.mov
https://www.justice.gov/epstein/files/DataSet 9/EFTA00971583.pdf,https://www.justice.gov/epstein/files/DataSet 9/EFTA00971583.mov
https://www.justice.gov/epstein/files/DataSet 9/EFTA00971972.pdf,https://www.justice.gov/epstein/files/DataSet 9/EFTA00971972.mov
https://www.justice.gov/epstein/files/DataSet 9/EFTA00978418.pdf,https://www.justice.gov/epstein/files/DataSet 9/EFTA00978418.mov
https://www.justice.gov/epstein/files/DataSet 9/EFTA00978931.pdf,https://www.justice.gov/epstein/files/DataSet 9/EFTA00978931.mov
https://www.justice.gov/epstein/files/DataSet 9/EFTA00980434.pdf,https://www.justice.gov/epstein/files/DataSet 9/EFTA00980434.mov
https://www.justice.gov/epstein/files/DataSet 9/EFTA00981419.pdf,https://www.justice.gov/epstein/files/DataSet 9/EFTA00981419.mov
https://www.justice.gov/epstein/files/DataSet 9/EFTA00981905.pdf,https://www.justice.gov/epstein/files/DataSet 9/EFTA00981905.mov
https://www.justice.gov/epstein/files/DataSet 9/EFTA00983950.pdf,https://www.justice.gov/epstein/files/DataSet 9/EFTA00983950.mov
https://www.justice.gov/epstein/files/DataSet 9/EFTA00984587.pdf,https://www.justice.gov/epstein/files/DataSet 9/EFTA00984587.mov
https://www.justice.gov/epstein/files/DataSet 9/EFTA00984698.pdf,https://www.justice.gov/epstein/files/DataSet 9/EFTA00984698.mov
https://www.justice.gov/epstein/files/DataSet 9/EFTA00986005.pdf,https://www.justice.gov/epstein/files/DataSet 9/EFTA00986005.mov
https://www.justice.gov/epstein/files/DataSet 9/EFTA00989260.pdf,https://www.justice.gov/epstein/files/DataSet 9/EFTA00989260.mov
https://www.justice.gov/epstein/files/DataSet 9/EFTA00995524.pdf,https://www.justice.gov/epstein/files/DataSet 9/EFTA00995524.mov
https://www.justice.gov/epstein/files/DataSet 9/EFTA00995941.pdf,https://www.justice.gov/epstein/files/DataSet 9/EFTA00995941.mov
https://www.justice.gov/epstein/files/DataSet 9/EFTA00996659.pdf,https://www.justice.gov/epstein/files/DataSet 9/EFTA00996659.mov
https://www.justice.gov/epstein/files/DataSet 9/EFTA01002270.pdf,https://www.justice.gov/epstein/files/DataSet 9/EFTA01002270.mov
https://www.justice.gov/epstein/files/DataSet 9/EFTA01002343.pdf,https://www.justice.gov/epstein/files/DataSet 9/EFTA01002343.mov
https://www.justice.gov/epstein/files/DataSet 9/EFTA01003391.pdf,https://www.justice.gov/epstein/files/DataSet 9/EFTA01003391.mov
https://www.justice.gov/epstein/files/DataSet 9/EFTA01004277.pdf,https://www.justice.gov/epstein/files/DataSet 9/EFTA01004277.mov
https://www.justice.gov/epstein/files/DataSet 9/EFTA01004335.pdf,https://www.justice.gov/epstein/files/DataSet 9/EFTA01004335.mov
https://www.justice.gov/epstein/files/DataSet 9/EFTA01005111.pdf,https://www.justice.gov/epstein/files/DataSet 9/EFTA01005111.mov
https://www.justice.gov/epstein/files/DataSet 9/EFTA01007916.pdf,https://www.justice.gov/epstein/files/DataSet 9/EFTA01007916.mov
https://www.justice.gov/epstein/files/DataSet 9/EFTA01008056.pdf,https://www.justice.gov/epstein/files/DataSet 9/EFTA01008056.mov
https://www.justice.gov/epstein/files/DataSet 9/EFTA01010003.pdf,https://www.justice.gov/epstein/files/DataSet 9/EFTA01010003.mov
https://www.justice.gov/epstein/files/DataSet 9/EFTA01013492.pdf,https://www.justice.gov/epstein/files/DataSet 9/EFTA01013492.mov
https://www.justice.gov/epstein/files/DataSet 9/EFTA01014583.pdf,https://www.justice.gov/epstein/files/DataSet 9/EFTA01014583.mov
https://www.justice.gov/epstein/files/DataSet 9/EFTA01014874.pdf,https://www.justice.gov/epstein/files/DataSet 9/EFTA01014874.mov
https://www.justice.gov/epstein/files/DataSet 9/EFTA01015934.pdf,https://www.justice.gov/epstein/files/DataSet 9/EFTA01015934.mov
https://www.justice.gov/epstein/files/DataSet 9/EFTA01017909.pdf,https://www.justice.gov/epstein/files/DataSet 9/EFTA01017909.mov
https://www.justice.gov/epstein/files/DataSet 9/EFTA01018593.pdf,https://www.justice.gov/epstein/files/DataSet 9/EFTA01018593.mov
https://www.justice.gov/epstein/files/DataSet 9/EFTA01018930.pdf,https://www.justice.gov/epstein/files/DataSet 9/EFTA01018930.mov
https://www.justice.gov/epstein/files/DataSet 9/EFTA01019039.pdf,https://www.justice.gov/epstein/files/DataSet 9/EFTA01019039.mov
https://www.justice.gov/epstein/files/DataSet 9/EFTA01019249.pdf,https://www.justice.gov/epstein/files/DataSet 9/EFTA01019249.mov
https://www.justice.gov/epstein/files/DataSet 9/EFTA01019384.pdf,https://www.justice.gov/epstein/files/DataSet 9/EFTA01019384.mov
https://www.justice.gov/epstein/files/DataSet 9/EFTA01019813.pdf,https://www.justice.gov/epstein/files/DataSet 9/EFTA01019813.mov
https://www.justice.gov/epstein/files/DataSet 9/EFTA01020197.pdf,https://www.justice.gov/epstein/files/DataSet 9/EFTA01020197.mov
https://www.justice.gov/epstein/files/DataSet 9/EFTA01020224.pdf,https://www.justice.gov/epstein/files/DataSet 9/EFTA01020224.mov
https://www.justice.gov/epstein/files/DataSet 9/EFTA01022226.pdf,https://www.justice.gov/epstein/files/DataSet 9/EFTA01022226.mov
https://www.justice.gov/epstein/files/DataSet 9/EFTA01023404.pdf,https://www.justice.gov/epstein/files/DataSet 9/EFTA01023404.mov
https://www.justice.gov/epstein/files/DataSet 9/EFTA01025568.pdf,https://www.justice.gov/epstein/files/DataSet 9/EFTA01025568.mov
https://www.justice.gov/epstein/files/DataSet 9/EFTA01029427.pdf,https://www.justice.gov/epstein/files/DataSet 9/EFTA01029427.mov
https://www.justice.gov/epstein/files/DataSet 9/EFTA01030067.pdf,https://www.justice.gov/epstein/files/DataSet 9/EFTA01030067.mov
https://www.justice.gov/epstein/files/DataSet 9/EFTA01030200.pdf,https://www.justice.gov/epstein/files/DataSet 9/EFTA01030200.mov
https://www.justice.gov/epstein/files/DataSet 9/EFTA01030206.pdf,https://www.justice.gov/epstein/files/DataSet 9/EFTA01030206.mov
https://www.justice.gov/epstein/files/DataSet 9/EFTA01032468.pdf,https://www.justice.gov/epstein/files/DataSet 9/EFTA01032468.mov
https://www.justice.gov/epstein/files/DataSet 9/EFTA01032840.pdf,https://www.justice.gov/epstein/files/DataSet 9/EFTA01032840.mov
https://www.justice.gov/epstein/files/DataSet 9/EFTA01035411.pdf,https://www.justice.gov/epstein/files/DataSet 9/EFTA01035411.mov
https://www.justice.gov/epstein/files/DataSet 9/EFTA01035911.pdf,https://www.justice.gov/epstein/files/DataSet 9/EFTA01035911.mov
https://www.justice.gov/epstein/files/DataSet 9/EFTA01036841.pdf,https://www.justice.gov/epstein/files/DataSet 9/EFTA01036841.mov
https://www.justice.gov/epstein/files/DataSet 9/EFTA01037393.pdf,https://www.justice.gov/epstein/files/DataSet 9/EFTA01037393.mov
https://www.justice.gov/epstein/files/DataSet 9/EFTA01039496.pdf,https://www.justice.gov/epstein/files/DataSet 9/EFTA01039496.mov
https://www.justice.gov/epstein/files/DataSet 9/EFTA01040607.pdf,https://www.justice.gov/epstein/files/DataSet 9/EFTA01040607.mov
https://www.justice.gov/epstein/files/DataSet 9/EFTA01041642.pdf,https://www.justice.gov/epstein/files/DataSet 9/EFTA01041642.mov
https://www.justice.gov/epstein/files/DataSet 9/EFTA01042302.pdf,https://www.justice.gov/epstein/files/DataSet 9/EFTA01042302.mov
https://www.justice.gov/epstein/files/DataSet 9/EFTA01047715.pdf,https://www.justice.gov/epstein/files/DataSet 9/EFTA01047715.mov
https://www.justice.gov/epstein/files/DataSet 9/EFTA01049252.pdf,https://www.justice.gov/epstein/files/DataSet 9/EFTA01049252.mov
https://www.justice.gov/epstein/files/DataSet 9/EFTA01053877.pdf,https://www.justice.gov/epstein/files/DataSet 9/EFTA01053877.mov
https://www.justice.gov/epstein/files/DataSet 9/EFTA01056477.pdf,https://www.justice.gov/epstein/files/DataSet 9/EFTA01056477.mov
https://www.justice.gov/epstein/files/DataSet 9/EFTA01059805.pdf,https://www.justice.gov/epstein/files/DataSet 9/EFTA01059805.mov
https://www.justice.gov/epstein/files/DataSet 9/EFTA01059920.pdf,https://www.justice.gov/epstein/files/DataSet 9/EFTA01059920.mov
https://www.justice.gov/epstein/files/DataSet 9/EFTA01061694.pdf,https://www.justice.gov/epstein/files/DataSet 9/EFTA01061694.mov
https://www.justice.gov/epstein/files/DataSet 9/EFTA01062532.pdf,https://www.justice.gov/epstein/files/DataSet 9/EFTA01062532.mov
https://www.justice.gov/epstein/files/DataSet 9/EFTA01063241.pdf,https://www.justice.gov/epstein/files/DataSet 9/EFTA01063241.mov
https://www.justice.gov/epstein/files/DataSet 9/EFTA01063888.pdf,https://www.justice.gov/epstein/files/DataSet 9/EFTA01063888.mov
https://www.justice.gov/epstein/files/DataSet 9/EFTA01064088.pdf,https://www.justice.gov/epstein/files/DataSet 9/EFTA01064088.mov
https://www.justice.gov/epstein/files/DataSet 9/EFTA01064260.pdf,https://www.justice.gov/epstein/files/DataSet 9/EFTA01064260.mov
https://www.justice.gov/epstein/files/DataSet 9/EFTA01064448.pdf,https://www.justice.gov/epstein/files/DataSet 9/EFTA01064448.mov
https://www.justice.gov/epstein/files/DataSet 9/EFTA01064538.pdf,https://www.justice.gov/epstein/files/DataSet 9/EFTA01064538.mov
https://www.justice.gov/epstein/files/DataSet 9/EFTA01071405.pdf,https://www.justice.gov/epstein/files/DataSet 9/EFTA01071405.mov
https://www.justice.gov/epstein/files/DataSet 9/EFTA01071780.pdf,https://www.justice.gov/epstein/files/DataSet 9/EFTA01071780.mov
https://www.justice.gov/epstein/files/DataSet 9/EFTA01074554.pdf,https://www.justice.gov/epstein/files/DataSet 9/EFTA01074554.mov
https://www.justice.gov/epstein/files/DataSet 9/EFTA01074669.pdf,https://www.justice.gov/epstein/files/DataSet 9/EFTA01074669.mov
https://www.justice.gov/epstein/files/DataSet 9/EFTA01074926.pdf,https://www.justice.gov/epstein/files/DataSet 9/EFTA01074926.mov
https://www.justice.gov/epstein/files/DataSet 9/EFTA01075547.pdf,https://www.justice.gov/epstein/files/DataSet 9/EFTA01075547.mov
https://www.justice.gov/epstein/files/DataSet 9/EFTA01075861.pdf,https://www.justice.gov/epstein/files/DataSet 9/EFTA01075861.mov
https://www.justice.gov/epstein/files/DataSet 9/EFTA01080969.pdf,https://www.justice.gov/epstein/files/DataSet 9/EFTA01080969.mov
https://www.justice.gov/epstein/files/DataSet 9/EFTA01088757.pdf,https://www.justice.gov/epstein/files/DataSet 9/EFTA01088757.mov
https://www.justice.gov/epstein/files/DataSet 9/EFTA01089420.pdf,https://www.justice.gov/epstein/files/DataSet 9/EFTA01089420.mov
https://www.justice.gov/epstein/files/DataSet 9/EFTA01093082.pdf,https://www.justice.gov/epstein/files/DataSet 9/EFTA01093082.mov
https://www.justice.gov/epstein/files/DataSet 9/EFTA01098726.pdf,https://www.justice.gov/epstein/files/DataSet 9/EFTA01098726.mov
https://www.justice.gov/epstein/files/DataSet 9/EFTA01100373.pdf,https://www.justice.gov/epstein/files/DataSet 9/EFTA01100373.mov
https://www.justice.gov/epstein/files/DataSet 9/EFTA01100389.pdf,https://www.justice.gov/epstein/files/DataSet 9/EFTA01100389.mov
https://www.justice.gov/epstein/files/DataSet 9/EFTA01102156.pdf,https://www.justice.gov/epstein/files/DataSet 9/EFTA01102156.mov
https://www.justice.gov/epstein/files/DataSet 9/EFTA01103597.pdf,https://www.justice.gov/epstein/files/DataSet 9/EFTA01103597.mov
https://www.justice.gov/epstein/files/DataSet 9/EFTA01104099.pdf,https://www.justice.gov/epstein/files/DataSet 9/EFTA01104099.mov
https://www.justice.gov/epstein/files/DataSet 9/EFTA01104100.pdf,https://www.justice.gov/epstein/files/DataSet 9/EFTA01104100.mov
https://www.justice.gov/epstein/files/DataSet 9/EFTA01104102.pdf,https://www.justice.gov/epstein/files/DataSet 9/EFTA01104102.mov
https://www.justice.gov/epstein/files/DataSet 9/EFTA01105833.pdf,https://www.justice.gov/epstein/files/DataSet 9/EFTA01105833.mov
https://www.justice.gov/epstein/files/DataSet 9/EFTA01106675.pdf,https://www.justice.gov/epstein/files/DataSet 9/EFTA01106675.mov
https://www.justice.gov/epstein/files/DataSet 9/EFTA01107535.pdf,https://www.justice.gov/epstein/files/DataSet 9/EFTA01107535.mov
https://www.justice.gov/epstein/files/DataSet 9/EFTA01108077.pdf,https://www.justice.gov/epstein/files/DataSet 9/EFTA01108077.mov
https://www.justice.gov/epstein/files/DataSet 9/EFTA01108368.pdf,https://www.justice.gov/epstein/files/DataSet 9/EFTA01108368.mov
https://www.justice.gov/epstein/files/DataSet 9/EFTA01111242.pdf,https://www.justice.gov/epstein/files/DataSet 9/EFTA01111242.mov
https://www.justice.gov/epstein/files/DataSet 9/EFTA01111413.pdf,https://www.justice.gov/epstein/files/DataSet 9/EFTA01111413.mov
https://www.justice.gov/epstein/files/DataSet 9/EFTA01111920.pdf,https://www.justice.gov/epstein/files/DataSet 9/EFTA01111920.mov
https://www.justice.gov/epstein/files/DataSet 9/EFTA01112138.pdf,https://www.justice.gov/epstein/files/DataSet 9/EFTA01112138.mov
https://www.justice.gov/epstein/files/DataSet 9/EFTA01112889.pdf,https://www.justice.gov/epstein/files/DataSet 9/EFTA01112889.mov
https://www.justice.gov/epstein/files/DataSet 9/EFTA01113606.pdf,https://www.justice.gov/epstein/files/DataSet 9/EFTA01113606.mov
https://www.justice.gov/epstein/files/DataSet 9/EFTA01121456.pdf,https://www.justice.gov/epstein/files/DataSet 9/EFTA01121456.mov
https://www.justice.gov/epstein/files/DataSet 9/EFTA01122822.pdf,https://www.justice.gov/epstein/files/DataSet 9/EFTA01122822.mov
https://www.justice.gov/epstein/files/DataSet 9/EFTA01122951.pdf,https://www.justice.gov/epstein/files/DataSet 9/EFTA01122951.mov
https://www.justice.gov/epstein/files/DataSet 9/EFTA01125020.pdf,https://www.justice.gov/epstein/files/DataSet 9/EFTA01125020.mov
https://www.justice.gov/epstein/files/DataSet 9/EFTA01125173.pdf,https://www.justice.gov/epstein/files/DataSet 9/EFTA01125173.mov
https://www.justice.gov/epstein/files/DataSet 9/EFTA01125819.pdf,https://www.justice.gov/epstein/files/DataSet 9/EFTA01125819.mov
https://www.justice.gov/epstein/files/DataSet 9/EFTA01127672.pdf,https://www.justice.gov/epstein/files/DataSet 9/EFTA01127672.mov
https://www.justice.gov/epstein/files/DataSet 9/EFTA01132774.pdf,https://www.justice.gov/epstein/files/DataSet 9/EFTA01132774.mov
https://www.justice.gov/epstein/files/DataSet 9/EFTA01133475.pdf,https://www.justice.gov/epstein/files/DataSet 9/EFTA01133475.mov
https://www.justice.gov/epstein/files/DataSet 9/EFTA01134229.pdf,https://www.justice.gov/epstein/files/DataSet 9/EFTA01134229.mov
https://www.justice.gov/epstein/files/DataSet 9/EFTA01134866.pdf,https://www.justice.gov/epstein/files/DataSet 9/EFTA01134866.mov
https://www.justice.gov/epstein/files/DataSet 9/EFTA01135033.pdf,https://www.justice.gov/epstein/files/DataSet 9/EFTA01135033.mov
https://www.justice.gov/epstein/files/DataSet 9/EFTA01135403.pdf,https://www.justice.gov/epstein/files/DataSet 9/EFTA01135403.mov
https://www.justice.gov/epstein/files/DataSet 9/EFTA01135450.pdf,https://www.justice.gov/epstein/files/DataSet 9/EFTA01135450.mov
https://www.justice.gov/epstein/files/DataSet 9/EFTA01135497.pdf,https://www.justice.gov/epstein/files/DataSet 9/EFTA01135497.mov
https://www.justice.gov/epstein/files/DataSet 9/EFTA01137413.pdf,https://www.justice.gov/epstein/files/DataSet 9/EFTA01137413.mov
https://www.justice.gov/epstein/files/DataSet 9/EFTA01137752.pdf,https://www.justice.gov/epstein/files/DataSet 9/EFTA01137752.mov
https://www.justice.gov/epstein/files/DataSet 9/EFTA01139188.pdf,https://www.justice.gov/epstein/files/DataSet 9/EFTA01139188.mov
https://www.justice.gov/epstein/files/DataSet 9/EFTA01139226.pdf,https://www.justice.gov/epstein/files/DataSet 9/EFTA01139226.mov
https://www.justice.gov/epstein/files/DataSet 9/EFTA01139359.pdf,https://www.justice.gov/epstein/files/DataSet 9/EFTA01139359.mov
https://www.justice.gov/epstein/files/DataSet 9/EFTA01141979.pdf,https://www.justice.gov/epstein/files/DataSet 9/EFTA01141979.mov
https://www.justice.gov/epstein/files/DataSet 9/EFTA01144455.pdf,https://www.justice.gov/epstein/files/DataSet 9/EFTA01144455.mov
https://www.justice.gov/epstein/files/DataSet 9/EFTA01144516.pdf,https://www.justice.gov/epstein/files/DataSet 9/EFTA01144516.mov
https://www.justice.gov/epstein/files/DataSet 9/EFTA01153437.pdf,https://www.justice.gov/epstein/files/DataSet 9/EFTA01153437.mov
https://www.justice.gov/epstein/files/DataSet 9/EFTA01153762.pdf,https://www.justice.gov/epstein/files/DataSet 9/EFTA01153762.mov
https://www.justice.gov/epstein/files/DataSet 9/EFTA01154804.pdf,https://www.justice.gov/epstein/files/DataSet 9/EFTA01154804.mov
https://www.justice.gov/epstein/files/DataSet 9/EFTA01155781.pdf,https://www.justice.gov/epstein/files/DataSet 9/EFTA01155781.mov
https://www.justice.gov/epstein/files/DataSet 9/EFTA01157239.pdf,https://www.justice.gov/epstein/files/DataSet 9/EFTA01157239.mov
https://www.justice.gov/epstein/files/DataSet 9/EFTA01157321.pdf,https://www.justice.gov/epstein/files/DataSet 9/EFTA01157321.mov
https://www.justice.gov/epstein/files/DataSet 9/EFTA01157548.pdf,https://www.justice.gov/epstein/files/DataSet 9/EFTA01157548.mov
https://www.justice.gov/epstein/files/DataSet 9/EFTA01158253.pdf,https://www.justice.gov/epstein/files/DataSet 9/EFTA01158253.mov
https://www.justice.gov/epstein/files/DataSet 9/EFTA01159195.pdf,https://www.justice.gov/epstein/files/DataSet 9/EFTA01159195.mov
https://www.justice.gov/epstein/files/DataSet 9/EFTA01159839.pdf,https://www.justice.gov/epstein/files/DataSet 9/EFTA01159839.mov
https://www.justice.gov/epstein/files/DataSet 9/EFTA01165271.pdf,https://www.justice.gov/epstein/files/DataSet 9/EFTA01165271.mov
https://www.justice.gov/epstein/files/DataSet 9/EFTA01166390.pdf,https://www.justice.gov/epstein/files/DataSet 9/EFTA01166390.mov
https://www.justice.gov/epstein/files/DataSet 9/EFTA01168535.pdf,https://www.justice.gov/epstein/files/DataSet 9/EFTA01168535.mov
https://www.justice.gov/epstein/files/DataSet 9/EFTA01169186.pdf,https://www.justice.gov/epstein/files/DataSet 9/EFTA01169186.mov
https://www.justice.gov/epstein/files/DataSet 9/EFTA01172051.pdf,https://www.justice.gov/epstein/files/DataSet 9/EFTA01172051.mov
https://www.justice.gov/epstein/files/DataSet 9/EFTA01172595.pdf,https://www.justice.gov/epstein/files/DataSet 9/EFTA01172595.mov
https://www.justice.gov/epstein/files/DataSet 9/EFTA01172681.pdf,https://www.justice.gov/epstein/files/DataSet 9/EFTA01172681.mov
https://www.justice.gov/epstein/files/DataSet 9/EFTA01175884.pdf,https://www.justice.gov/epstein/files/DataSet 9/EFTA01175884.mov
https://www.justice.gov/epstein/files/DataSet 9/EFTA01178230.pdf,https://www.justice.gov/epstein/files/DataSet 9/EFTA01178230.mov
https://www.justice.gov/epstein/files/DataSet 9/EFTA01178648.pdf,https://www.justice.gov/epstein/files/DataSet 9/EFTA01178648.mov
https://www.justice.gov/epstein/files/DataSet 9/EFTA01181666.pdf,https://www.justice.gov/epstein/files/DataSet 9/EFTA01181666.mov
https://www.justice.gov/epstein/files/DataSet 9/EFTA01182033.pdf,https://www.justice.gov/epstein/files/DataSet 9/EFTA01182033.mov
https://www.justice.gov/epstein/files/DataSet 9/EFTA01182036.pdf,https://www.justice.gov/epstein/files/DataSet 9/EFTA01182036.mov
https://www.justice.gov/epstein/files/DataSet 9/EFTA01183820.pdf,https://www.justice.gov/epstein/files/DataSet 9/EFTA01183820.mov
https://www.justice.gov/epstein/files/DataSet 9/EFTA01184587.pdf,https://www.justice.gov/epstein/files/DataSet 9/EFTA01184587.mov
https://www.justice.gov/epstein/files/DataSet 9/EFTA01185771.pdf,https://www.justice.gov/epstein/files/DataSet 9/EFTA01185771.mov
https://www.justice.gov/epstein/files/DataSet 9/EFTA01186328.pdf,https://www.justice.gov/epstein/files/DataSet 9/EFTA01186328.mov
https://www.justice.gov/epstein/files/DataSet 9/EFTA01188001.pdf,https://www.justice.gov/epstein/files/DataSet 9/EFTA01188001.mov
https://www.justice.gov/epstein/files/DataSet 9/EFTA01188119.pdf,https://www.justice.gov/epstein/files/DataSet 9/EFTA01188119.mov
https://www.justice.gov/epstein/files/DataSet 9/EFTA01189718.pdf,https://www.justice.gov/epstein/files/DataSet 9/EFTA01189718.mov
https://www.justice.gov/epstein/files/DataSet 9/EFTA01194446.pdf,https://www.justice.gov/epstein/files/DataSet 9/EFTA01194446.mov
https://www.justice.gov/epstein/files/DataSet 9/EFTA01194679.pdf,https://www.justice.gov/epstein/files/DataSet 9/EFTA01194679.mov
https://www.justice.gov/epstein/files/DataSet 9/EFTA01195361.pdf,https://www.justice.gov/epstein/files/DataSet 9/EFTA01195361.mov
https://www.justice.gov/epstein/files/DataSet 9/EFTA01195999.pdf,https://www.justice.gov/epstein/files/DataSet 9/EFTA01195999.mov
https://www.justice.gov/epstein/files/DataSet 9/EFTA01196120.pdf,https://www.justice.gov/epstein/files/DataSet 9/EFTA01196120.mov
https://www.justice.gov/epstein/files/DataSet 9/EFTA01196178.pdf,https://www.justice.gov/epstein/files/DataSet 9/EFTA01196178.mov
https://www.justice.gov/epstein/files/DataSet 9/EFTA01196870.pdf,https://www.justice.gov/epstein/files/DataSet 9/EFTA01196870.mov
https://www.justice.gov/epstein/files/DataSet 9/EFTA01198171.pdf,https://www.justice.gov/epstein/files/DataSet 9/EFTA01198171.mov
https://www.justice.gov/epstein/files/DataSet 9/EFTA01202525.pdf,https://www.justice.gov/epstein/files/DataSet 9/EFTA01202525.mov
https://www.justice.gov/epstein/files/DataSet 9/EFTA01202609.pdf,https://www.justice.gov/epstein/files/DataSet 9/EFTA01202609.mov
https://www.justice.gov/epstein/files/DataSet 9/EFTA01206844.pdf,https://www.justice.gov/epstein/files/DataSet 9/EFTA01206844.mov
https://www.justice.gov/epstein/files/DataSet 9/EFTA01207219.pdf,https://www.justice.gov/epstein/files/DataSet 9/EFTA01207219.mov
https://www.justice.gov/epstein/files/DataSet 9/EFTA01207688.pdf,https://www.justice.gov/epstein/files/DataSet 9/EFTA01207688.mov
https://www.justice.gov/epstein/files/DataSet 9/EFTA01207818.pdf,https://www.justice.gov/epstein/files/DataSet 9/EFTA01207818.mov
https://www.justice.gov/epstein/files/DataSet 9/EFTA01209464.pdf,https://www.justice.gov/epstein/files/DataSet 9/EFTA01209464.mov
https://www.justice.gov/epstein/files/DataSet 9/EFTA01211435.pdf,https://www.justice.gov/epstein/files/DataSet 9/EFTA01211435.mov
https://www.justice.gov/epstein/files/DataSet 9/EFTA01212224.pdf,https://www.justice.gov/epstein/files/DataSet 9/EFTA01212224.mov
https://www.justice.gov/epstein/files/DataSet 9/EFTA01213878.pdf,https://www.justice.gov/epstein/files/DataSet 9/EFTA01213878.mov
https://www.justice.gov/epstein/files/DataSet 9/EFTA01214048.pdf,https://www.justice.gov/epstein/files/DataSet 9/EFTA01214048.mov
https://www.justice.gov/epstein/files/DataSet 9/EFTA01214680.pdf,https://www.justice.gov/epstein/files/DataSet 9/EFTA01214680.mov
https://www.justice.gov/epstein/files/DataSet 9/EFTA01214945.pdf,https://www.justice.gov/epstein/files/DataSet 9/EFTA01214945.mov
https://www.justice.gov/epstein/files/DataSet 9/EFTA01216203.pdf,https://www.justice.gov/epstein/files/DataSet 9/EFTA01216203.mov
https://www.justice.gov/epstein/files/DataSet 9/EFTA01219712.pdf,https://www.justice.gov/epstein/files/DataSet 9/EFTA01219712.mov
https://www.justice.gov/epstein/files/DataSet 9/EFTA01220931.pdf,https://www.justice.gov/epstein/files/DataSet 9/EFTA01220931.mov
https://www.justice.gov/epstein/files/DataSet 9/EFTA01222836.pdf,https://www.justice.gov/epstein/files/DataSet 9/EFTA01222836.mov
https://www.justice.gov/epstein/files/DataSet 9/EFTA01227161.pdf,https://www.justice.gov/epstein/files/DataSet 9/EFTA01227161.mov
https://www.justice.gov/epstein/files/DataSet 9/EFTA01227856.pdf,https://www.justice.gov/epstein/files/DataSet 9/EFTA01227856.mov
https://www.justice.gov/epstein/files/DataSet 9/EFTA01228420.pdf,https://www.justice.gov/epstein/files/DataSet 9/EFTA01228420.mov
https://www.justice.gov/epstein/files/DataSet 9/EFTA01229755.pdf,https://www.justice.gov/epstein/files/DataSet 9/EFTA01229755.mov
https://www.justice.gov/epstein/files/DataSet 9/EFTA01229809.pdf,https://www.justice.gov/epstein/files/DataSet 9/EFTA01229809.mov
https://www.justice.gov/epstein/files/DataSet 9/EFTA01230268.pdf,https://www.justice.gov/epstein/files/DataSet 9/EFTA01230268.mov
https://www.justice.gov/epstein/files/DataSet 9/EFTA01232368.pdf,https://www.justice.gov/epstein/files/DataSet 9/EFTA01232368.mov
https://www.justice.gov/epstein/files/DataSet 9/EFTA01232608.pdf,https://www.justice.gov/epstein/files/DataSet 9/EFTA01232608.mov
https://www.justice.gov/epstein/files/DataSet 9/EFTA01233267.pdf,https://www.justice.gov/epstein/files/DataSet 9/EFTA01233267.mov
https://www.justice.gov/epstein/files/DataSet 9/EFTA01237723.pdf,https://www.justice.gov/epstein/files/DataSet 9/EFTA01237723.mov
https://www.justice.gov/epstein/files/DataSet 9/EFTA01237735.pdf,https://www.justice.gov/epstein/files/DataSet 9/EFTA01237735.mov
https://www.justice.gov/epstein/files/DataSet 9/EFTA01237774.pdf,https://www.justice.gov/epstein/files/DataSet 9/EFTA01237774.mov
https://www.justice.gov/epstein/files/DataSet 9/EFTA01242167.pdf,https://www.justice.gov/epstein/files/DataSet 9/EFTA01242167.mov
https://www.justice.gov/epstein/files/DataSet 9/EFTA01245461.pdf,https://www.justice.gov/epstein/files/DataSet 9/EFTA01245461.mov
https://www.justice.gov/epstein/files/DataSet 9/EFTA01245923.pdf,https://www.justice.gov/epstein/files/DataSet 9/EFTA01245923.mov
https://www.justice.gov/epstein/files/DataSet 9/EFTA01246053.pdf,https://www.justice.gov/epstein/files/DataSet 9/EFTA01246053.mov
https://www.justice.gov/epstein/files/DataSet 9/EFTA01246426.pdf,https://www.justice.gov/epstein/files/DataSet 9/EFTA01246426.mov
https://www.justice.gov/epstein/files/DataSet 9/EFTA01246443.pdf,https://www.justice.gov/epstein/files/DataSet 9/EFTA01246443.mov
https://www.justice.gov/epstein/files/DataSet 9/EFTA01247273.pdf,https://www.justice.gov/epstein/files/DataSet 9/EFTA01247273.mov
https://www.justice.gov/epstein/files/DataSet 9/EFTA01248796.pdf,https://www.justice.gov/epstein/files/DataSet 9/EFTA01248796.mov
https://www.justice.gov/epstein/files/DataSet 9/EFTA01249021.pdf,https://www.justice.gov/epstein/files/DataSet 9/EFTA01249021.mov
https://www.justice.gov/epstein/files/DataSet 9/EFTA01249130.pdf,https://www.justice.gov/epstein/files/DataSet 9/EFTA01249130.mov
https://www.justice.gov/epstein/files/DataSet 9/EFTA01249570.pdf,https://www.justice.gov/epstein/files/DataSet 9/EFTA01249570.mov
https://www.justice.gov/epstein/files/DataSet 9/EFTA01249768.pdf,https://www.justice.gov/epstein/files/DataSet 9/EFTA01249768.mov
https://www.justice.gov/epstein/files/DataSet 9/EFTA01250509.pdf,https://www.justice.gov/epstein/files/DataSet 9/EFTA01250509.mov
https://www.justice.gov/epstein/files/DataSet 9/EFTA01250602.pdf,https://www.justice.gov/epstein/files/DataSet 9/EFTA01250602.mov
https://www.justice.gov/epstein/files/DataSet 9/EFTA01253514.pdf,https://www.justice.gov/epstein/files/DataSet 9/EFTA01253514.mov
https://www.justice.gov/epstein/files/DataSet 9/EFTA01257305.pdf,https://www.justice.gov/epstein/files/DataSet 9/EFTA01257305.mov
https://www.justice.gov/epstein/files/DataSet 9/EFTA01257805.pdf,https://www.justice.gov/epstein/files/DataSet 9/EFTA01257805.mov
https://www.justice.gov/epstein/files/Freedom of Information Act (FOIA)/Customs and Border Protection (CBP)/EFTA02849278.pdf,https://www.justice.gov/epstein/files/Freedom of Information Act (FOIA)/Customs and Border Protection (CBP)/EFTA02849278.mov
